id,track_id,title,artist,genre,source,filename,path,tempo,rms,zcr,spectral_centroid,spectral_rolloff,mfcc_1,mfcc_2,mfcc_3,mfcc_4,mfcc_5,mfcc_6,mfcc_7,mfcc_8,mfcc_9,mfcc_10,mfcc_11,mfcc_12,mfcc_13
demo_000,D0000,Crystal Voyage,Aster Club,Pop,demo,,,110.26636783405084,0.1892187696020624,0.063493408790052,2678.397078339891,4678.531858275911,-152.56226336196454,-148.06987284992397,-118.49639043354834,-101.7254822688703,-109.6082815092307,-89.16743605489854,-62.47727677466172,-50.77994073874866,-33.13440926003431,-24.57435142058864,4.5351837989026285,18.972335483431586,28.528245580489727
demo_001,D0001,Electric Lights,Glass Harbor,Rock,demo,,,137.54381480317946,0.2682243073180222,0.0936326305081415,2631.5593159897426,5045.473077252767,-151.47889890836208,-140.44743635523153,-110.21966929060775,-106.23623585655042,-93.42662257730484,-77.81706840390584,-55.74152651557321,-42.07644748508737,-26.69813910723209,-11.553431975936938,17.13318080696369,11.748679868923077,25.9020581674277
demo_002,D0002,Electric Garden,Mira Chen,Electronic,demo,,,121.76664611136484,0.2040280537939164,0.0816982929852798,3538.684740920943,5727.692620251905,-139.7952576974024,-124.30396663037246,-111.15476585355844,-106.07407765830956,-84.14270941546624,-70.31651352687417,-54.750491226167895,-34.77856977641448,-25.211235609802543,-6.818691495424841,3.040632555911132,19.562955189519872,37.05030580670832
demo_003,D0003,Northern Voyage,Nova Lane,Folk,demo,,,106.47444669648388,0.1335606434017641,0.0632858242488132,1788.914311952501,3968.1720671629873,-132.25377316326816,-138.96295817292645,-113.6790802398862,-95.19797547915996,-77.31022134912577,-61.81018736165716,-46.6532221184006,-41.2898005779875,-27.698814341316535,-2.636192949942769,3.469565400947081,9.294509413296623,24.933702287972157
demo_004,D0004,Echo Orbit,Mira Chen,Hip-Hop,demo,,,91.2825361018424,0.1678166391510492,0.0526346503309229,1906.0981007878556,4071.183864131363,-129.9952768482613,-123.2247723177619,-102.8457980995407,-97.5454075285332,-80.90443077252057,-66.80390315198663,-59.06671716471232,-31.354220153715342,-24.75521872162179,-6.6500470501785,11.34597327124727,25.322249408239557,41.32308087178229
demo_005,D0005,Velvet Voyage,Aster Club,Classical,demo,,,76.65265039872885,0.0638485536402886,0.0408655540925664,1312.3318956434114,3200.0507708825226,-126.8018061862125,-123.24383244288047,-105.02530043231512,-77.60617361771148,-76.8501117684914,-54.099875452263305,-53.46894144007901,-33.64350046294104,-25.60017643928465,-6.712264607204499,16.722465099659164,10.18143661446121,41.47538914836686
demo_006,D0006,Blue Fire,Low Gravity,Jazz,demo,,,115.71635852132964,0.1444444325725306,0.0423503244659681,1785.9494388860392,4334.810954403584,-124.82518283581246,-98.43576886943268,-99.4148450197842,-91.93797994097493,-68.56579492034948,-54.49002652822588,-31.626499398076508,-22.069110032683373,-12.145031526803926,10.456423129756494,2.989895565417193,21.131987738002017,32.5873924687558
demo_007,D0007,Velvet Horizon,The Satellites,Metal,demo,,,140.6791162245677,0.238132926382391,0.10916430509112,3436.016536787237,7360.20986283935,-113.29498745684496,-90.52615286646572,-69.68910027194136,-76.18472453379204,-73.91630496025492,-69.55637024585047,-36.85830830124932,-32.00352876248261,-15.322858081437484,-3.396774392478465,13.87367290866892,37.02784184630115,43.25638853956276
demo_008,D0008,Distant Signal,Mono Bloom,Pop,demo,,,122.01464981333872,0.1686254129914804,0.060292730834793,2117.736230676899,4774.212804620512,-153.95780382821692,-131.88808391181553,-128.49436478831322,-118.7295501313362,-101.72093409785896,-84.55180851628603,-46.47224214051869,-54.82109343379509,-26.29208637010924,-24.97341742469621,4.952584102993953,15.829607728846906,26.74689681873528
demo_009,D0009,Blue Skies,The Satellites,Rock,demo,,,147.51299148704967,0.2355120196679349,0.0904017521463681,3229.9755159829724,4923.9703567213,-137.3672699487165,-133.7200670914125,-120.94910660887906,-102.71339088317966,-79.5519860663454,-73.24493998908915,-63.2874178466699,-36.149690319520886,-26.56994849230709,-2.713952064032064,1.465875497775249,5.204247746235998,19.05472640603468
demo_010,D0010,Crystal Dream,Paper Comets,Electronic,demo,,,134.24312288120413,0.1868401820565109,0.085367577911133,3024.1159473332696,5959.100569424357,-152.1578161516466,-125.10338564248764,-118.65684098287672,-100.79097493376057,-87.3075431881961,-68.54940360960853,-45.24014510949026,-41.02532074478604,-21.848489653785137,-28.65137680824818,2.1102527845590564,10.504157837657033,22.249495516610978
demo_011,D0011,Lunar Dream,Mono Bloom,Folk,demo,,,99.4135497460574,0.0934139499540749,0.0479115158324381,1982.0573009334885,4418.51705698194,-131.97793739756315,-121.1950765039686,-100.30081514045806,-97.7360454339992,-87.56754089336562,-69.290870535044,-51.06002566983023,-37.08741313237032,-32.67510457786693,-8.776081746977006,6.825826641111242,39.63979230027137,49.01475689025336
demo_012,D0012,Lunar Voyage,Mono Bloom,Hip-Hop,demo,,,81.45590034057193,0.2007937760802992,0.0740986666112861,2699.4613875454543,4075.651456275858,-140.83267070194887,-125.98317152054236,-123.67831223790924,-93.55132736435928,-86.49931529487651,-67.98551541892859,-56.5148862253407,-36.00410043402046,-35.06182713085305,-18.486361963127926,24.533976896226385,11.450619349807752,27.225715372362885
demo_013,D0013,Midnight Voyage,Glass Harbor,Classical,demo,,,82.47839812820081,0.1000021098272853,0.0313413035974858,1532.2885080350602,3058.1667626821995,-131.96222276753687,-109.78129939150604,-98.52187140426705,-91.0092485698408,-75.07058371612833,-70.99916646695985,-47.905389951797325,-34.13109992007164,-16.14264088298995,-8.442617750552127,13.772308180361112,32.10172654255863,39.24343462134773
demo_014,D0014,Golden Static,Night Circuit,Jazz,demo,,,107.370459327768,0.1474127932983509,0.0569762714615173,2089.666253146642,4832.741548387057,-108.25465352855524,-98.66316078019806,-94.413227579548,-89.85445767755814,-78.89929177586734,-46.72085637528908,-40.39800619882289,-24.908852772867117,-28.956687895793543,6.169507852465446,16.135362705714904,17.366554524684176,36.22780154040041
demo_015,D0015,Golden Signal,Mira Chen,Metal,demo,,,161.7004013522906,0.2945663810496927,0.1357877392649193,3756.1270911342,6788.807271939718,-140.5332675274504,-108.39480211607749,-91.58790062902042,-77.1320480825032,-68.97531665057032,-66.55377425982866,-36.376036130287126,-11.68119828668652,-24.270891239329103,8.410624109585505,12.371798215016849,28.009405233369225,33.576811914368406
demo_016,D0016,Golden Pulse,Aster Club,Pop,demo,,,117.3974214439162,0.1506998201851296,0.0687806418916047,2842.9193926519474,4974.1395386860095,-141.04852379065767,-136.2380547300936,-117.87609458562352,-111.62256762827766,-93.46763347312636,-84.32939058640221,-55.58332852324118,-57.67642898491893,-26.74119726065871,-19.27520846004128,6.869976747738555,18.75695190985008,42.56516926117441
demo_017,D0017,Blue Signal,Aster Club,Rock,demo,,,126.68006917328005,0.2547726580698338,0.0760208672065527,3233.7467524939125,5558.393343461283,-155.59144342862996,-143.1097389315232,-119.73774325698992,-114.73248119504902,-95.36912221917264,-72.50392422759005,-50.75750371114643,-40.129908222204485,-48.3303160687848,-12.56506616775792,0.5762685858606234,18.311122282981543,42.929677453209656
demo_018,D0018,Northern Orbit,The Satellites,Electronic,demo,,,119.30770594068692,0.199443749567742,0.0874276743019743,3369.540149526183,6104.913203891084,-138.22732811325278,-134.81754929217436,-108.98989048027032,-92.20222755208768,-84.13697583890266,-69.37479285841043,-54.3372540857462,-48.65676211791505,-28.180229441922823,-13.470180259618871,5.567150914827961,25.24859397528236,23.531711344172727
demo_019,D0019,Northern Rain,Low Gravity,Folk,demo,,,94.8527733897712,0.1409909151504248,0.0612902541137532,1971.831286625424,3292.5106699262824,-129.3683152765041,-118.64564813946778,-104.2654394648795,-92.06706798940724,-63.37877519723132,-69.14129351092835,-69.02817833653211,-25.665965107862878,-27.661595447654605,-8.636956445255736,15.476405478884216,6.6819236715285975,23.986822287150886
demo_020,D0020,Neon Lights,Mira Chen,Hip-Hop,demo,,,89.60745087276159,0.2070614458167967,0.0799542285042888,1731.8043035259195,3942.5168989278527,-153.48082749306116,-120.31517131687694,-110.27420826910668,-88.5749138262671,-72.38437099022984,-62.644068543530544,-43.41893531699317,-33.416309007079455,-16.75948235518827,-12.38738610295906,6.063108689348332,23.32420877325566,42.56422780333935
demo_021,D0021,Parallel Voyage,June Atlas,Classical,demo,,,74.00679531639713,0.0910495827981392,0.0496430202325432,1897.400156103156,2505.661948387873,-141.85748317954256,-134.66892895878644,-107.4261155212414,-82.00452880217807,-76.27907253106059,-58.41767934446519,-37.286260026313656,-21.378510941858465,-18.55310347780912,6.828687116555178,10.737013267472872,17.300814209380302,33.24479718241012
demo_022,D0022,Electric Dream,Mira Chen,Jazz,demo,,,106.91492464222058,0.1130785545788567,0.0728066689988637,1963.8130752547136,4679.274751168272,-121.85738025392064,-119.57435151326028,-93.70242329229438,-84.7986932055018,-84.64724660678024,-48.82362406745212,-47.340005702469846,-33.02120190698844,-23.55801929031752,-6.484266213500444,15.923123525559337,24.736045272508758,42.62929601825985
demo_023,D0023,Blue Voyage,Mira Chen,Metal,demo,,,131.34314907607836,0.2520653971752598,0.109495896580728,3373.770187471322,7433.009399844692,-116.93298309454023,-107.54910024162676,-90.20979284762964,-63.8918995189896,-49.38415576756998,-51.94495091893777,-37.7184752534634,-16.890078740268915,-18.765288262138775,4.164562980946041,14.79309721636915,31.01126569166043,35.33304955240475
demo_024,D0024,Lunar Static,Aster Club,Pop,demo,,,123.22699385796815,0.1785804201401827,0.0729551090260295,2247.334576851391,4885.029584351748,-146.1520530407416,-147.44672893073303,-121.71833238039234,-112.5066258908026,-96.27491070432076,-77.26739480467694,-58.54663106419685,-50.964067871072125,-24.48918773812513,-26.885505809139232,-2.4492875011018524,33.53138981276666,29.7846379410022
demo_025,D0025,Distant Garden,The Satellites,Rock,demo,,,125.52467790043688,0.2024374135989775,0.0594256539459001,2708.691167937515,6440.778455266383,-156.81229751348616,-129.67531810949257,-111.31770396443272,-102.06774874210215,-92.28998986844552,-71.36827536553044,-62.4693844443713,-37.51562299627881,-44.651248673720985,-17.68485894494917,-15.926495960991982,3.03951335818236,40.91089783851128
demo_026,D0026,Blue Horizon,Mira Chen,Electronic,demo,,,138.0220590268821,0.2152164003326235,0.1018458567047986,3034.940714908032,6725.6695977964055,-141.5209258282908,-134.72657828839593,-111.77935832399756,-113.23766682395556,-88.37858690158109,-70.45418021587409,-57.18880521456839,-35.42355102647936,-24.24283819011158,-6.903391855136024,-3.0069782578460758,24.432523267284385,45.03149558099193
demo_027,D0027,Lunar Signal,Mira Chen,Folk,demo,,,94.56393480272445,0.1361916475277235,0.0528492804946029,1834.121832073516,3831.550505306574,-138.9481134655564,-123.43416941341845,-98.48225582664077,-99.39416381955336,-89.52897676739967,-71.08851366422684,-49.38132839485489,-51.02607257744411,-18.90023277879103,-13.810170540941948,14.182501285868508,0.3459175607962272,27.70747379916665
demo_028,D0028,Golden Memory,Paper Comets,Hip-Hop,demo,,,84.00082418092174,0.2082329904586982,0.0740115415419725,2263.2969352235623,4170.819830705224,-133.37289407504045,-128.81828833554485,-100.8452028728076,-86.94867223691612,-74.9196964987512,-59.297732457989895,-47.12865599353072,-18.96941357815146,-21.69675336842008,-9.206665746676611,1.471779357140977,13.491898635377304,26.0442256991914
demo_029,D0029,Silent Lights,Low Gravity,Classical,demo,,,79.72734399127332,0.1090863584459768,0.0110809364104015,1149.349608331013,2973.675064334584,-122.7985234878403,-110.08469862159242,-103.27718645937614,-93.22332915731768,-69.6125766333616,-58.49621130011116,-57.58501807532038,-32.54384204787524,-15.903713503404951,-11.19755829190203,11.518747142699544,12.361420117937689,48.689488800097365
demo_030,D0030,Blue Memory,Paper Comets,Jazz,demo,,,112.17493747838756,0.1056259485089467,0.0661849248348097,1899.839889287531,4748.012303284733,-133.57706417141486,-105.53482813895474,-81.52162775401605,-93.16291775543442,-76.69970723268155,-54.36641305352056,-29.611070812003035,-38.52899450031923,-13.007711021544464,13.32039080650487,-0.7140731854341382,16.001446345233344,36.61114714831329
demo_031,D0031,Blue Orbit,Paper Comets,Metal,demo,,,152.17480069509077,0.2646505799651776,0.1324141461882527,3335.4303703918667,6613.806299807502,-125.02070029149536,-111.59292226481789,-88.67094711356376,-73.3965881413045,-62.41520508851037,-65.98477853907846,-34.69572448057399,-33.774464413395194,-10.117791107293892,-9.889875483192482,18.570577180344507,22.04720876554102,31.738922797915823
demo_032,D0032,Midnight Signal,Aster Club,Pop,demo,,,107.97950762270337,0.1944890285619119,0.081294088503433,2061.4545388469805,5000.6545946288015,-152.8486924185712,-144.7073274730289,-120.73090965280056,-113.5176187773178,-97.29310657772967,-67.84885888157328,-71.82468842009946,-67.55224264743592,-20.112504039904845,2.644623620856024,-5.742154123594655,-2.744704324961482,25.51612819043245
demo_033,D0033,Distant Horizon,Nova Lane,Rock,demo,,,124.17857476921697,0.2444349028659235,0.1095502260419792,2765.814156885484,4672.456060857002,-133.57852014443287,-133.62431734050352,-122.69860129654803,-106.13602571526016,-85.0779458642515,-88.84537284405775,-58.68487437618158,-48.12371159570248,-15.217399896351637,-16.39338187043966,13.343100888956158,6.170074417743942,34.69807333442234
demo_034,D0034,Velvet River,The Satellites,Electronic,demo,,,147.44342054415665,0.2305047149681234,0.0896524376951441,3106.598738171773,6451.21362289634,-145.14050261181956,-137.4693847583401,-118.23872750931106,-101.40270215748096,-99.64521772812414,-84.17526671456542,-52.6434653157958,-45.93174956935744,-47.51795473456454,-5.97124770713492,4.678958042193919,11.539001407708128,21.465358311534068
demo_035,D0035,Echo Static,The Satellites,Folk,demo,,,94.958252994347,0.0719910996903463,0.0434363386675743,1662.059409880059,3813.524998556903,-134.99931839001476,-115.48619993147844,-115.17058334909828,-99.9832597835517,-85.83282536729584,-61.17358623056808,-41.01300447762614,-42.1707239451944,-27.39818982234473,-6.987382209041607,3.0339079998967886,27.11642922511912,15.985781675047626
demo_036,D0036,Echo Skies,The Satellites,Hip-Hop,demo,,,81.05698168306283,0.1709130513032827,0.0782289884232959,2158.7523806233257,4060.419478891648,-126.0962728667179,-122.7104852095256,-114.74650976216924,-92.70563632970824,-69.6066110284692,-71.55767052891923,-56.78459907137159,-30.78160832580621,-22.772288925846404,-1.5701224743242053,7.390825665637626,27.36330918471653,27.719375087674877
demo_037,D0037,Silent River,The Satellites,Classical,demo,,,84.50329353809164,0.1039529771226277,0.0493332086690191,1659.8221533055623,2403.4550424115387,-130.76943149538667,-106.97584914120556,-120.2459027629754,-99.9731095192266,-81.38309153516214,-48.31056906623737,-43.73930413664563,-25.861462076310183,-27.121287353009844,-12.95628700216421,13.582509733781684,24.46619464748357,42.389910550913015
demo_038,D0038,Silent Memory,Mono Bloom,Jazz,demo,,,126.06651561864918,0.1784012170888857,0.0489497952262904,2272.3050243172925,4475.039356084098,-142.97814844272685,-103.23603681878794,-87.9981992539045,-91.9149841561067,-84.87868325236502,-55.4577214319424,-35.05329418919577,-14.369243820525485,-10.869619423188391,-4.22373357268556,5.354955027321099,26.341610333365235,37.605882368917946
demo_039,D0039,Golden Pulse,Paper Comets,Metal,demo,,,162.1556260885739,0.2803013295150456,0.1174335673227733,3165.6974436798846,6770.706260934501,-116.45963500636758,-96.50267786364978,-87.91703085710978,-73.57988610956532,-60.90474973302232,-49.77366873598315,-53.26888903771346,-24.831031380715544,-16.449535670793,-8.738727661120164,28.45453295440659,42.33196272708562,52.873764802364896
demo_040,D0040,Electric Fire,The Satellites,Pop,demo,,,121.52138193939912,0.135332312215798,0.0735277843500584,2708.88236033398,5155.466207725418,-154.51691257260467,-150.17121693467573,-124.90957689453278,-109.88783651085448,-79.61951066684288,-71.59629337189273,-63.40843648726827,-46.25970152159134,-32.64630097516642,-19.373311878364383,-11.159417579106297,11.541584979144568,22.031213946779893
demo_041,D0041,Velvet Skies,June Atlas,Rock,demo,,,134.27596333472908,0.2274010564647347,0.0874632069952955,2930.977736918894,5227.1431905444415,-141.7933052569181,-134.68869434478833,-126.7603626237532,-113.66959061886448,-87.24316076199715,-71.9657597250787,-49.70135110715948,-36.20016279726333,-31.057829252249377,-24.953647030886955,-2.552852776087182,16.737849558484196,28.38333403688477
demo_042,D0042,Silent Static,Mono Bloom,Electronic,demo,,,115.84997311597458,0.2105048372052526,0.0759652969932565,2917.470028019842,5959.707337840093,-143.04716488817317,-128.064367817183,-124.6154320087326,-104.5999289909233,-74.4977844806683,-80.5466361018743,-73.43323559176424,-56.644761225940094,-26.767120427386647,-12.002661775738408,1.5591131565990324,26.963518631428013,10.617324535176497
demo_043,D0043,Silent Fire,Mono Bloom,Folk,demo,,,97.59224835388912,0.1527150339973028,0.0553730270532538,1972.4297377730693,3906.013645402076,-128.58011773052397,-110.80090659609984,-113.68751380032118,-81.25951828748424,-81.715388184123,-53.47047178639135,-53.746389197227934,-37.45153739163084,-21.076204218857324,15.930829434940282,11.810284598758312,13.841883760388292,41.75198296220687
demo_044,D0044,Electric Signal,The Satellites,Hip-Hop,demo,,,82.92896345338809,0.2281070669364057,0.0707560284200164,1758.0939741389034,3657.8056806292766,-132.3073349871565,-117.3502728205108,-121.99573546164332,-86.91741865112373,-85.85615535864241,-75.28839308447529,-49.96728995086946,-34.57815197348437,-26.548049316578247,-0.1017451386562049,-3.237401330967256,18.494450009819527,31.321006920535996
demo_045,D0045,Neon Voyage,Paper Comets,Classical,demo,,,74.5026694948359,0.0860567778126196,0.0350993364729432,1460.0310919750384,2965.949077746348,-130.0985543434345,-117.76773854229084,-102.82736090859709,-88.22385965224174,-72.19552128391855,-52.4188031212136,-54.88883920734047,-41.37577274320636,-26.74659086309906,-1.6886666626503448,19.959579029171564,20.54928449408392,17.986401246722764
demo_046,D0046,Crystal Signal,The Satellites,Jazz,demo,,,103.2341973696785,0.1599258325003872,0.0666669850638014,1888.236397933893,4624.584212369952,-116.60528311565274,-116.65813844545094,-104.39854367580436,-79.9189956918363,-82.28513655940895,-53.13246635743998,-41.67957453018987,-29.929539919345338,-2.293791142805901,-6.227659562357744,28.982385364192627,24.446548406175207,29.783868440238173
demo_047,D0047,Lunar Voyage,Low Gravity,Metal,demo,,,150.6814195916115,0.2801504170109018,0.1203798887916779,3752.979959242266,7308.379418969432,-110.73993793583092,-95.00958594749368,-88.76469274299423,-68.5925703033144,-81.04638742379247,-55.0432523890277,-45.93604205058741,-24.546193110980862,-16.5715937535739,0.170737264402141,30.057399041632397,27.14224162863697,45.31033853752171
demo_048,D0048,Lunar Rain,The Satellites,Pop,demo,,,85.16428457306695,0.1369134148148645,0.0804212232112918,2574.1576276893666,4200.15562453983,-152.52303934472667,-135.03362491171518,-133.70691607348454,-109.95301393932496,-86.47768428093129,-71.82225089266278,-61.8071221376396,-41.15884832345638,-29.073866328049448,-8.147549933925427,-0.185126744343111,9.904413475431722,30.68673005546419
demo_049,D0049,Lunar Lights,Nova Lane,Rock,demo,,,140.3192198146869,0.2408652968546313,0.0916064510102291,2822.39269803813,5495.942467914651,-155.6968163350315,-124.03567209108697,-123.87224105258142,-87.05663750077612,-90.01535882541077,-71.73571058494987,-47.06500481201114,-43.95178307045264,-38.01875184552641,-15.87781961355432,-0.2848858895207274,4.082066782387477,27.953343429273414
demo_050,D0050,Blue Memory,Mira Chen,Electronic,demo,,,123.27642216476598,0.2079302460318838,0.0954466673130367,3534.6113727753,6871.5791234781545,-140.06548640248175,-138.24769782935505,-123.83270106097018,-91.91256627677976,-89.29869497763785,-82.58473674077499,-52.94949832493516,-38.0430415517385,-39.24572205805365,-10.414146276291149,8.384664739426988,20.245091613650104,37.05585187009116
demo_051,D0051,Distant River,Night Circuit,Folk,demo,,,98.62642683392151,0.1489062040907451,0.0595461112415007,1578.9485974030156,4520.191060210085,-129.48153702795275,-126.37787345304147,-108.17823869578926,-90.36541702572605,-81.03057640560431,-66.45388649670764,-46.40997494499055,-38.974261168207455,-29.83429549098929,-12.815784526686867,10.071283021869938,19.52394632959965,36.721679814946704
demo_052,D0052,Northern Rain,Aster Club,Hip-Hop,demo,,,92.32453934118016,0.2098841756943913,0.0825463872974761,2558.784942107492,4587.1932707485175,-139.00595795005532,-133.99076274548148,-114.86034967669042,-100.41836128542656,-77.58261345073973,-65.9408040443699,-52.19465574112474,-30.29238427614017,-18.28099711045837,-4.221617034845711,10.778627658629542,26.679077344017905,19.136373265780456
demo_053,D0053,Golden Voyage,Mira Chen,Classical,demo,,,77.1610368078728,0.113564861582299,0.0285324979911832,1563.7531846411662,2566.0451225822912,-134.0028886191752,-112.1187110996341,-106.2233410985945,-88.01114121154679,-66.11090946431386,-64.46217076791538,-39.55457088605999,-26.580789050461583,-25.63833453704657,3.791153025739208,15.588530762972042,24.81540709898126,31.901412335778783
demo_054,D0054,Silent Dream,Glass Harbor,Jazz,demo,,,100.35233702938802,0.1613755930086879,0.0773415114831184,2029.8873932465776,4115.339149557319,-126.6325486755108,-110.37281796340793,-77.93895883952867,-94.76852524416294,-58.22388346807893,-55.05126068810176,-39.21062465587229,-27.803216692894363,-11.442185454438135,-2.479480834896142,24.132401451659668,22.59823084620222,49.05787657743398
demo_055,D0055,Neon Memory,Paper Comets,Metal,demo,,,146.32500153456,0.2450472585050287,0.096476497569735,3619.843669653119,6481.018961263143,-128.91693570454342,-108.33434122841848,-105.74235407777222,-86.80302389375062,-64.18571163112692,-41.94789441806883,-16.526313110163976,-30.192680680567207,-0.5175987468364802,3.450019843213183,13.790018826028993,31.96075561380922,42.49533186943968
demo_056,D0056,Crystal Garden,June Atlas,Pop,demo,,,124.30650841173627,0.1461046507218361,0.0654648065384993,2788.9269176301027,5061.2946699585045,-159.76871119724933,-139.68195498621478,-118.14054197667498,-107.8070884557888,-99.24843949312772,-68.9396563548084,-50.86651597614694,-44.293546757417175,-25.21069190924728,-7.814320025489511,6.540794531236109,17.66279341690099,32.786776376599065
demo_057,D0057,Velvet Voyage,June Atlas,Rock,demo,,,130.342418281363,0.2332461217665725,0.1162560949072122,2824.404039399951,5295.124672623745,-138.1008136825131,-137.17339506949833,-129.21799073021413,-106.92349757656274,-89.18374962207541,-74.36809026927992,-50.93055616994639,-47.89016340002756,-27.183724225576604,-22.90901719547685,3.602538224350504,15.024868401485094,24.00149329372386
demo_058,D0058,Crystal Signal,Night Circuit,Electronic,demo,,,126.13075093743812,0.2372526106191003,0.0906770463763297,3050.096062651052,6538.188788093958,-161.77960766088114,-137.40365881583585,-117.60458739565082,-106.23682140941314,-74.94633925297762,-72.56950220316975,-46.19244600545398,-41.25636292759705,-26.702177308627387,-12.960371581700008,2.530370012971673,31.000360024398876,13.443114185990254
demo_059,D0059,Echo Rain,Mira Chen,Folk,demo,,,88.43406917004258,0.1053710491922293,0.0446698998577171,2538.930263939732,4674.749037531273,-131.75843677477815,-124.02753734982748,-103.29873942010526,-94.31883789254296,-86.49186421426307,-61.91746528799996,-52.11509501937058,-38.489281225964106,-12.216371422483403,-29.10697702832069,-6.341473361276558,10.00343658900504,31.093914819449555
demo_060,D0060,Electric Horizon,Night Circuit,Hip-Hop,demo,,,97.69572123146575,0.2097340330845451,0.0534833500110646,2167.7885968088917,4657.10640908742,-138.2939953414772,-123.6586663224544,-115.69363197750636,-107.51504330580214,-78.9350414912682,-71.7328158659522,-50.17880425329608,-48.05164679234782,-27.09579566648206,-5.560983237577354,10.4296767822715,25.08977566993612,25.4360881267437
demo_061,D0061,Parallel Pulse,Low Gravity,Classical,demo,,,85.78204038527127,0.0974400823347226,0.0321932365551329,1274.7047599516277,2793.695062302535,-125.0962769562032,-117.12790317955536,-89.74576887519157,-79.93991383210752,-76.05323293119802,-53.999025502904445,-30.529652118494504,-16.316123193735784,-27.823999046579974,-11.412264889257203,21.879350293870807,15.533751593298902,27.419670933666566
demo_062,D0062,Blue Static,The Satellites,Jazz,demo,,,113.69884319210789,0.1695639706428789,0.049189236056345,2186.2272480900942,4513.347120651969,-132.03607702927155,-92.9969369817915,-95.11991143051556,-76.6559275647621,-73.91261974495139,-57.73765341748839,-48.20843185096284,-49.963666679353615,-26.024074214782928,-15.734949439843158,-5.49827022361286,16.687128205615178,50.59964543505305
demo_063,D0063,Lunar Voyage,Paper Comets,Metal,demo,,,140.9883771051911,0.3220896552384505,0.1086282819453314,3721.666931238151,6629.234249201968,-124.61317833786954,-102.02367703507068,-88.47049793140134,-83.89642096904066,-74.98214745816796,-61.973026655186175,-38.3079556646283,-22.883921049685483,-18.340206643663315,1.712682730608789,19.564296289107883,33.445525717322404,54.41504096097991
demo_064,D0064,Velvet Dream,Aster Club,Pop,demo,,,118.87672071662004,0.1998944502436058,0.0696341081120406,2437.1147022365885,4650.3354819014585,-158.29719502765573,-154.21157487819946,-125.87251608173078,-121.72506588244488,-86.26160611325783,-66.61565874288601,-69.87528791437352,-45.83423405984583,-38.803132176063805,-22.77787784109432,3.6959576309229702,12.4416939052527,41.91718433544809
demo_065,D0065,Northern Pulse,Nova Lane,Rock,demo,,,142.7425671467074,0.1857346147551147,0.0708307688616165,3056.918050357141,5426.001432690468,-156.6884569187663,-129.70334772334598,-114.79800795537308,-100.25156244075546,-77.70427476865885,-63.40524159010957,-62.99955751879308,-42.015581452526575,-34.9888055140657,-14.813157471083557,-4.797995592950918,27.96056247308841,32.9095852027437
demo_066,D0066,Lunar Dream,Mono Bloom,Electronic,demo,,,126.4813346413971,0.1678899461252881,0.0923712452602847,3346.0023181827573,5992.025887144127,-142.9964295979139,-140.86116882654838,-115.68586968680292,-84.72192471678926,-79.4064030416331,-69.8923476388575,-60.0124312808395,-44.90658281495515,-44.03358311360015,-10.188876632630716,9.263864867854831,4.645045382635079,26.708664861545472
demo_067,D0067,Golden Horizon,Low Gravity,Folk,demo,,,112.7137220696437,0.1109872787982158,0.048270950030947,1894.215573339205,3227.9597315038645,-159.84566807987633,-133.4713490080191,-101.13678452717843,-118.72395424582858,-84.78018729754815,-76.94000622773807,-46.56343758732131,-43.90091161714769,-20.768367834115107,-4.976316646647256,19.68980671784016,17.876464450597037,37.00835495698089
demo_068,D0068,Golden Garden,Mono Bloom,Hip-Hop,demo,,,90.0757589771856,0.1900529309095376,0.0751335567789656,2364.137667641113,4273.512381463131,-133.1698397685685,-113.01026981659992,-104.15652941202168,-104.9611805134298,-78.99047435463727,-57.81376877616408,-64.52391012772726,-43.84812811054171,-13.98765116734784,-4.589236526421708,10.79577265701403,36.625958460986496,39.74842222804962
demo_069,D0069,Distant Skies,Mono Bloom,Classical,demo,,,78.30694023989402,0.0936509330488054,0.0354663216069007,1688.2409746793874,2354.720085620137,-138.25917615643877,-97.52124462327936,-99.38525223689582,-93.8582830512166,-66.67255758176321,-60.87316121249068,-48.02305157054265,-27.50181702468405,-28.33505814585352,-1.1789823686626208,25.303638461854018,27.729421297578487,34.990303169732286
demo_070,D0070,Velvet Horizon,Glass Harbor,Jazz,demo,,,112.62108275162642,0.1868402848063274,0.0747124069189281,1304.5657120164867,4063.5014214197968,-118.10399959670292,-114.2874922011405,-94.48441771443704,-92.76590328160692,-59.37095146520451,-46.28492031862501,-34.823275793999414,-40.86803820634832,-8.367031431471577,1.988840701085671,-0.3421699770605411,26.05562092983348,42.9162759122661
demo_071,D0071,Silent Voyage,Mira Chen,Metal,demo,,,148.35750141614764,0.2943886627499974,0.0980821668526262,3757.457992855691,6460.686546536535,-121.31720822035162,-120.51678858181576,-92.2465355341415,-69.50993782071595,-74.69254287672473,-49.80879249048103,-46.3265878183715,-30.87529618943741,-0.1808509266397191,-2.8404625608946,18.697699912085,13.530255071512103,56.89854049115904
demo_072,D0072,Midnight Pulse,Low Gravity,Pop,demo,,,126.95941254650786,0.2042784751705728,0.0753362662443105,2393.521198863144,4609.954204372969,-156.63255612038748,-143.68324491972388,-129.14521122196467,-103.69263510697272,-91.95274519916622,-73.53601486877568,-63.570357515884574,-44.14440151138256,-36.35078995140031,0.0878547312763871,-15.043443331443989,22.83749858850388,38.94325960576776
demo_073,D0073,Solar Skies,Aster Club,Rock,demo,,,128.04011065923262,0.1661095293913732,0.0800321903636699,3141.4185693648237,5114.210819972854,-146.87575522944385,-123.79050979972882,-118.54948625710864,-112.29154898509832,-83.40458350092017,-67.63079402884166,-54.76272377241772,-39.03600874780014,-32.16742504126246,-22.43191333704464,-6.945547445126239,1.9162940123371364,31.8955888923676
demo_074,D0074,Distant Orbit,Low Gravity,Electronic,demo,,,146.69630183733588,0.2222685640938043,0.1064238207306967,3242.903049904763,6514.073046497262,-142.11526657874526,-141.37548343980205,-103.99035614112616,-101.90222128043742,-83.67967682813172,-52.64376166494653,-44.36847919528477,-44.20252497029647,-31.745761478962876,-14.854360092156254,6.579185987812285,16.40820692599303,28.838046839972225
demo_075,D0075,Golden Signal,Paper Comets,Folk,demo,,,100.53480903030652,0.182399968755636,0.0375143450449653,1798.423823324209,4633.516652634163,-145.79688841214178,-132.3300737806993,-107.3223523598801,-88.59157406027748,-81.67794798399629,-77.79114668066958,-63.882066930314615,-49.917091217489926,-38.140976903515046,-8.6241171244233,14.000351373664202,19.39267370460153,15.91668194129718
demo_076,D0076,Lunar Garden,The Satellites,Hip-Hop,demo,,,82.06410228165504,0.2180699366023312,0.0561989740701716,2435.114025977673,3991.9640007906073,-131.40017326922762,-116.2434954118686,-105.58332450380895,-89.61045169074188,-71.77912375777171,-70.22589055114213,-42.4755313687344,-46.23402413508431,-18.373056217347692,-5.320072293709383,2.569655294463137,21.568517797394826,31.019678778675576
demo_077,D0077,Neon Lights,Glass Harbor,Classical,demo,,,66.85906166388077,0.1052572822771536,0.0314214812572298,1791.1265681771777,2964.4750123493536,-134.53035932464806,-120.99682726572144,-91.3988261690013,-85.35768043506727,-75.69387042035515,-56.01024447144221,-62.85753877863751,-32.34506871712726,-2.0198865775618984,-2.94122794877862,10.543305353354684,28.38502703713757,45.16484194651476
demo_078,D0078,Northern Horizon,Night Circuit,Jazz,demo,,,128.07879847566625,0.1260143061714533,0.0689906751264102,1611.2895994525286,3799.986184473878,-140.47624588570494,-121.39411133475198,-119.4974081570446,-85.6230042982633,-71.50707301811507,-59.64570167825518,-33.868967687762094,-19.161841307866453,-16.36310738684889,-18.327549339814848,17.438252643938068,30.692881828068604,42.47513256125556
demo_079,D0079,Lunar Fire,Mono Bloom,Metal,demo,,,146.71077365297197,0.2456021602849612,0.1074595467025662,3260.561273832523,6931.759301697625,-107.86905082619732,-108.5871985840068,-86.28061915893761,-77.60435689024604,-66.83966524800138,-41.58919740053848,-40.8932705972152,-39.74590486050776,-18.42592073561364,5.909533829613554,18.164072850900062,15.963533998116494,36.20525984473439
demo_080,D0080,Northern Static,Night Circuit,Pop,demo,,,117.8835510870677,0.1436600180017092,0.059851328413714,2457.650129652093,5142.375795490569,-148.52702951207806,-140.91648366471054,-127.63631836696584,-108.1306055036871,-100.5326008596446,-87.92465665733953,-71.02176967140574,-53.32850531177165,-42.30779039833817,-16.453523527497,3.337725390269667,0.0532135936140658,28.201029689728266
demo_081,D0081,Northern Static,Paper Comets,Rock,demo,,,130.43546069914845,0.2217605701466088,0.0995356519759363,2967.659988934694,5537.965347919581,-167.71349896834403,-132.23418736158737,-110.48302395769886,-106.2242070096497,-85.59838003178848,-80.62455264718241,-60.95492959421502,-57.967308146465214,-48.75474646735099,-7.457873590197798,-7.879959421795535,11.355777239972555,18.908461973838456
demo_082,D0082,Golden Signal,Night Circuit,Electronic,demo,,,125.6167924106,0.2219649676528759,0.076863141658078,3288.353637209174,7353.12519881863,-143.09119367257244,-117.62785436054492,-124.0407501523591,-101.18947892962336,-76.93848143584329,-61.13368152529571,-67.87410919475658,-44.24884353324696,-16.135031233061916,-8.185367158407477,4.062104251838182,15.508522452522746,28.92959259433804
demo_083,D0083,Solar Horizon,Glass Harbor,Folk,demo,,,94.52307106555196,0.1336484573536193,0.0547955453279504,1973.5978328825968,4366.341519199886,-154.2158931146086,-122.90789980648016,-117.08152070895125,-91.880779379846,-81.62754021337712,-61.40516180766029,-43.59594738792976,-36.96063105785455,-14.943581692686577,-28.25438315030942,17.723618383328187,22.50049721513872,42.62274684596146
demo_084,D0084,Lunar Voyage,Mono Bloom,Hip-Hop,demo,,,103.45594491879196,0.2234074242295223,0.065372440221722,2188.5239308092264,3826.113851048258,-149.12176252242278,-112.95944742626152,-106.43374472033658,-93.88025488899638,-89.76892187507912,-59.72561065298508,-68.8128628082483,-30.062847910090294,-32.93684668378393,-6.322336699060208,6.546649301376637,31.10630517835107,34.57075864788888
demo_085,D0085,Distant Horizon,June Atlas,Classical,demo,,,81.19611637569339,0.0600486906180821,0.0416214814224169,1567.0053750896764,3002.20965256313,-126.89220639318768,-130.07852566156373,-95.98562827331637,-86.97102726006987,-54.90438560340862,-68.80108442979444,-46.821296728325066,-17.613698392615497,-8.468882877668685,-9.569696412639198,11.791739426987585,24.0159948513207,40.25564693915326
demo_086,D0086,Lunar Orbit,Low Gravity,Jazz,demo,,,105.186697956033,0.1106867937499389,0.0434166116236364,1911.711851574883,3662.904212608437,-137.9204071246783,-103.3417450971883,-94.58379969605758,-89.55812078160781,-72.2448035747045,-68.2553552222547,-50.70328102222324,-33.05249077085712,-5.17263350175879,-6.366027127099805,17.62170927463007,21.94347037710736,41.983580486815
demo_087,D0087,Blue River,Mira Chen,Metal,demo,,,148.52441849975702,0.2654759952867129,0.0876911631553389,3616.657587042693,6551.337583816574,-116.7183038745636,-110.22614531886462,-74.00314759978855,-93.40171676109703,-64.3709345703216,-61.52362418804535,-42.94721072306143,-24.368644213275648,-30.60297099899429,3.39460893430422,30.223259698193345,24.872493613051255,44.07846285444408
demo_088,D0088,Northern Fire,Nova Lane,Pop,demo,,,118.33770909105638,0.1777282267593509,0.0746300098309897,2394.2624714766703,4079.9491436747935,-163.1014708111053,-138.73722631777846,-129.16944285444944,-113.4774090489242,-89.14967075113033,-89.45705929059076,-55.12147771140993,-59.43148930494723,-38.30161126684211,-2.3664304474673816,6.518838093139378,13.53083193996352,20.475758275990263
demo_089,D0089,Northern Lights,June Atlas,Rock,demo,,,127.5742732224288,0.2623213954080738,0.0857058792618392,2689.0738963262456,5117.760515774313,-154.13208593728666,-127.68300756810524,-130.94667438040895,-106.51644409231425,-96.55803143016676,-74.10919656481511,-63.109065448534544,-33.180850680202646,-25.94733476647797,-25.49442532621769,5.369824092909589,8.802785149903496,25.38402902897973
demo_090,D0090,Electric Pulse,Mono Bloom,Electronic,demo,,,117.74021816324236,0.2902392242524098,0.0795833865884272,3168.7245868984337,5543.003290679605,-149.5251099868403,-121.4564675556175,-110.46962965111756,-87.07044836790342,-67.85884636880596,-79.49573625545872,-55.93664698138169,-51.15960253314746,-33.220847421986136,-17.290660082045356,-5.957238993106195,8.83490181681269,30.84572497183796
demo_091,D0091,Solar Rain,Mono Bloom,Folk,demo,,,87.6718829798269,0.1375388076703226,0.0671861825977951,1468.8327529486162,3896.6010583895086,-126.35126593497888,-116.54399455357668,-108.6246730341111,-107.27442039023651,-80.31466497820304,-76.47144836813804,-41.30115789221311,-32.02644214517462,-23.236487692098112,-28.99100530597858,-2.867327829272245,25.00208905279898,43.703069533785246
demo_092,D0092,Echo Signal,Mira Chen,Hip-Hop,demo,,,91.99493212589336,0.210992338164939,0.0815288116911335,1742.2679621874554,3651.2514359606457,-132.80926081353235,-123.15611667877388,-121.3172948432096,-94.85558488058984,-80.61844344204019,-64.93457923638204,-54.00777140340056,-38.794097225931736,-21.317650258775824,-3.210363160242311,5.064585897146662,18.472808573055985,36.73883230603566
demo_093,D0093,Distant Signal,Glass Harbor,Classical,demo,,,89.74476737165301,0.1389704061949771,0.0294866809092645,1391.121808018524,3421.326981991686,-127.80956923741184,-116.05693484102812,-100.63858445446454,-91.69701660137956,-68.68517060608055,-52.53888925607104,-42.12814164838778,-34.08662766723666,-34.86151510091523,2.153889664297025,19.773829329740742,29.15646729587184,30.96286058105995
demo_094,D0094,Blue Memory,Nova Lane,Jazz,demo,,,110.29425702727944,0.1220423545698363,0.0553853986797849,2221.958329371844,3924.136630063376,-124.54071942849474,-120.1886208164102,-94.18306971978636,-79.12070692947867,-69.29629682935199,-54.49332058256044,-44.56964721348584,-16.923768514271526,-22.20553746970141,-5.948566102110231,12.587884108220203,33.28163222160714,28.021014639243703
demo_095,D0095,Solar Fire,Paper Comets,Metal,demo,,,151.41509559092574,0.2747741935993145,0.1231422874168003,3353.597675939864,6701.295044375154,-118.14974381805308,-108.89470326201378,-87.62308547922851,-75.69897546121592,-71.53546956939688,-53.84921402720362,-30.650052818236045,-22.352985037967223,-23.17569646200905,6.744944489371061,6.323115020510095,39.80010455968805,50.1927907187282
demo_096,D0096,Crystal Skies,Glass Harbor,Pop,demo,,,120.40062551178976,0.153411006764132,0.0773956202149381,2044.087240230891,4933.429036525366,-148.0245250678444,-144.24445234820473,-129.42954191992555,-118.80492384579568,-102.51578196900938,-93.37716249153202,-57.66136968787576,-33.77868366333783,-21.597368452237557,-30.758675909012133,3.2988373724496,24.12685079938845,24.34552015409069
demo_097,D0097,Electric Horizon,Nova Lane,Rock,demo,,,137.57194516618367,0.2109772010903315,0.0953884412087243,2888.3038059264823,5197.970301345547,-141.8038985965865,-141.26543889372135,-129.09538065128348,-122.24818434039985,-92.13130827260142,-79.65275147425284,-72.40815529878444,-41.37584994950263,-33.59976305491719,-23.60588766916186,-4.436579245123577,23.570436311436925,34.82349555004178
demo_098,D0098,Echo Voyage,Aster Club,Electronic,demo,,,125.5040811086194,0.1901901167389391,0.0780026191323677,2885.5216713135733,6472.476836369167,-141.51633331234066,-136.49346763715562,-111.42143433779106,-96.33512982774968,-109.33727904557654,-61.727554371919055,-80.88106052282203,-46.67839220444901,-18.79721572593796,-14.788293802019526,-9.229487859756336,8.500103506266635,40.21524597056496
demo_099,D0099,Electric Pulse,Night Circuit,Folk,demo,,,82.3767041213563,0.1205080882287956,0.0333657256429854,1704.4381743024446,3509.085757900557,-134.14057752189728,-139.25328907100837,-114.22873694815468,-103.4054852987542,-71.65192025232504,-78.30079294501137,-40.16616716251989,-38.7663579161355,-33.2954752510407,-14.918193472074222,-1.4129507261476046,9.303052783875952,34.75861487784301
demo_100,D0100,Parallel Memory,Mira Chen,Hip-Hop,demo,,,89.87482917399814,0.1916403060652174,0.0758211264219653,2311.9809774577307,4461.896003541138,-141.9697285762065,-104.74229518727876,-106.04870746264343,-90.28703192803734,-92.21118637073836,-68.98170506909537,-47.77757896046791,-43.44623130330405,-13.735497251856115,-16.371572687208243,5.209070913078595,17.06158688019553,37.31456527505533
demo_101,D0101,Midnight Static,Paper Comets,Classical,demo,,,82.27942480439698,0.0936984296149161,0.0305682807048237,1374.6323399765338,3185.303899069369,-133.44366666769565,-109.62764775584004,-103.88667395051344,-90.4535783026075,-73.162479760895,-46.4273065362332,-56.72284966416963,-25.84114485555716,-33.14536928990484,-2.2618147341710086,22.600662620869848,27.909348195738456,39.36500062831834
demo_102,D0102,Northern Skies,Glass Harbor,Jazz,demo,,,113.90608841105096,0.1562963603823751,0.043142501428676,2341.896346186572,4159.496332599142,-131.13773654824513,-117.70025456547748,-108.3819475007374,-80.62419979128883,-65.63741390426351,-54.39671644610786,-34.77863605817068,-28.04705890335418,-11.863912501073946,1.1806994051005026,11.767679844654335,22.003425374962823,57.71322092633529
demo_103,D0103,Electric Static,Aster Club,Metal,demo,,,142.89012281519155,0.2832482463541518,0.1141624145708543,3103.296677129108,5967.1206889306,-128.88744876172575,-96.989727085169,-87.99459542723076,-89.61633593558331,-51.78253727793821,-47.22962105307046,-39.08156892500037,-12.778249555025765,-10.725617729362876,1.275335399167744,9.717599071824088,33.15480351445663,45.81282373859184
demo_104,D0104,Crystal Signal,Aster Club,Pop,demo,,,123.94033742611302,0.2279111219183852,0.065838728192272,2091.421194649367,4272.435903347098,-150.47877296952186,-160.5651065204135,-122.85671578430993,-113.0746644620306,-83.53402714496072,-82.69774567323101,-58.22412628598483,-51.425310729902336,-32.090014772110855,-11.85530775263959,-6.200445730596641,20.722439075987232,20.050416983148136
demo_105,D0105,Velvet Orbit,June Atlas,Rock,demo,,,118.97695881226484,0.2830589985498912,0.0982743502163092,2948.7187709596355,5267.120382965612,-144.7164594676125,-131.01661652584497,-119.18194672282068,-113.98365639285704,-83.86506165336752,-84.79763822120432,-50.7284033409848,-22.14049261488108,-27.0683908274276,-10.335134914738056,-3.942878151164475,0.5182934313054695,25.17824509575822
demo_106,D0106,Blue River,Glass Harbor,Electronic,demo,,,129.6653750436192,0.2296764682348936,0.0711559010032028,3191.1964931299312,6539.635106905003,-146.3829686595475,-122.53359454208534,-115.75869694956172,-96.50444849580214,-87.56803438276013,-73.98722312585637,-67.75531332481489,-57.57199249893702,-29.09249520853121,-11.79802646405414,-7.789040293670327,16.97420107972294,32.43002050392402
demo_107,D0107,Velvet Memory,Nova Lane,Folk,demo,,,115.89143570413098,0.1364164682678065,0.0344261692540465,1714.4069307231352,4231.905945719026,-133.7834163280728,-126.26228629611148,-114.74381050659434,-101.53475587467604,-78.25744173672274,-65.93916821485689,-47.9647679511824,-37.44500949503078,-17.449888397220466,-8.743259736338398,11.277509729053492,26.46658216293311,27.56378695820149
demo_108,D0108,Echo Signal,Paper Comets,Hip-Hop,demo,,,98.95285826824484,0.2238786420486207,0.0705306040348022,2039.6272439153297,4529.098640966965,-137.23741464906314,-124.84649135455302,-95.29294511749626,-100.62829717107049,-84.38522686203868,-62.05890819961386,-46.37636054356894,-31.279255725274147,-13.710095643448426,-5.161371034547865,11.415071511507271,19.676325925479333,36.50158642589371
demo_109,D0109,Distant Horizon,The Satellites,Classical,demo,,,84.87185350621216,0.1314778712333684,0.0388604162728879,1363.6361822418587,4262.7135961301365,-130.22414227916596,-114.45454736149442,-84.34779754287678,-92.19018222832987,-70.62168784699712,-51.45230346204561,-45.21598468720494,-13.297239046622678,-21.02431433385181,-1.4072862214396236,3.609554040856144,21.187802118853654,39.99147128317326
demo_110,D0110,Solar River,The Satellites,Jazz,demo,,,116.09736357882254,0.1314034768226091,0.0537415362625633,1804.5720835722796,4759.498089920373,-121.84609880446376,-117.00585236782838,-103.05411009798456,-91.29143931625072,-62.507445153145696,-59.16501834314593,-41.48110019474812,-29.25806939550615,-9.148060736472525,-8.023952743072162,3.895421710855876,28.044378457452755,44.807674277599176
demo_111,D0111,Golden Memory,June Atlas,Metal,demo,,,154.56955606474426,0.2950751713356669,0.1105190927581134,4001.4972846847536,6700.805380087302,-114.9326276717812,-101.660052994569,-83.0223086308604,-56.99880601409021,-79.67380883128125,-58.40701264701686,-43.92940067339619,-32.30655697906154,-20.6206659808297,-0.897224512442925,5.267170277684761,31.180338940299304,42.41358657142892
demo_112,D0112,Echo Dream,Night Circuit,Pop,demo,,,118.12664874586154,0.1746212708557217,0.0652393150518398,2309.720852700504,4623.950546763697,-169.89987802099836,-147.76900596612973,-138.42402391222254,-109.11132296678954,-94.97444179242667,-82.49740558319566,-47.412591100795886,-43.85813700738471,-27.191213108429324,-25.198587903536826,-10.4931591306481,13.04444399277564,29.384057117217807
demo_113,D0113,Solar Skies,The Satellites,Rock,demo,,,132.10149926956794,0.2375481607866873,0.0872088449646783,2463.7538791599213,5439.852161792472,-149.27359981111962,-130.16166733959545,-111.35315036039304,-107.354781788218,-93.64924956892288,-71.49875461172554,-55.11324066871317,-48.47360346607108,-23.676852184270626,-7.163317270752216,10.333491725269385,29.22656725375858,23.06867089072449
demo_114,D0114,Velvet Dream,Night Circuit,Electronic,demo,,,125.64810970905104,0.2177451896655653,0.0741699219226805,3070.706963134594,6628.6315585895445,-151.1468452763833,-129.562052154019,-121.85234833359084,-109.54726676675472,-84.12561311698482,-70.04262778554804,-51.865744229432536,-24.263089868659,-24.781683750313224,-8.369345863486963,-6.120490630938603,6.954740475709004,44.662635574186666
demo_115,D0115,Midnight Lights,Low Gravity,Folk,demo,,,91.35794485014206,0.1382998873364233,0.0579601977953289,2181.9924617806,4136.897483784223,-146.4479488706544,-136.64937987492937,-103.45925103280166,-92.5616247044957,-86.9641489651893,-80.15733612901535,-58.9569868515085,-38.93763549479417,-14.674623280929447,-17.792655798957256,4.323840947908213,24.901157279159182,14.949861279024637
demo_116,D0116,Northern Pulse,Mira Chen,Hip-Hop,demo,,,64.42598120318844,0.1780477909322049,0.0926342699026729,2107.9001738126217,3646.818414054532,-154.01832393383984,-127.02823397724794,-105.39435896517377,-93.8098390889583,-74.17911416194583,-57.43506755464236,-44.63238610856257,-36.96419954043572,-35.770696088963845,-10.393849990838538,10.83094518511164,13.02642197959618,41.05019784097261
demo_117,D0117,Solar Rain,Mira Chen,Classical,demo,,,92.48450000669315,0.1231935599887801,0.0708702092436367,1254.999548575387,2881.8177521478174,-120.11802089351782,-115.8931552676506,-93.1604760883382,-85.78433059824508,-70.33152691030264,-57.09592601828387,-40.420093504632,-13.780556411551212,-10.231949312326496,-16.64271454276428,13.573292122231226,33.131846144825744,47.62160645228917
demo_118,D0118,Velvet Memory,Nova Lane,Jazz,demo,,,114.46508637279908,0.159158323341251,0.0565405745024721,2155.295402920416,5160.786085865004,-127.44895238767964,-115.1717772003102,-104.62016599810885,-105.85140404538994,-73.47759578978507,-53.29513552240076,-46.445774764047286,-13.266950531767122,-14.8929934982731,9.078232441473084,14.591363301839747,32.861258479146066,42.233932431468496
demo_119,D0119,Distant Memory,The Satellites,Metal,demo,,,149.6975690403947,0.2677114793460708,0.1160159353687931,4169.533331928387,6958.845985368695,-122.16317553676352,-103.144280857174,-82.93776839304445,-70.37797375244575,-65.90626865824508,-71.5671096236589,-34.86637745081227,-43.25579406898442,-0.2405021524701514,2.8557909695460846,22.997392158975916,21.28311089455159,29.579940213599563
personal_20260619_144357_29a0ac,personal_20260619_144357_29a0ac,冬眠,ヨルシカ,J-Pop,personal,-.mp3,data\raw\personal\audios\-.mp3,90.66611842105264,0.2492108941078186,0.0389670735173181,2451.290884135123,5448.533720128677,-130.29782104492188,140.4273681640625,-7.24393892288208,49.67217254638672,16.64203643798828,17.540302276611328,-1.5462876558303833,9.591853141784668,-2.726752519607544,7.214128017425537,-6.06148624420166,1.7878472805023191,-5.179646968841553
personal_20260619_155414_892d63,personal_20260619_155414_892d63,冬眠,ヨルシカ,J-Pop,personal,-_1.mp3,data\raw\personal\audios\-_1.mp3,90.66611842105264,0.2492108941078186,0.0389670735173181,2451.290884135123,5448.533720128677,-130.29782104492188,140.4273681640625,-7.24393892288208,49.67217254638672,16.64203643798828,17.540302276611328,-1.5462876558303833,9.591853141784668,-2.726752519607544,7.214128017425537,-6.06148624420166,1.7878472805023191,-5.179646968841553
gtzan_00000,blues_00000_wav,blues.00000.wav,GTZAN,blues,gtzan,blues.00000.wav,data\raw\gtzan\genres_original\blues\blues.00000.wav,123.046875,0.1302279233932495,0.0830448206689868,1784.165849538755,3805.8396058403423,-113.57064819335938,121.57179260253906,-19.168142318725582,42.36642074584961,-6.364664077758789,18.623498916625977,-13.704891204833984,15.34315013885498,-12.274109840393066,10.976572036743164,-8.326573371887207,8.803791999816895,-3.672300100326538
gtzan_00001,blues_00001_wav,blues.00001.wav,GTZAN,blues,gtzan,blues.00001.wav,data\raw\gtzan\genres_original\blues\blues.00001.wav,67.99958881578948,0.0959478095173835,0.0560398087055297,1530.1766787460797,3550.5220984084976,-207.501693725586,123.99126434326172,8.955126762390137,35.877647399902344,2.9073197841644287,21.51046562194824,-8.560436248779297,23.37068557739257,-10.099660873413086,11.900497436523438,-5.555638790130615,5.376327037811279,-2.231760263442993
gtzan_00002,blues_00002_wav,blues.00002.wav,GTZAN,blues,gtzan,blues.00002.wav,data\raw\gtzan\genres_original\blues\blues.00002.wav,161.4990234375,0.1755704134702682,0.0762912074632637,1552.8118647610036,3042.26023238109,-90.72259521484376,140.44630432128906,-29.093889236450195,31.68433380126953,-13.984503746032717,25.764741897583008,-13.664875030517578,11.639933586120604,-11.783642768859863,9.71876049041748,-13.133803367614746,5.791199207305908,-8.907628059387207
gtzan_00003,blues_00003_wav,blues.00003.wav,GTZAN,blues,gtzan,blues.00003.wav,data\raw\gtzan\genres_original\blues\blues.00003.wav,63.02400914634146,0.1410930007696151,0.0333088626256767,1070.1066149971282,2184.7457991951856,-199.5442047119141,150.0908966064453,5.662678241729736,26.85907936096192,1.7713992595672607,14.234030723571776,-4.832006454467773,9.286494255065918,-0.7591864466667175,8.137606620788574,-3.200653314590454,6.079319000244141,-2.480173826217652
gtzan_00004,blues_00004_wav,blues.00004.wav,GTZAN,blues,gtzan,blues.00004.wav,data\raw\gtzan\genres_original\blues\blues.00004.wav,135.99917763157896,0.0915287137031555,0.1014605387180974,1835.004265512072,3579.757626703886,-160.33770751953125,126.21963500976562,-35.58781051635742,22.1480712890625,-32.478599548339844,10.852293968200684,-23.35232925415039,0.498433768749237,-11.793437004089355,1.2072558403015137,-13.088418006896973,-2.8138673305511475,-6.933385372161865
gtzan_00005,blues_00005_wav,blues.00005.wav,GTZAN,blues,gtzan,blues.00005.wav,data\raw\gtzan\genres_original\blues\blues.00005.wav,69.83741554054055,0.1034936383366584,0.0940415337393658,1831.993939606849,3481.5175917198376,-177.7742462158203,118.20548248291016,-17.565879821777344,30.76239776611328,-21.747840881347656,11.920994758605955,-20.730995178222656,3.186577796936035,-8.586038589477539,-0.932851493358612,-11.77243423461914,-2.405832529067993,-9.34366512298584
gtzan_00006,blues_00006_wav,blues.00006.wav,GTZAN,blues,gtzan,blues.00006.wav,data\raw\gtzan\genres_original\blues\blues.00006.wav,71.77734375,0.141874149441719,0.0730522374081593,1459.366471695765,2795.610963330191,-190.0523681640625,130.28907775878906,-36.36953353881836,33.02903366088867,11.108782768249512,-0.6055834889411926,-20.87185478210449,0.2730247676372528,-6.486139297485352,-5.516766548156738,-7.839751720428467,-3.1285924911499023,-6.596197128295898
gtzan_00007,blues_00007_wav,blues.00007.wav,GTZAN,blues,gtzan,blues.00007.wav,data\raw\gtzan\genres_original\blues\blues.00007.wav,92.28515625,0.131822183728218,0.0614422461088553,1451.6670658428209,2954.836759987674,-179.34713745117188,136.46900939941406,-26.67313766479492,39.9842414855957,5.304416656494141,10.928611755371094,-20.56482696533203,8.511157035827637,-11.35724925994873,-3.468345880508423,-8.419937133789062,-6.949715614318848,-3.53913950920105
gtzan_00008,blues_00008_wav,blues.00008.wav,GTZAN,blues,gtzan,blues.00008.wav,data\raw\gtzan\genres_original\blues\blues.00008.wav,83.35433467741936,0.1424164921045303,0.0640248876160092,1719.3689480431458,3782.316288428074,-121.36394500732422,122.50666809082033,-14.73819637298584,46.13106536865234,-8.181879043579102,20.18296241760254,-19.173377990722656,23.039138793945312,-11.838223457336426,21.15999794006348,-6.718366146087647,6.9925408363342285,-12.730595588684082
gtzan_00009,blues_00009_wav,blues.00009.wav,GTZAN,blues,gtzan,blues.00009.wav,data\raw\gtzan\genres_original\blues\blues.00009.wav,80.74951171875,0.0813136622309684,0.0791748235692188,1817.150863125721,3943.490565182715,-213.239990234375,115.16560363769533,-11.69343090057373,39.0142707824707,-20.341278076171875,13.07760524749756,-9.173518180847168,9.011446952819824,-14.10063362121582,4.265942096710205,-6.046167850494385,3.782206535339356,0.2217994928359985
gtzan_00010,blues_00010_wav,blues.00010.wav,GTZAN,blues,gtzan,blues.00010.wav,data\raw\gtzan\genres_original\blues\blues.00010.wav,161.4990234375,0.1428650617599487,0.0629588257685614,1409.9552556449528,2765.9008052675463,-173.79249572753906,137.18670654296875,-23.72404861450196,26.97843170166016,-16.657695770263672,4.180882453918457,-12.559929847717283,5.832184314727783,-2.874319076538086,-1.1974186897277832,-1.9548351764678955,1.801500678062439,-2.989647626876831
gtzan_00011,blues_00011_wav,blues.00011.wav,GTZAN,blues,gtzan,blues.00011.wav,data\raw\gtzan\genres_original\blues\blues.00011.wav,161.4990234375,0.0657406896352768,0.0439305847592807,1352.6596654421635,2880.7778626196346,-287.9237365722656,124.0187530517578,5.469891548156738,33.65740966796875,1.0954971313476562,14.705334663391112,-4.877008438110352,8.670524597167969,0.7854049801826477,6.579526901245117,-4.874973773956299,-3.1782238483428955,-5.536157608032227
gtzan_00012,blues_00012_wav,blues.00012.wav,GTZAN,blues,gtzan,blues.00012.wav,data\raw\gtzan\genres_original\blues\blues.00012.wav,184.5703125,0.1190460547804832,0.069095006767208,1360.6411972395076,2738.638737583381,-207.2233123779297,132.83055114746094,-15.42884349822998,60.970924377441406,0.7298721075057983,12.437646865844728,1.1827995777130127,-1.5466233491897583,-17.879436492919922,8.352728843688965,-2.4581615924835205,-0.6033850312232971,0.3859608769416809
gtzan_00013,blues_00013_wav,blues.00013.wav,GTZAN,blues,gtzan,blues.00013.wav,data\raw\gtzan\genres_original\blues\blues.00013.wav,107.666015625,0.113169826567173,0.0514017032820959,1324.2932181481017,2710.269200442285,-209.8261566162109,124.46321868896484,10.342453956604004,47.01090621948242,6.508125305175781,15.410517692565918,-2.0051074028015137,6.706564426422119,-21.557632446289062,10.718406677246094,-5.523688316345215,-2.199805498123169,-3.034864902496338
gtzan_00014,blues_00014_wav,blues.00014.wav,GTZAN,blues,gtzan,blues.00014.wav,data\raw\gtzan\genres_original\blues\blues.00014.wav,151.99908088235293,0.0670545324683189,0.0450366758507347,1171.8482269140322,2344.246381507396,-305.6547241210937,113.08634185791016,12.11442756652832,45.0337028503418,17.76282501220703,14.573328971862791,4.159430027008057,0.2135447859764099,-7.026994705200195,13.64199161529541,8.929174423217773,1.303005933761597,5.96125078201294
gtzan_00015,blues_00015_wav,blues.00015.wav,GTZAN,blues,gtzan,blues.00015.wav,data\raw\gtzan\genres_original\blues\blues.00015.wav,99.38401442307692,0.080624021589756,0.063701254954563,1420.3651651340072,2929.964494815835,-238.5155334472656,120.11017608642578,-4.229358673095703,42.29069519042969,5.928563117980957,13.91726779937744,5.35786771774292,1.895557284355164,-16.936676025390625,12.350621223449709,3.945979833602905,-1.3935848474502563,0.0192852336913347
gtzan_00016,blues_00016_wav,blues.00016.wav,GTZAN,blues,gtzan,blues.00016.wav,data\raw\gtzan\genres_original\blues\blues.00016.wav,198.76802884615384,0.081471748650074,0.0613440611707269,1454.9639409753456,3009.460817412268,-233.75909423828125,120.67514038085938,-3.1748061180114746,39.51847839355469,3.818336725234986,18.837141036987305,-3.6778173446655273,4.433138370513916,-14.965526580810549,17.578216552734375,1.841871857643128,2.549421548843384,-1.2331678867340088
gtzan_00017,blues_00017_wav,blues.00017.wav,GTZAN,blues,gtzan,blues.00017.wav,data\raw\gtzan\genres_original\blues\blues.00017.wav,172.265625,0.093306079506874,0.0483262489124129,1088.8442297527458,2134.9929420134863,-245.69937133789065,140.4910888671875,-2.7897543907165527,60.431434631347656,18.91905212402344,9.829608917236328,3.5591461658477783,0.5153716802597046,-16.38768196105957,6.627509593963623,7.259214401245117,-4.014427661895752,1.6021206378936768
gtzan_00018,blues_00018_wav,blues.00018.wav,GTZAN,blues,gtzan,blues.00018.wav,data\raw\gtzan\genres_original\blues\blues.00018.wav,83.35433467741936,0.0797063708305358,0.0561417699874323,1537.5876985238351,3495.51500643489,-252.49301147460932,104.9371109008789,15.33231258392334,42.666969299316406,6.783058166503906,21.605682373046875,-1.2978408336639404,5.675407409667969,-16.63263511657715,12.173103332519531,-1.9472849369049072,1.950844049453736,-0.890319287776947
gtzan_00019,blues_00019_wav,blues.00019.wav,GTZAN,blues,gtzan,blues.00019.wav,data\raw\gtzan\genres_original\blues\blues.00019.wav,123.046875,0.0976597517728805,0.0588860390081206,1195.4703757774469,2235.264725474913,-236.65675354003903,138.4092559814453,-4.91291093826294,47.629173278808594,5.184200763702393,8.876614570617676,0.5138149261474609,-3.804673194885254,-14.98887062072754,10.417068481445312,-0.333638072013855,0.7759842872619629,1.7773184776306152
gtzan_00020,blues_00020_wav,blues.00020.wav,GTZAN,blues,gtzan,blues.00020.wav,data\raw\gtzan\genres_original\blues\blues.00020.wav,135.99917763157896,0.0754744932055473,0.0525863423240525,1390.3015575567931,3006.1717163935614,-230.357650756836,127.07833099365234,7.123446464538574,39.774898529052734,1.9210494756698608,17.411779403686523,-5.619414806365967,8.24939250946045,-18.11688804626465,13.835063934326172,-3.769932270050049,2.572018384933472,-4.31834602355957
gtzan_00021,blues_00021_wav,blues.00021.wav,GTZAN,blues,gtzan,blues.00021.wav,data\raw\gtzan\genres_original\blues\blues.00021.wav,99.38401442307692,0.1011320799589157,0.0479074523878576,1046.5500105240208,1830.330592463022,-264.7225952148437,138.8684539794922,11.194062232971191,48.5042610168457,14.930756568908691,20.580284118652344,3.2070086002349854,1.2489558458328247,-15.84645652770996,15.978459358215332,3.3691327571868896,-1.5108070373535156,1.905925273895264
gtzan_00022,blues_00022_wav,blues.00022.wav,GTZAN,blues,gtzan,blues.00022.wav,data\raw\gtzan\genres_original\blues\blues.00022.wav,95.703125,0.1134258508682251,0.0585699590342227,1155.781220867788,2169.033055847593,-233.9562530517578,136.1457061767578,3.324411392211914,48.92853164672852,8.71544361114502,13.966021537780762,5.366596698760986,0.3995395302772522,-13.469852447509766,16.877717971801758,5.148091793060303,-2.249821662902832,3.9479072093963614
gtzan_00023,blues_00023_wav,blues.00023.wav,GTZAN,blues,gtzan,blues.00023.wav,data\raw\gtzan\genres_original\blues\blues.00023.wav,184.5703125,0.1020351648330688,0.0524670098607888,1209.9878628924062,2521.741260785238,-227.225341796875,137.78807067871094,-14.499567985534668,63.56092834472656,5.617667675018311,11.958148002624512,1.9079686403274536,-1.889386773109436,-7.604216575622559,-2.473288059234619,-2.891010046005249,-9.433392524719238,-10.929218292236328
gtzan_00024,blues_00024_wav,blues.00024.wav,GTZAN,blues,gtzan,blues.00024.wav,data\raw\gtzan\genres_original\blues\blues.00024.wav,103.359375,0.0869472697377204,0.0472760477088167,1120.0194669331925,2323.820647839327,-274.3658142089844,130.4112548828125,-6.351286888122559,70.40298461914062,13.26972770690918,9.47377586364746,7.735329627990723,-1.2349663972854614,-0.5723901987075806,-2.303354263305664,3.773515939712525,0.0756120756268501,-0.9389718174934388
gtzan_00025,blues_00025_wav,blues.00025.wav,GTZAN,blues,gtzan,blues.00025.wav,data\raw\gtzan\genres_original\blues\blues.00025.wav,92.28515625,0.0892152190208435,0.0516973909996133,1109.3527843880802,2243.3417583562937,-249.28456115722656,131.0046844482422,0.671434760093689,66.70393371582031,17.91480255126953,4.621685981750488,6.613105297088623,1.2425212860107422,1.4125672578811646,-1.5898078680038452,-0.9819214940071106,-3.575791120529175,-2.9269556999206543
gtzan_00026,blues_00026_wav,blues.00026.wav,GTZAN,blues,gtzan,blues.00026.wav,data\raw\gtzan\genres_original\blues\blues.00026.wav,83.35433467741936,0.0771101936697959,0.0519726864607501,1198.4590845429225,2477.275945747535,-284.848388671875,108.74954986572266,9.129683494567873,51.251312255859375,18.12371635437012,7.632777214050293,8.775374412536621,2.3653817176818848,0.01926114782691,2.2369275093078613,4.190629005432129,-3.3045814037323,1.6140482425689695
gtzan_00027,blues_00027_wav,blues.00027.wav,GTZAN,blues,gtzan,blues.00027.wav,data\raw\gtzan\genres_original\blues\blues.00027.wav,92.28515625,0.0958101525902748,0.0724144129447022,1391.8419520071109,2811.698414388776,-228.1670837402344,130.33966064453125,-23.31070899963379,70.2002182006836,1.129326105117798,7.589113235473633,0.9033954739570618,1.9944435358047483,-6.158844470977783,-9.380717277526855,-2.56357479095459,-4.521847724914551,-0.269986480474472
gtzan_00028,blues_00028_wav,blues.00028.wav,GTZAN,blues,gtzan,blues.00028.wav,data\raw\gtzan\genres_original\blues\blues.00028.wav,103.359375,0.0996667742729187,0.0480199874323279,1115.7282019411243,2290.6465251595127,-248.96224975585932,139.03175354003906,-16.24002456665039,57.11619186401367,20.19236183166504,10.160372734069824,4.576076030731201,0.3379241526126861,-7.8628249168396,-3.470245361328125,-2.64882493019104,-2.842671155929565,-0.8947750926017761
gtzan_00029,blues_00029_wav,blues.00029.wav,GTZAN,blues,gtzan,blues.00029.wav,data\raw\gtzan\genres_original\blues\blues.00029.wav,129.19921875,0.1247364804148674,0.0528948696104021,1648.8351694525163,3759.892113634716,-233.7151031494141,101.1990203857422,17.65089988708496,23.74063491821289,2.079885244369507,25.93890190124512,-16.969043731689453,15.079570770263672,-22.27737808227539,4.3853864669799805,-23.19758033752441,-6.036645889282227,-5.057098388671875
gtzan_00030,blues_00030_wav,blues.00030.wav,GTZAN,blues,gtzan,blues.00030.wav,data\raw\gtzan\genres_original\blues\blues.00030.wav,151.99908088235293,0.1700620651245117,0.0393661180394431,1379.189381936241,3016.513649216937,-206.9381103515625,117.79183959960938,23.264991760253903,28.30004501342773,-1.102283239364624,18.86718368530273,-21.97161102294922,17.848024368286133,-25.59023666381836,2.1351046562194824,-17.777297973632812,-8.010591506958008,-17.620141983032227
gtzan_00031,blues_00031_wav,blues.00031.wav,GTZAN,blues,gtzan,blues.00031.wav,data\raw\gtzan\genres_original\blues\blues.00031.wav,151.99908088235293,0.1515176445245742,0.0429472248404872,1330.715617463902,2898.7888132613107,-221.843490600586,110.85242462158205,18.637550354003903,30.928430557250977,3.296228170394897,22.589956283569336,-20.40655517578125,12.122969627380373,-26.33045768737793,-4.354130268096924,-26.38385391235352,-13.032196044921877,-12.655036926269531
gtzan_00032,blues_00032_wav,blues.00032.wav,GTZAN,blues,gtzan,blues.00032.wav,data\raw\gtzan\genres_original\blues\blues.00032.wav,143.5546875,0.1013213545083999,0.0393883984677107,1309.382408069756,2763.1862560723607,-288.715087890625,105.92636108398438,18.81995010375977,23.67445945739746,5.700168132781982,25.559085845947266,-13.450493812561035,12.42951202392578,-11.961186408996582,1.5895081758499146,-15.623069763183594,-6.638754844665527,-11.685787200927734
gtzan_00033,blues_00033_wav,blues.00033.wav,GTZAN,blues,gtzan,blues.00033.wav,data\raw\gtzan\genres_original\blues\blues.00033.wav,151.99908088235293,0.1332135051488876,0.0419736834155065,1430.4924328152892,3245.4683874709976,-238.95120239257807,108.70543670654295,34.14584732055664,30.211145401000977,-0.502582311630249,27.292957305908203,-21.39948081970215,14.171862602233888,-24.512311935424805,-1.884265661239624,-28.0575008392334,-11.25574779510498,-16.4643611907959
gtzan_00034,blues_00034_wav,blues.00034.wav,GTZAN,blues,gtzan,blues.00034.wav,data\raw\gtzan\genres_original\blues\blues.00034.wav,184.5703125,0.1359353959560394,0.0457024452581206,1537.0980205512035,3602.423279799884,-217.15489196777344,105.78446197509766,15.6065092086792,25.25981903076172,-1.4457656145095823,30.199512481689453,-17.717384338378906,17.318798065185547,-27.21879768371582,4.336658954620361,-20.061994552612305,-10.700785636901855,-14.232641220092772
gtzan_00035,blues_00035_wav,blues.00035.wav,GTZAN,blues,gtzan,blues.00035.wav,data\raw\gtzan\genres_original\blues\blues.00035.wav,129.19921875,0.1733787208795547,0.0454199747438128,1506.8728757224983,3404.1862470091355,-171.7732696533203,120.2935791015625,15.340431213378906,21.10759162902832,-5.385007858276367,24.19536399841309,-24.13754653930664,18.54475212097168,-22.348501205444336,1.3194960355758667,-20.76322555541992,-4.9818878173828125,-17.10808753967285
gtzan_00036,blues_00036_wav,blues.00036.wav,GTZAN,blues,gtzan,blues.00036.wav,data\raw\gtzan\genres_original\blues\blues.00036.wav,151.99908088235293,0.1977468281984329,0.0369073406080819,1247.3550297102445,2620.1894667198376,-200.1992950439453,116.3630828857422,18.04737091064453,25.26357078552246,0.3100547194480896,24.1772518157959,-22.22351455688477,11.183533668518066,-26.846263885498047,-7.637380599975586,-24.856096267700195,-12.01226806640625,-17.015975952148438
gtzan_00037,blues_00037_wav,blues.00037.wav,GTZAN,blues,gtzan,blues.00037.wav,data\raw\gtzan\genres_original\blues\blues.00037.wav,123.046875,0.0691884383559227,0.0481638661301237,1188.3081417864564,2339.291912884281,-328.5606994628906,102.728515625,19.836584091186523,26.70600700378418,7.145409107208252,22.72798156738281,-6.951726913452148,12.816983222961426,-10.727912902832031,-0.424693763256073,-12.378795623779297,-8.898337364196777,-9.208457946777344
gtzan_00038,blues_00038_wav,blues.00038.wav,GTZAN,blues,gtzan,blues.00038.wav,data\raw\gtzan\genres_original\blues\blues.00038.wav,86.1328125,0.1680838316679,0.0443731722496133,1514.1006734453892,3451.915682551479,-192.657455444336,111.15711975097656,21.36100578308105,26.39940452575684,-0.644347608089447,23.491514205932617,-25.469894409179688,16.92310333251953,-16.975650787353516,5.775643348693848,-25.738422393798828,-5.051983833312988,-17.62748908996582
gtzan_00039,blues_00039_wav,blues.00039.wav,GTZAN,blues,gtzan,blues.00039.wav,data\raw\gtzan\genres_original\blues\blues.00039.wav,117.45383522727272,0.0858624801039695,0.0353208985885537,1151.008992577037,2311.446966538573,-301.7304992675781,111.54287719726562,21.90022850036621,16.151121139526367,8.20067310333252,22.084373474121094,-8.597672462463379,1.488774657249451,-17.071401596069336,-8.33458423614502,-17.008359909057617,-10.573770523071287,-15.67957592010498
gtzan_00040,blues_00040_wav,blues.00040.wav,GTZAN,blues,gtzan,blues.00040.wav,data\raw\gtzan\genres_original\blues\blues.00040.wav,172.265625,0.1348919868469238,0.0976430327967904,2272.4395473323143,5108.215360353828,-110.24799346923828,90.70293426513672,-2.525755882263184,74.05793762207031,-11.753321647644045,39.20773696899414,-13.160562515258787,20.54209327697754,-17.15308952331543,12.81263256072998,-21.43007469177246,5.9520039558410645,-8.023324012756348
gtzan_00041,blues_00041_wav,blues.00041.wav,GTZAN,blues,gtzan,blues.00041.wav,data\raw\gtzan\genres_original\blues\blues.00041.wav,129.19921875,0.129165843129158,0.1022607459638437,2390.39009977241,5403.435075587297,-107.1702651977539,88.48818969726562,-4.169412612915039,55.47771072387695,-8.013871192932129,38.4151611328125,-6.410025596618652,28.572668075561523,-19.82160758972168,13.238089561462402,-19.25309944152832,12.07236099243164,-4.578393936157227
gtzan_00042,blues_00042_wav,blues.00042.wav,GTZAN,blues,gtzan,blues.00042.wav,data\raw\gtzan\genres_original\blues\blues.00042.wav,89.10290948275862,0.1110012829303741,0.097823919663573,2301.609667012493,5187.578453541908,-159.55165100097656,69.79762268066406,-4.398991107940674,76.8465805053711,3.9188268184661865,45.17317581176758,-4.855005741119385,32.20482635498047,-9.796014785766602,7.81265115737915,-21.821104049682617,9.690987586975098,-2.5877127647399902
gtzan_00043,blues_00043_wav,blues.00043.wav,GTZAN,blues,gtzan,blues.00043.wav,data\raw\gtzan\genres_original\blues\blues.00043.wav,129.19921875,0.1273855566978454,0.0871746302204176,2155.879628754764,5011.574078270011,-109.10599517822266,100.60877227783205,-8.656534194946289,47.35041427612305,-6.558297634124756,39.60763549804688,-8.515619277954102,29.5655460357666,-16.585535049438477,13.163908004760742,-24.2092514038086,6.576562881469727,-8.647177696228027
gtzan_00044,blues_00044_wav,blues.00044.wav,GTZAN,blues,gtzan,blues.00044.wav,data\raw\gtzan\genres_original\blues\blues.00044.wav,135.99917763157896,0.1363209187984466,0.0925253317140371,2278.9612516967195,5198.59486024507,-109.51258850097656,86.9213638305664,-8.594191551208496,64.48953247070312,-6.301508903503418,43.64348983764648,-8.29083251953125,28.5457820892334,-14.082674980163574,8.128630638122559,-21.48808479309082,11.088338851928713,-5.0916852951049805
gtzan_00045,blues_00045_wav,blues.00045.wav,GTZAN,blues,gtzan,blues.00045.wav,data\raw\gtzan\genres_original\blues\blues.00045.wav,129.19921875,0.1483584344387054,0.0480483100106341,1739.134032915427,4551.141569841212,-163.21676635742188,89.77884674072266,12.976251602172852,80.70230102539062,3.665379047393799,39.73873901367188,-5.406734943389893,26.49373435974121,-13.169927597045898,2.704878091812134,-20.550138473510746,6.014822959899902,-2.903660297393799
gtzan_00046,blues_00046_wav,blues.00046.wav,GTZAN,blues,gtzan,blues.00046.wav,data\raw\gtzan\genres_original\blues\blues.00046.wav,123.046875,0.1026016324758529,0.0584578016241299,1913.0115998175,4777.823081315255,-182.57376098632807,90.66755676269533,14.124545097351074,67.54922485351562,2.678699493408203,38.42982482910156,-8.410714149475098,24.12955093383789,-13.789952278137209,4.833089351654053,-16.68522834777832,5.817601680755615,-5.1466965675354
gtzan_00047,blues_00047_wav,blues.00047.wav,GTZAN,blues,gtzan,blues.00047.wav,data\raw\gtzan\genres_original\blues\blues.00047.wav,151.99908088235293,0.1122592911124229,0.0753237081883217,2013.0116652479703,4848.826029129205,-149.94027709960938,93.65088653564452,6.355070114135742,71.50347137451172,-8.12153148651123,36.191162109375,-9.775336265563965,17.647842407226562,-21.10751914978028,-0.1396818161010742,-22.201908111572266,5.4219465255737305,-7.458579540252685
gtzan_00048,blues_00048_wav,blues.00048.wav,GTZAN,blues,gtzan,blues.00048.wav,data\raw\gtzan\genres_original\blues\blues.00048.wav,123.046875,0.1239691078662872,0.0987668727039829,2148.1976094245806,4672.197141005656,-106.35535430908205,102.6562957763672,-20.14608764648437,59.34887313842773,-9.948382377624512,33.6873893737793,-14.171321868896484,23.52147102355957,-13.31356143951416,15.990456581115724,-18.92352867126465,7.813086032867432,-7.785444736480713
gtzan_00049,blues_00049_wav,blues.00049.wav,GTZAN,blues,gtzan,blues.00049.wav,data\raw\gtzan\genres_original\blues\blues.00049.wav,123.046875,0.0885868817567825,0.0399612698182521,1318.1914651872387,3044.883186358033,-256.01666259765625,110.8558578491211,21.525787353515625,67.5418930053711,4.30601167678833,43.08662796020508,-4.494885921478272,10.416362762451172,-8.694551467895508,1.657418727874756,-20.58704948425293,-2.451857089996338,-7.1194586753845215
gtzan_00050,blues_00050_wav,blues.00050.wav,GTZAN,blues,gtzan,blues.00050.wav,data\raw\gtzan\genres_original\blues\blues.00050.wav,135.99917763157896,0.1823381781578064,0.0857906002271848,1945.5331078931831,4174.593627646462,-82.99971008300781,107.08580780029295,-25.33543968200684,57.1045036315918,0.0855035781860351,34.68258285522461,-11.055123329162598,20.543169021606445,-11.19447898864746,14.819605827331545,-10.233335494995115,12.546019554138184,-9.75373363494873
gtzan_00051,blues_00051_wav,blues.00051.wav,GTZAN,blues,gtzan,blues.00051.wav,data\raw\gtzan\genres_original\blues\blues.00051.wav,99.38401442307692,0.1966755539178848,0.1066016531322505,1977.2342507767992,3943.448930992604,-55.60753631591797,114.9316177368164,-37.03194427490234,64.8895034790039,-7.1417155265808105,15.237939834594728,-16.232675552368164,18.631574630737305,-9.752266883850098,21.45428276062012,-5.648910999298096,12.788084030151367,-16.53047752380371
gtzan_00052,blues_00052_wav,blues.00052.wav,GTZAN,blues,gtzan,blues.00052.wav,data\raw\gtzan\genres_original\blues\blues.00052.wav,151.99908088235293,0.0988821759819984,0.0671879531612529,1443.8101061604452,3070.713037902407,-225.23013305664065,117.62688446044922,-14.539373397827148,64.79603576660156,12.908660888671877,19.03742027282715,10.666170120239258,9.886661529541016,-2.3966431617736816,11.685091018676758,1.5415066480636597,3.0658133029937744,-7.627123832702637
gtzan_00053,blues_00053_wav,blues.00053.wav,GTZAN,blues,gtzan,blues.00053.wav,data\raw\gtzan\genres_original\blues\blues.00053.wav,103.359375,0.1683437675237655,0.1328151434406419,2171.445862789447,4237.319698466502,-76.69792175292969,105.73820495605467,-43.17215347290039,60.95426559448242,-8.757207870483398,21.2241439819336,-12.855764389038086,18.59625244140625,-11.396047592163086,14.538467407226562,-6.048133850097656,12.722725868225098,-9.365226745605469
gtzan_00054,blues_00054_wav,blues.00054.wav,GTZAN,blues,gtzan,blues.00054.wav,data\raw\gtzan\genres_original\blues\blues.00054.wav,89.10290948275862,0.2009461224079132,0.1033989359773781,2030.6571856229589,4063.388705862094,-57.91959762573242,108.99028778076172,-36.20756149291992,64.04552459716797,1.4388412237167358,26.31160926818848,-17.4777889251709,20.425270080566406,-9.540505409240724,18.16972923278809,-6.060150146484375,13.864048957824709,-11.29108715057373
gtzan_00055,blues_00055_wav,blues.00055.wav,GTZAN,blues,gtzan,blues.00055.wav,data\raw\gtzan\genres_original\blues\blues.00055.wav,135.99917763157896,0.1577416509389877,0.1131192448520881,2032.001859230746,4023.561439602668,-98.74343872070312,104.79364776611328,-35.09825134277344,60.70180892944336,-2.833249568939209,22.234495162963867,-7.831170082092285,19.035850524902344,-11.573602676391602,17.018518447875977,-5.3761515617370605,12.200968742370604,-9.956364631652832
gtzan_00056,blues_00056_wav,blues.00056.wav,GTZAN,blues,gtzan,blues.00056.wav,data\raw\gtzan\genres_original\blues\blues.00056.wav,161.4990234375,0.1378711462020874,0.0755030845175947,1811.771254340093,3928.818676587877,-145.28097534179688,102.806640625,-12.529431343078612,57.00588607788086,2.262869358062744,26.58543586730957,-4.288537979125977,17.328521728515625,-7.993435382843018,15.229498863220217,-6.934699535369873,7.458768367767334,-10.46845245361328
gtzan_00057,blues_00057_wav,blues.00057.wav,GTZAN,blues,gtzan,blues.00057.wav,data\raw\gtzan\genres_original\blues\blues.00057.wav,92.28515625,0.1759753972291946,0.0899396691318638,1886.9548087305848,3828.288761147767,-92.70346069335938,115.31910705566406,-35.0679817199707,57.87724685668945,1.8523945808410645,26.61256217956543,-14.536980628967283,22.130239486694336,-8.203339576721191,11.020901679992676,-5.64760684967041,7.277511596679687,-10.205894470214844
gtzan_00058,blues_00058_wav,blues.00058.wav,GTZAN,blues,gtzan,blues.00058.wav,data\raw\gtzan\genres_original\blues\blues.00058.wav,107.666015625,0.161992609500885,0.1043517075116009,2068.3584755845045,4231.765697505801,-95.4172134399414,105.22087860107422,-26.94136619567871,60.80899429321289,-4.836374282836914,21.534189224243164,-13.509193420410156,12.124086380004885,-20.229076385498047,12.142189979553224,-5.2252397537231445,10.261720657348633,-9.443687438964844
gtzan_00059,blues_00059_wav,blues.00059.wav,GTZAN,blues,gtzan,blues.00059.wav,data\raw\gtzan\genres_original\blues\blues.00059.wav,107.666015625,0.1699792742729187,0.1422416527697216,2235.589429058707,4389.434375453161,-86.23715209960938,91.96127319335938,-23.41744613647461,68.2624740600586,-3.887736558914185,22.747169494628903,-9.899862289428713,16.890066146850586,-11.39186191558838,18.43148803710937,-7.011704444885254,10.761969566345217,-11.946138381958008
gtzan_00060,blues_00060_wav,blues.00060.wav,GTZAN,blues,gtzan,blues.00060.wav,data\raw\gtzan\genres_original\blues\blues.00060.wav,151.99908088235293,0.1963073313236236,0.0974228719547563,1946.3310796193784,3955.531172962587,-67.73307037353516,111.70729064941406,-34.63865280151367,61.31437301635742,0.0526351034641265,30.55697059631348,-12.68790340423584,21.154878616333008,-13.119317054748535,16.277116775512695,-6.327083587646484,12.3005952835083,-12.468253135681152
gtzan_00061,blues_00061_wav,blues.00061.wav,GTZAN,blues,gtzan,blues.00061.wav,data\raw\gtzan\genres_original\blues\blues.00061.wav,129.19921875,0.141725867986679,0.1675337151972157,2503.94548833885,5077.372752320186,-82.5050048828125,94.15338897705078,-27.101465225219727,75.6622085571289,-27.513669967651367,35.57133483886719,-20.290781021118164,25.11094665527344,-15.360645294189451,11.34438419342041,-13.393383026123049,8.138589859008789,-8.497068405151367
gtzan_00062,blues_00062_wav,blues.00062.wav,GTZAN,blues,gtzan,blues.00062.wav,data\raw\gtzan\genres_original\blues\blues.00062.wav,112.34714673913044,0.1062848195433616,0.1171418062403325,2280.276471978505,4733.132941650957,-144.8915252685547,95.7111587524414,-21.605844497680664,49.6188850402832,-29.86956787109375,29.345918655395508,-18.841981887817383,17.888395309448242,-9.663156509399414,5.508204460144043,-9.54762077331543,6.353426456451416,-21.0795955657959
gtzan_00063,blues_00063_wav,blues.00063.wav,GTZAN,blues,gtzan,blues.00063.wav,data\raw\gtzan\genres_original\blues\blues.00063.wav,92.28515625,0.0962734967470169,0.1544105429476024,2840.060760885935,5711.836175409658,-129.12652587890625,72.0824966430664,-7.753567218780518,49.24270248413086,-32.71528625488281,21.59511375427246,-27.360631942749023,14.991584777832031,-10.249058723449709,12.419811248779297,-17.02576446533203,7.111830234527588,-18.006038665771484
gtzan_00064,blues_00064_wav,blues.00064.wav,GTZAN,blues,gtzan,blues.00064.wav,data\raw\gtzan\genres_original\blues\blues.00064.wav,78.30255681818181,0.1174324229359626,0.1468329315303557,2553.361182654169,5148.375700134136,-85.1087646484375,88.7997055053711,-16.3128604888916,59.22676849365234,-35.97644805908203,14.388839721679688,-22.2947998046875,9.654230117797852,-14.81846046447754,11.17513370513916,-14.799715995788574,8.472940444946289,-19.58527565002441
gtzan_00065,blues_00065_wav,blues.00065.wav,GTZAN,blues,gtzan,blues.00065.wav,data\raw\gtzan\genres_original\blues\blues.00065.wav,107.666015625,0.1003632396459579,0.1462819629737045,2816.2257386186943,5613.621120939675,-118.32656860351562,74.87022399902344,-19.865346908569336,46.952423095703125,-32.546905517578125,23.82530403137207,-26.34997940063477,17.683982849121094,-13.814810752868652,11.93755340576172,-17.884918212890625,7.534260272979736,-22.89263343811035
gtzan_00066,blues_00066_wav,blues.00066.wav,GTZAN,blues,gtzan,blues.00066.wav,data\raw\gtzan\genres_original\blues\blues.00066.wav,161.4990234375,0.1104610785841941,0.1217916183294663,2340.802465391952,4972.962530361804,-116.57125091552734,97.4170913696289,-13.875514030456545,48.96017456054688,-22.58349609375,27.748411178588867,-20.233152389526367,18.63067626953125,-14.630755424499512,8.474961280822754,-16.633268356323242,11.013935089111328,-13.859322547912598
gtzan_00067,blues_00067_wav,blues.00067.wav,GTZAN,blues,gtzan,blues.00067.wav,data\raw\gtzan\genres_original\blues\blues.00067.wav,161.4990234375,0.1291104853153228,0.1127057352088167,2258.0093136888186,4754.5995300717805,-95.42679595947266,101.38337707519533,-20.66685485839844,48.66681671142578,-30.24024772644043,20.80408477783203,-18.2857608795166,14.132889747619627,-12.792978286743164,13.436675071716309,-14.066972732543944,7.726645469665527,-19.210399627685547
gtzan_00068,blues_00068_wav,blues.00068.wav,GTZAN,blues,gtzan,blues.00068.wav,data\raw\gtzan\genres_original\blues\blues.00068.wav,161.4990234375,0.1031172946095466,0.1351073841115622,2513.3130174231983,5246.748964526537,-113.17525482177734,88.7322006225586,-8.929574012756348,49.48321914672852,-34.58989715576172,15.86061668395996,-17.74231719970703,14.715834617614746,-11.197930335998535,15.36988353729248,-15.0757417678833,8.753589630126953,-18.62874984741211
gtzan_00069,blues_00069_wav,blues.00069.wav,GTZAN,blues,gtzan,blues.00069.wav,data\raw\gtzan\genres_original\blues\blues.00069.wav,78.30255681818181,0.1165231093764305,0.1251287733226991,2371.480543831816,5005.229027697216,-121.44898223876952,96.0805435180664,-19.589841842651367,48.030216217041016,-38.77530288696289,24.75970458984375,-32.9304313659668,8.096976280212402,-17.808059692382812,6.114920616149902,-19.98377227783203,6.8023176193237305,-19.32695960998535
gtzan_00070,blues_00070_wav,blues.00070.wav,GTZAN,blues,gtzan,blues.00070.wav,data\raw\gtzan\genres_original\blues\blues.00070.wav,143.5546875,0.1061368584632873,0.0983476985450502,2159.3919998358315,4684.529188116299,-133.01597595214844,105.73445129394533,-22.149995803833008,41.83109664916992,-26.984575271606445,19.115873336791992,-26.562515258789062,19.230762481689453,-15.33800983428955,6.986510276794434,-10.808671951293944,6.79641580581665,-11.725245475769045
gtzan_00071,blues_00071_wav,blues.00071.wav,GTZAN,blues,gtzan,blues.00071.wav,data\raw\gtzan\genres_original\blues\blues.00071.wav,73.828125,0.120559848845005,0.1346413832898298,2428.92876695113,5064.932456315255,-89.35488891601562,93.8003921508789,-14.560050010681152,54.38864135742188,-33.50299072265625,19.423904418945312,-19.761011123657227,13.031585693359377,-13.86151123046875,14.615303993225098,-14.96803855895996,10.597503662109377,-18.02216911315918
gtzan_00072,blues_00072_wav,blues.00072.wav,GTZAN,blues,gtzan,blues.00072.wav,data\raw\gtzan\genres_original\blues\blues.00072.wav,103.359375,0.1039118692278862,0.1291906086861949,2595.0823249210684,5660.126511292779,-118.68522644042967,87.6120376586914,6.561460971832275,45.097747802734375,-38.89034652709961,20.827125549316406,-26.84431266784668,13.802651405334473,-17.22498893737793,5.103334426879883,-15.703388214111328,3.98486065864563,-27.523128509521484
gtzan_00073,blues_00073_wav,blues.00073.wav,GTZAN,blues,gtzan,blues.00073.wav,data\raw\gtzan\genres_original\blues\blues.00073.wav,99.38401442307692,0.2597230672836303,0.1005402437403325,2094.770098794409,4482.428502483323,-30.098188400268555,103.73252868652344,-19.73797035217285,56.41559600830078,-12.698807716369627,20.18955039978028,-17.337535858154297,16.28986358642578,-18.441038131713867,8.91927433013916,-11.649422645568848,11.216391563415527,-8.838418006896973
gtzan_00074,blues_00074_wav,blues.00074.wav,GTZAN,blues,gtzan,blues.00074.wav,data\raw\gtzan\genres_original\blues\blues.00074.wav,112.34714673913044,0.1970232725143432,0.1208902050705723,2515.4624865561696,5770.931744852088,-55.97692489624024,87.84770965576172,-1.6107057332992554,41.19908142089844,-5.617903232574463,27.7894287109375,-23.98928642272949,21.777727127075195,-18.41908264160156,12.323681831359863,-13.712481498718262,11.851963996887209,-3.971118927001953
gtzan_00075,blues_00075_wav,blues.00075.wav,GTZAN,blues,gtzan,blues.00075.wav,data\raw\gtzan\genres_original\blues\blues.00075.wav,117.45383522727272,0.1921139508485794,0.1085094620069605,2224.11073732012,4700.23360462587,-86.47736358642578,92.6988754272461,-15.325850486755373,54.053932189941406,0.89536052942276,31.57115173339844,-14.603639602661133,23.317848205566406,-14.964166641235352,15.332833290100098,-7.043209075927734,12.178524017333984,-6.086116313934326
gtzan_00076,blues_00076_wav,blues.00076.wav,GTZAN,blues,gtzan,blues.00076.wav,data\raw\gtzan\genres_original\blues\blues.00076.wav,117.45383522727272,0.2190022617578506,0.1364717771171693,2645.785682883694,5612.796763975493,-52.69724655151367,74.43336486816406,-18.696765899658203,56.3123664855957,-3.93903923034668,31.98534202575684,-16.466188430786133,22.403120040893555,-12.257939338684082,27.21243667602539,-9.248946189880373,7.785403251647949,-10.568448066711426
gtzan_00077,blues_00077_wav,blues.00077.wav,GTZAN,blues,gtzan,blues.00077.wav,data\raw\gtzan\genres_original\blues\blues.00077.wav,99.38401442307692,0.2432288527488708,0.1115339357356921,2207.2191647229342,4658.382916727088,-28.95116806030273,104.51781463623048,-30.971534729003903,38.158451080322266,-8.001604080200195,30.886062622070312,-20.60415267944336,25.81614875793457,-12.962701797485352,16.937759399414062,-12.27035140991211,10.782378196716309,-10.557270050048828
gtzan_00078,blues_00078_wav,blues.00078.wav,GTZAN,blues,gtzan,blues.00078.wav,data\raw\gtzan\genres_original\blues\blues.00078.wav,123.046875,0.25811767578125,0.1238195149361948,2333.510453703183,4942.594552095417,-2.5103704929351807,101.25531768798828,-33.92262268066406,41.52524566650391,-13.80300521850586,31.91794204711914,-21.868831634521484,24.465660095214844,-15.86925220489502,15.800548553466797,-14.362422943115234,12.509907722473145,-13.36896514892578
gtzan_00079,blues_00079_wav,blues.00079.wav,GTZAN,blues,gtzan,blues.00079.wav,data\raw\gtzan\genres_original\blues\blues.00079.wav,78.30255681818181,0.2709415853023529,0.1246824094885924,2442.871409593545,5267.699288989994,-3.5548324584960938,92.92088317871094,-25.07838249206543,45.17466735839844,-10.851961135864258,31.86245918273925,-18.0390739440918,28.62446594238281,-10.219611167907717,14.666828155517578,-14.900479316711426,14.735523223876951,-15.599456787109377
gtzan_00080,blues_00080_wav,blues.00080.wav,GTZAN,blues,gtzan,blues.00080.wav,data\raw\gtzan\genres_original\blues\blues.00080.wav,117.45383522727272,0.2424658685922622,0.0940392679331013,1827.2085001488213,3743.563184273492,-54.68325424194336,119.47451782226562,-34.85563278198242,37.53553009033203,-15.873323440551758,22.06904029846192,-14.651430130004885,18.51967430114746,-9.633943557739258,11.256524085998535,-11.72150993347168,11.538056373596191,-6.424896717071533
gtzan_00081,blues_00081_wav,blues.00081.wav,GTZAN,blues,gtzan,blues.00081.wav,data\raw\gtzan\genres_original\blues\blues.00081.wav,103.359375,0.2482180595397949,0.127271093145785,2116.917658960695,4195.660527842228,-26.97749328613281,107.32023620605467,-46.830657958984375,40.92365264892578,-21.464111328125,24.8297176361084,-18.930463790893555,15.269158363342283,-15.049077033996582,12.2650728225708,-15.231661796569824,14.336759567260742,-13.827367782592772
gtzan_00082,blues_00082_wav,blues.00082.wav,GTZAN,blues,gtzan,blues.00082.wav,data\raw\gtzan\genres_original\blues\blues.00082.wav,123.046875,0.2514062225818634,0.1051251027165506,2141.518181873434,4628.622797636311,-29.32649612426757,108.64618682861328,-25.54888153076172,38.45244216918945,-18.30902862548828,21.78704071044922,-25.13290405273437,22.377872467041016,-17.582578659057617,14.664047241210938,-12.076518058776855,5.4757819175720215,-7.672954082489014
gtzan_00083,blues_00083_wav,blues.00083.wav,GTZAN,blues,gtzan,blues.00083.wav,data\raw\gtzan\genres_original\blues\blues.00083.wav,135.99917763157896,0.2512422204017639,0.117950321442382,2314.927762066168,5036.4546702798725,-19.85081672668457,98.88888549804688,-24.4762020111084,49.585487365722656,-16.19924545288086,30.19862937927246,-18.027074813842773,27.5583438873291,-11.408848762512209,14.873732566833496,-8.918732643127441,11.67113971710205,-10.894309043884276
gtzan_00084,blues_00084_wav,blues.00084.wav,GTZAN,blues,gtzan,blues.00084.wav,data\raw\gtzan\genres_original\blues\blues.00084.wav,112.34714673913044,0.2352475970983505,0.113367350638051,2060.7502905506763,4220.074816922854,-38.97417068481445,112.06423950195312,-31.82233619689941,38.23631286621094,-6.324872970581055,23.32331657409668,-18.773473739624023,23.934688568115234,-10.934224128723145,13.24087619781494,-14.373942375183104,13.325974464416504,-10.91915512084961
gtzan_00085,blues_00085_wav,blues.00085.wav,GTZAN,blues,gtzan,blues.00085.wav,data\raw\gtzan\genres_original\blues\blues.00085.wav,143.5546875,0.1501741707324981,0.0593916914394818,1311.8487999488902,2636.851469601944,-180.18817138671875,131.44894409179688,0.5902894735336304,43.14632797241211,14.139362335205078,25.625078201293945,-5.311243534088135,12.02669906616211,-13.540603637695312,-1.103391170501709,-7.605921745300293,2.7168874740600586,0.7825520038604736
gtzan_00086,blues_00086_wav,blues.00086.wav,GTZAN,blues,gtzan,blues.00086.wav,data\raw\gtzan\genres_original\blues\blues.00086.wav,123.046875,0.1249568089842796,0.0488186841405645,1245.730096028976,2518.210681463892,-212.76222229003903,139.0497283935547,9.453370094299316,35.44753646850586,12.7069673538208,20.41539192199707,-5.578319549560547,10.880579948425291,-8.735505104064941,8.058368682861328,0.1682007163763046,2.646514177322388,-1.029334306716919
gtzan_00087,blues_00087_wav,blues.00087.wav,GTZAN,blues,gtzan,blues.00087.wav,data\raw\gtzan\genres_original\blues\blues.00087.wav,172.265625,0.1580333560705185,0.0508692388099381,1441.899256960002,3082.803606710412,-155.55882263183594,125.64532470703124,1.6011216640472412,45.81634140014648,0.9202859997749328,25.360576629638672,-10.786452293395996,15.552300453186035,-11.912317276000977,1.2670238018035889,-6.661260604858398,-0.7978540062904358,-7.741701126098633
gtzan_00088,blues_00088_wav,blues.00088.wav,GTZAN,blues,gtzan,blues.00088.wav,data\raw\gtzan\genres_original\blues\blues.00088.wav,172.265625,0.142042338848114,0.032053605955143,1006.6456939324206,2074.4401759171983,-194.266357421875,151.8695068359375,-1.2119415998458862,39.19130706787109,16.586870193481445,18.250896453857425,-1.3981677293777466,14.875310897827148,-11.621238708496094,2.447585105895996,-5.082455635070801,3.9396755695343018,-0.8976720571517944
gtzan_00089,blues_00089_wav,blues.00089.wav,GTZAN,blues,gtzan,blues.00089.wav,data\raw\gtzan\genres_original\blues\blues.00089.wav,107.666015625,0.0528529174625873,0.0256481716453982,798.4511724715967,1454.4238167959686,-346.9693298339844,139.27305603027344,24.14785957336425,22.209932327270508,18.7039737701416,11.669041633605955,9.0338134765625,6.945858001708984,-2.019918441772461,5.418928146362305,1.6741570234298706,-2.352553606033325,3.1986160278320312
gtzan_00090,blues_00090_wav,blues.00090.wav,GTZAN,blues,gtzan,blues.00090.wav,data\raw\gtzan\genres_original\blues\blues.00090.wav,143.5546875,0.1319008618593216,0.0581968562693348,1612.5149449610838,3468.3195534549013,-177.57228088378906,115.3872528076172,9.979878425598145,54.03463363647461,7.625123023986816,28.30338287353516,-9.04052734375,20.045629501342773,-15.040255546569824,6.211400032043457,-5.691802978515625,1.3877161741256714,-5.8224029541015625
gtzan_00091,blues_00091_wav,blues.00091.wav,GTZAN,blues,gtzan,blues.00091.wav,data\raw\gtzan\genres_original\blues\blues.00091.wav,63.02400914634146,0.0994070097804069,0.0360523763776102,991.3935127311216,1943.4007259643272,-236.2798309326172,161.689453125,-1.1508033275604248,27.26328659057617,9.597700119018556,20.60873985290528,0.2329616993665695,13.79555606842041,-0.5077890157699585,10.17383098602295,-4.457792282104492,5.511836528778076,-3.724822998046875
gtzan_00092,blues_00092_wav,blues.00092.wav,GTZAN,blues,gtzan,blues.00092.wav,data\raw\gtzan\genres_original\blues\blues.00092.wav,83.35433467741936,0.0630842298269271,0.0323115302349187,918.5851689491242,1600.3266726181844,-332.4126892089844,128.06752014160156,28.91122055053711,41.81930923461914,31.26514434814453,23.32264709472656,5.815548896789551,9.009305953979492,-3.875854253768921,3.732431650161743,-0.862690269947052,-0.4327592849731445,1.5098412036895752
gtzan_00093,blues_00093_wav,blues.00093.wav,GTZAN,blues,gtzan,blues.00093.wav,data\raw\gtzan\genres_original\blues\blues.00093.wav,58.72691761363637,0.0658773109316825,0.0216969831544856,570.0403547660414,927.6513898455628,-350.4346618652344,169.5399932861328,31.811309814453125,16.68382453918457,28.706918716430664,19.251598358154297,7.86456823348999,10.03365993499756,4.731570720672607,2.913109540939331,3.9220588207244873,1.825483083724976,-5.968805313110352
gtzan_00094,blues_00094_wav,blues.00094.wav,GTZAN,blues,gtzan,blues.00094.wav,data\raw\gtzan\genres_original\blues\blues.00094.wav,103.359375,0.1410689055919647,0.0508790573037509,1239.195579826836,2517.2530950913574,-206.2639923095703,126.61661529541016,10.599262237548828,43.21792221069336,12.51242446899414,19.43365478515625,0.3636586964130401,12.74484634399414,-4.568615436553955,4.051735877990723,-4.407840728759766,3.657618999481201,-1.4461642503738403
gtzan_00095,blues_00095_wav,blues.00095.wav,GTZAN,blues,gtzan,blues.00095.wav,data\raw\gtzan\genres_original\blues\blues.00095.wav,135.99917763157896,0.1870931684970855,0.057147032700116,1388.635156780229,2754.859418050319,-130.55099487304688,139.9589080810547,-1.2859410047531128,39.31916427612305,-6.340002536773682,19.773426055908203,-11.21119213104248,27.243547439575195,-16.549047470092773,7.035858631134033,-1.1956478357315063,1.6025084257125854,-6.6392903327941895
gtzan_00096,blues_00096_wav,blues.00096.wav,GTZAN,blues,gtzan,blues.00096.wav,data\raw\gtzan\genres_original\blues\blues.00096.wav,143.5546875,0.0513995066285133,0.0482930170872003,1132.1359575420695,2064.9642342481147,-314.5491943359375,139.91534423828125,11.902837753295898,30.14254570007324,-7.547296524047852,14.91878604888916,-2.708117723464966,6.7304277420043945,-6.364284038543701,2.812131881713867,-11.729843139648438,2.087113857269287,-11.437922477722168
gtzan_00097,blues_00097_wav,blues.00097.wav,GTZAN,blues,gtzan,blues.00097.wav,data\raw\gtzan\genres_original\blues\blues.00097.wav,117.45383522727272,0.1983285993337631,0.04461485825116,1236.2307723409078,2603.335946563225,-148.64039611816406,145.7819061279297,-9.36823272705078,48.443389892578125,10.5608491897583,17.99810791015625,-2.6285998821258545,16.948360443115234,-11.505926132202148,8.716079711914062,-8.173254013061523,3.215705156326294,-0.6647519469261169
gtzan_00098,blues_00098_wav,blues.00098.wav,GTZAN,blues,gtzan,blues.00098.wav,data\raw\gtzan\genres_original\blues\blues.00098.wav,123.046875,0.1254554241895675,0.1284323188563418,2310.49824049684,4829.324574481583,-90.64325714111328,100.09117889404295,-23.92904090881348,52.59300231933594,-20.92109489440918,31.491981506347656,-11.215682983398438,20.07836151123047,-10.89381217956543,17.5513916015625,-14.089797019958496,12.984856605529783,-11.42914581298828
gtzan_00099,blues_00099_wav,blues.00099.wav,GTZAN,blues,gtzan,blues.00099.wav,data\raw\gtzan\genres_original\blues\blues.00099.wav,92.28515625,0.1050112918019294,0.0747685856535189,1538.394496500457,3174.215634516386,-177.22959899902344,136.2388458251953,-26.8989200592041,36.37725830078125,-18.75082397460937,20.90453338623047,-1.7669029235839844,3.0081381797790527,-5.599134922027588,5.643150329589844,-8.105226516723633,5.650679588317871,-10.783147811889648
gtzan_00100,classical_00000_wav,classical.00000.wav,GTZAN,classical,gtzan,classical.00000.wav,data\raw\gtzan\genres_original\classical\classical.00000.wav,95.703125,0.0362448915839195,0.0982227015661253,1505.1664239695376,2716.306158008266,-268.1955261230469,135.6919708251953,-34.0514030456543,25.61550712585449,-12.977584838867188,17.90298843383789,-9.990348815917969,5.630702495574951,-14.142573356628418,7.490304470062256,-3.969332218170166,8.258573532104492,-1.335326075553894
gtzan_00101,classical_00001_wav,classical.00001.wav,GTZAN,classical,gtzan,classical.00001.wav,data\raw\gtzan\genres_original\classical\classical.00001.wav,112.34714673913044,0.0306251738220453,0.087765628021075,1360.6436715050725,2387.7291296584976,-324.0611572265625,133.59457397460938,-25.04469108581543,24.552642822265625,-11.94702434539795,17.667558670043945,-5.524336338043213,1.7110503911972046,-10.577141761779783,-0.8498288989067078,-7.808103561401367,3.5253548622131348,5.048823356628418
gtzan_00102,classical_00002_wav,classical.00002.wav,GTZAN,classical,gtzan,classical.00002.wav,data\raw\gtzan\genres_original\classical\classical.00002.wav,99.38401442307692,0.0438595488667488,0.090045784391918,1490.2753639425312,2785.294011020881,-235.25372314453125,141.1099853515625,-34.67073440551758,30.966611862182617,-16.380020141601562,23.110828399658203,-11.030149459838867,7.63868236541748,-19.01194190979004,4.219429016113281,-11.827600479125977,8.911826133728027,-1.4316377639770508
gtzan_00103,classical_00003_wav,classical.00003.wav,GTZAN,classical,gtzan,classical.00003.wav,data\raw\gtzan\genres_original\classical\classical.00003.wav,71.77734375,0.0294420849531888,0.1089463849816318,1526.6298823738107,2916.000387452871,-326.861083984375,127.40240478515624,-30.606897354125977,37.45817184448242,-5.300833225250244,20.819963455200195,-1.774823784828186,-4.613475322723389,-4.044669628143311,5.224091053009033,-0.6530767679214478,2.79403018951416,7.235352516174316
gtzan_00104,classical_00004_wav,classical.00004.wav,GTZAN,classical,gtzan,classical.00004.wav,data\raw\gtzan\genres_original\classical\classical.00004.wav,161.4990234375,0.0423163138329982,0.1128571665941608,1705.5632594748906,3174.931742586282,-259.9151306152344,118.95016479492188,-35.61749267578125,31.96369361877441,-16.52582359313965,10.616533279418944,-15.653919219970703,7.417118549346924,-5.822311878204346,8.268571853637695,-17.98200225830078,-1.1855326890945437,-6.355772495269775
gtzan_00105,classical_00005_wav,classical.00005.wav,GTZAN,classical,gtzan,classical.00005.wav,data\raw\gtzan\genres_original\classical\classical.00005.wav,143.5546875,0.0432622358202934,0.0752100402407192,1431.0551928724476,2835.996127737094,-264.29302978515625,138.1752166748047,-30.083683013916016,37.82317733764648,-7.171176910400391,6.760847091674805,-11.79360580444336,4.705314159393311,-9.81495761871338,5.850406169891357,-9.559946060180664,2.679333209991455,-4.782588481903076
gtzan_00106,classical_00006_wav,classical.00006.wav,GTZAN,classical,gtzan,classical.00006.wav,data\raw\gtzan\genres_original\classical\classical.00006.wav,99.38401442307692,0.0332155711948871,0.0729011836571925,1372.6378004260011,2737.714458562935,-295.7745666503906,134.53883361816406,-22.429553985595703,40.74411392211914,-5.875274181365967,9.255605697631836,-11.864521026611328,6.286139488220215,-8.856302261352539,4.393896102905273,-9.372191429138184,4.062892913818359,1.645390510559082
gtzan_00107,classical_00007_wav,classical.00007.wav,GTZAN,classical,gtzan,classical.00007.wav,data\raw\gtzan\genres_original\classical\classical.00007.wav,215.33203125,0.0409115105867385,0.0731270090148878,1358.8507735998005,2667.719058149652,-286.74188232421875,135.93319702148438,-24.43938064575196,36.64537048339844,-6.230931758880615,6.949922561645508,-8.159003257751465,3.831786632537842,-4.391858577728272,6.4254655838012695,-4.125,1.540685534477234,-4.34067964553833
gtzan_00108,classical_00008_wav,classical.00008.wav,GTZAN,classical,gtzan,classical.00008.wav,data\raw\gtzan\genres_original\classical\classical.00008.wav,135.99917763157896,0.0340448766946792,0.0787779298385537,1516.83111776797,2974.121716846723,-292.0603942871094,127.76256561279295,-29.894201278686523,37.42157745361328,-9.550169944763184,5.111379623413086,-13.812787055969238,7.028453826904297,-7.025754451751709,6.496709823608398,-9.902276992797852,4.706311702728272,0.3692167699337005
gtzan_00109,classical_00009_wav,classical.00009.wav,GTZAN,classical,gtzan,classical.00009.wav,data\raw\gtzan\genres_original\classical\classical.00009.wav,234.90767045454547,0.0238025952130556,0.0562467523443542,1216.1877859259905,2560.00308149652,-356.1058959960937,139.8126678466797,-6.278577327728272,43.17738723754883,-8.851787567138672,11.047903060913086,-8.375142097473145,4.419640064239502,-8.284428596496582,8.676265716552734,-8.135021209716797,3.428734302520752,-1.4394304752349854
gtzan_00110,classical_00010_wav,classical.00010.wav,GTZAN,classical,gtzan,classical.00010.wav,data\raw\gtzan\genres_original\classical\classical.00010.wav,103.359375,0.0295106042176485,0.0862173270736658,1497.3690865419842,2868.579044917344,-314.9978942871094,128.71463012695312,-28.922727584838867,30.83425521850586,-8.99101448059082,7.990176200866699,-9.850890159606934,1.4329243898391724,-8.979047775268555,6.066538333892822,-3.3029556274414062,7.613114356994629,3.801759004592896
gtzan_00111,classical_00011_wav,classical.00011.wav,GTZAN,classical,gtzan,classical.00011.wav,data\raw\gtzan\genres_original\classical\classical.00011.wav,151.99908088235293,0.0214912761002779,0.0607572173482211,950.2545384089236,1697.3842966031032,-385.3195495605469,177.19078063964844,-9.319134712219238,24.38172149658203,5.818262100219727,-4.568686485290527,-6.3493852615356445,-6.9729509353637695,-4.134382724761963,3.862236738204956,-0.3355669379234314,-0.924747109413147,-3.646073579788208
gtzan_00112,classical_00012_wav,classical.00012.wav,GTZAN,classical,gtzan,classical.00012.wav,data\raw\gtzan\genres_original\classical\classical.00012.wav,95.703125,0.0314029566943645,0.0659625296065351,1180.3834446153692,2154.494396661108,-362.7192993164063,143.92416381835938,-19.00117874145508,30.640106201171875,1.039318561553955,0.2538711726665497,-7.974901676177978,-3.863739728927612,-8.913079261779785,3.266159772872925,-4.428277969360352,3.645478248596192,4.923275947570801
gtzan_00113,classical_00013_wav,classical.00013.wav,GTZAN,classical,gtzan,classical.00013.wav,data\raw\gtzan\genres_original\classical\classical.00013.wav,129.19921875,0.0317273288965225,0.0808760664394818,1387.9618032265548,2598.38147794011,-343.1076354980469,140.1201934814453,-20.924882888793945,32.32437896728516,-3.6848630905151367,2.939077854156494,-10.673026084899902,0.3100766837596893,-5.799783706665039,7.684967041015625,-3.672432661056519,2.557328462600708,-3.492750644683838
gtzan_00114,classical_00014_wav,classical.00014.wav,GTZAN,classical,gtzan,classical.00014.wav,data\raw\gtzan\genres_original\classical\classical.00014.wav,143.5546875,0.0316253043711185,0.0684507625193348,1279.434903021527,2388.986482199826,-324.5988464355469,147.82327270507812,-31.917369842529297,27.39212417602539,-4.489181518554688,-4.173313617706299,-12.580123901367188,-5.148221492767334,-7.733166694641113,0.8268705010414124,-8.188446998596191,-0.8406911492347717,0.993327021598816
gtzan_00115,classical_00015_wav,classical.00015.wav,GTZAN,classical,gtzan,classical.00015.wav,data\raw\gtzan\genres_original\classical\classical.00015.wav,83.35433467741936,0.0114332512021064,0.0757187137470997,1371.28085849806,2619.689856438515,-449.5358276367188,124.97042083740234,-19.86003303527832,27.523101806640625,-5.764224529266357,2.1967968940734863,-6.58619499206543,10.58436393737793,3.3469882011413574,14.380152702331545,1.980475187301636,5.2539544105529785,4.419659614562988
gtzan_00116,classical_00016_wav,classical.00016.wav,GTZAN,classical,gtzan,classical.00016.wav,data\raw\gtzan\genres_original\classical\classical.00016.wav,99.38401442307692,0.008015458472073,0.0476574584300077,1054.5457141605525,1947.0645346940253,-482.5862426757813,154.8756866455078,-5.046085834503174,29.73652076721192,-1.872348427772522,8.219618797302246,-4.781975269317627,9.648200035095217,-3.344435691833496,4.544591903686523,-10.09614086151123,-0.6560247540473938,-2.4551148414611816
gtzan_00117,classical_00017_wav,classical.00017.wav,GTZAN,classical,gtzan,classical.00017.wav,data\raw\gtzan\genres_original\classical\classical.00017.wav,89.10290948275862,0.0373628251254558,0.0810788561001546,1358.547002173604,2416.89804324971,-311.5872497558594,148.7118682861328,-33.46609878540039,10.31886100769043,-12.851101875305176,1.2147985696792605,-12.890238761901855,0.7991967797279358,-9.718398094177246,2.0351264476776123,-5.117127418518066,6.726267814636231,4.600520610809326
gtzan_00118,classical_00018_wav,classical.00018.wav,GTZAN,classical,gtzan,classical.00018.wav,data\raw\gtzan\genres_original\classical\classical.00018.wav,161.4990234375,0.0186967868357896,0.0706663434116396,1157.9167442283674,2181.9230011057134,-405.6073913574219,145.72434997558594,-0.8568003177642822,23.061988830566406,9.213998794555664,-2.639981985092163,-5.744575500488281,-2.068183660507202,-0.6290878653526306,6.74562931060791,2.7836906909942627,2.443865299224853,5.086528778076172
gtzan_00119,classical_00019_wav,classical.00019.wav,GTZAN,classical,gtzan,classical.00019.wav,data\raw\gtzan\genres_original\classical\classical.00019.wav,184.5703125,0.0079938452690839,0.0576288941656999,1185.2101390744244,2290.771427729844,-475.7864379882813,141.49749755859375,-8.478093147277832,34.00800704956055,0.5254319906234741,6.050452709197998,-0.0084405057132244,9.53924560546875,2.1636667251586914,7.102911949157715,-8.058455467224121,-0.1117964833974838,0.7685579061508179
gtzan_00120,classical_00020_wav,classical.00020.wav,GTZAN,classical,gtzan,classical.00020.wav,data\raw\gtzan\genres_original\classical\classical.00020.wav,143.5546875,0.0384584479033947,0.0697996725154679,1218.0647279249797,2294.5767927059164,-300.8872985839844,161.13882446289062,-24.23980140686035,27.94919776916504,-2.8393197059631348,2.3620004653930664,-11.24193000793457,0.2078475058078766,-6.812556743621826,6.084777355194092,-8.130868911743164,-1.8218762874603271,-4.113842964172363
gtzan_00121,classical_00021_wav,classical.00021.wav,GTZAN,classical,gtzan,classical.00021.wav,data\raw\gtzan\genres_original\classical\classical.00021.wav,135.99917763157896,0.0454797595739364,0.0795392407434261,1371.0629154476965,2569.5706183838456,-278.1661682128906,147.9115447998047,-31.566017150878903,20.36554336547852,-9.577174186706545,-6.237151145935059,-13.598540306091309,-0.6613920331001282,-7.264620304107666,1.0141233205795288,-11.751262664794922,-0.9713643789291382,-2.21723747253418
gtzan_00122,classical_00022_wav,classical.00022.wav,GTZAN,classical,gtzan,classical.00022.wav,data\raw\gtzan\genres_original\classical\classical.00022.wav,107.666015625,0.0478893630206584,0.068440944025522,1211.1697476044014,2236.9217662413,-278.7973937988281,160.02932739257812,-28.409236907958984,23.02935218811035,-2.700129508972168,3.0024619102478027,-11.302441596984863,-0.5203940272331238,-11.356125831604004,3.175123691558838,-5.079850673675537,4.348132133483887,-4.080542087554932
gtzan_00123,classical_00023_wav,classical.00023.wav,GTZAN,classical,gtzan,classical.00023.wav,data\raw\gtzan\genres_original\classical\classical.00023.wav,95.703125,0.0171499699354171,0.0442168316173627,983.7246422989272,1852.7297867423144,-406.8506774902344,163.10853576660156,-2.4038245677948,32.41763687133789,7.950085163116455,9.62694263458252,-5.451040267944336,9.500731468200684,-3.0604407787323,10.193544387817385,-10.352405548095703,-5.395328044891357,-8.049378395080566
gtzan_00124,classical_00024_wav,classical.00024.wav,GTZAN,classical,gtzan,classical.00024.wav,data\raw\gtzan\genres_original\classical\classical.00024.wav,151.99908088235293,0.066700555384159,0.0716289334396751,1253.1021072415497,2292.7448883410675,-223.13873291015625,163.24725341796875,-34.40705490112305,24.167539596557617,-10.289612770080566,3.22327208518982,-12.86855411529541,0.7977529764175415,-14.268085479736328,1.6681275367736816,-10.14101505279541,0.2351406961679458,-4.54720401763916
gtzan_00125,classical_00025_wav,classical.00025.wav,GTZAN,classical,gtzan,classical.00025.wav,data\raw\gtzan\genres_original\classical\classical.00025.wav,129.19921875,0.0641007870435714,0.0682921560808198,1184.1325500713592,2139.2479562427493,-221.28013610839844,173.3295135498047,-37.456817626953125,24.36349296569824,-8.684724807739258,3.3894460201263428,-12.846461296081545,1.0835494995117188,-15.326762199401855,0.4285820722579956,-9.62472915649414,2.2923660278320312,-4.490748882293701
gtzan_00126,classical_00026_wav,classical.00026.wav,GTZAN,classical,gtzan,classical.00026.wav,data\raw\gtzan\genres_original\classical\classical.00026.wav,161.4990234375,0.0389271713793277,0.0817321635730858,1278.5133569479156,2233.1580354553366,-319.22369384765625,143.68585205078125,-31.175630569458008,10.934249877929688,-5.542383193969727,-4.252718448638916,-8.938604354858398,-5.591285705566406,-8.019123077392578,2.334117889404297,-4.466851234436035,-0.3283145725727081,0.95582377910614
gtzan_00127,classical_00027_wav,classical.00027.wav,GTZAN,classical,gtzan,classical.00027.wav,data\raw\gtzan\genres_original\classical\classical.00027.wav,135.99917763157896,0.0284149125218391,0.0534326209638437,901.6906629096736,1456.3389895410382,-366.2355346679688,181.62322998046875,-5.518502712249756,26.99545860290528,-4.817452430725098,4.6051130294799805,-10.530319213867188,0.1521952748298645,-11.13173007965088,3.574495553970337,-10.335647583007812,-1.0859055519104004,-4.602791786193848
gtzan_00128,classical_00028_wav,classical.00028.wav,GTZAN,classical,gtzan,classical.00028.wav,data\raw\gtzan\genres_original\classical\classical.00028.wav,161.4990234375,0.0626207813620567,0.0810950943783836,1314.2821253878917,2398.554019087152,-228.9130706787109,153.93263244628906,-30.707155227661133,20.792274475097656,-6.108669757843018,1.1750282049179075,-10.78816032409668,-3.8675379753112793,-11.601890563964844,0.8686758279800415,-8.304291725158691,-0.7123692035675049,-3.077139377593994
gtzan_00129,classical_00029_wav,classical.00029.wav,GTZAN,classical,gtzan,classical.00029.wav,data\raw\gtzan\genres_original\classical\classical.00029.wav,135.99917763157896,0.0416550785303115,0.0921937687306651,1559.019163275448,2922.728472574681,-297.10601806640625,130.26211547851562,-30.601587295532227,27.48266792297364,-7.076252460479736,1.982783317565918,-11.144333839416504,4.747302055358887,-8.777671813964844,5.411511421203613,-5.389878749847412,4.459778785705566,1.7396446466445925
gtzan_00130,classical_00030_wav,classical.00030.wav,GTZAN,classical,gtzan,classical.00030.wav,data\raw\gtzan\genres_original\classical\classical.00030.wav,117.45383522727272,0.0297175366431474,0.0637046536639597,1243.3447339713168,2352.273453360644,-315.7706298828125,149.67373657226562,-30.54457664489746,23.21129035949707,-8.683144569396973,-10.098003387451172,-15.730225563049316,-4.041795253753662,-7.646997928619385,0.0469915010035038,-11.139083862304688,-7.66793155670166,-5.867053031921387
gtzan_00131,classical_00031_wav,classical.00031.wav,GTZAN,classical,gtzan,classical.00031.wav,data\raw\gtzan\genres_original\classical\classical.00031.wav,112.34714673913044,0.0268061142414808,0.0394431554524361,822.235829835543,1433.5151265226218,-374.0401306152344,172.47732543945312,6.43040657043457,20.10181999206543,5.923594951629639,1.5700653791427612,-6.700803279876709,-1.2017303705215454,-0.2761670351028442,0.3203922808170318,-6.544788360595703,-7.309696674346924,-7.331807613372803
gtzan_00132,classical_00032_wav,classical.00032.wav,GTZAN,classical,gtzan,classical.00032.wav,data\raw\gtzan\genres_original\classical\classical.00032.wav,103.359375,0.0080447057262063,0.0365727565496906,792.8812344356368,1207.4997620903423,-498.5862426757813,177.52615356445312,11.203656196594238,27.64444351196289,-2.828965663909912,5.101432800292969,-6.598233222961426,-1.0580010414123535,-4.148446083068848,-3.051424264907837,-9.910831451416016,-8.57186508178711,-9.189745903015137
gtzan_00133,classical_00033_wav,classical.00033.wav,GTZAN,classical,gtzan,classical.00033.wav,data\raw\gtzan\genres_original\classical\classical.00033.wav,143.5546875,0.0123593444004654,0.0543959662606341,1128.2526115022183,2165.71897431482,-429.0514221191406,120.77975463867188,-1.706300139427185,17.947568893432617,7.746009826660156,-2.0536444187164307,-3.937756776809693,-2.531833410263061,-0.5894198417663574,-0.8103657960891724,-9.058843612670898,-3.680360555648804,-0.9729587435722352
gtzan_00134,classical_00034_wav,classical.00034.wav,GTZAN,classical,gtzan,classical.00034.wav,data\raw\gtzan\genres_original\classical\classical.00034.wav,123.046875,0.0389121584594249,0.0735405186581593,1369.4900886512185,2655.0622643561487,-309.2473449707031,138.6697540283203,-29.714157104492188,33.62291717529297,-0.3584001362323761,5.222520351409912,-6.322706699371338,3.2711429595947266,-6.699366092681885,-0.6900903582572937,-13.237818717956545,-8.529128074645996,-9.662935256958008
gtzan_00135,classical_00035_wav,classical.00035.wav,GTZAN,classical,gtzan,classical.00035.wav,data\raw\gtzan\genres_original\classical\classical.00035.wav,151.99908088235293,0.0406704992055892,0.0611235226943155,1016.1838686474184,1823.8689661579176,-319.69293212890625,166.0106964111328,-11.939931869506836,27.27754592895508,7.825562953948975,1.7427204847335815,-7.855803966522217,-2.3967833518981934,-2.898454189300537,-2.51642107963562,-11.373650550842283,-4.612368106842041,-4.490787029266357
gtzan_00136,classical_00036_wav,classical.00036.wav,GTZAN,classical,gtzan,classical.00036.wav,data\raw\gtzan\genres_original\classical\classical.00036.wav,107.666015625,0.0159991774708032,0.0594094402552204,1282.2856388021637,2441.945172020012,-419.2956237792969,127.41400909423828,-3.7945926189422607,23.19443321228028,-4.31572961807251,4.05063533782959,-8.195416450500488,-7.608793258666992,-7.0692243576049805,-2.915353298187256,-7.407393455505371,-5.429960250854492,-9.092166900634766
gtzan_00137,classical_00037_wav,classical.00037.wav,GTZAN,classical,gtzan,classical.00037.wav,data\raw\gtzan\genres_original\classical\classical.00037.wav,161.4990234375,0.0415326431393623,0.0939154038573085,1533.66823040485,2837.603207475348,-275.4006042480469,125.33232879638672,-41.02280044555664,24.58866310119629,-4.748532772064209,-4.267513751983643,-14.983231544494627,-5.046975612640381,-4.988296985626221,2.4668009281158447,-10.883784294128418,-8.020301818847656,-5.155877590179443
gtzan_00138,classical_00038_wav,classical.00038.wav,GTZAN,classical,gtzan,classical.00038.wav,data\raw\gtzan\genres_original\classical\classical.00038.wav,151.99908088235293,0.0443481877446174,0.0758388014791183,1279.2759794519593,2376.987508610064,-275.975341796875,146.34664916992188,-36.5854377746582,24.199073791503903,-2.531787633895874,-2.161284685134888,-13.295881271362305,-6.520299911499023,-9.401673316955566,-3.117752313613892,-11.540444374084473,-4.1952805519104,-1.6863549947738647
gtzan_00139,classical_00039_wav,classical.00039.wav,GTZAN,classical,gtzan,classical.00039.wav,data\raw\gtzan\genres_original\classical\classical.00039.wav,161.4990234375,0.0128158666193485,0.1089565811098221,1633.7200727741783,3161.7170506453017,-409.49993896484375,116.79664611816406,-16.18402862548828,11.690950393676758,0.7109469175338745,5.991625308990479,-4.25298547744751,0.4994752705097198,0.4315575361251831,12.591692924499512,-1.1124175786972046,-1.1502256393432615,4.958818435668945
gtzan_00140,classical_00040_wav,classical.00040.wav,GTZAN,classical,gtzan,classical.00040.wav,data\raw\gtzan\genres_original\classical\classical.00040.wav,117.45383522727272,0.0197315961122512,0.0726202236803944,1396.5924291389088,2652.41432986514,-358.7328491210937,129.0865936279297,-30.38215065002441,19.87775230407715,-10.365019798278809,-0.6520818471908569,-10.599553108215332,1.5455327033996582,-3.965301513671875,1.869271874427796,-8.840754508972168,-7.170501708984375,-8.211201667785645
gtzan_00141,classical_00041_wav,classical.00041.wav,GTZAN,classical,gtzan,classical.00041.wav,data\raw\gtzan\genres_original\classical\classical.00041.wav,123.046875,0.0212890058755874,0.0788172038138051,1329.4383851552363,2462.312617821926,-368.4895935058594,124.26805114746094,-31.56978416442871,17.59484100341797,2.321777582168579,-5.949942111968994,-11.803565979003906,-5.524955749511719,-5.394246578216553,-1.306801438331604,-8.428803443908691,-3.620492935180664,2.208922863006592
gtzan_00142,classical_00042_wav,classical.00042.wav,GTZAN,classical,gtzan,classical.00042.wav,data\raw\gtzan\genres_original\classical\classical.00042.wav,198.76802884615384,0.1341706663370132,0.0938649775420489,1326.2034398354226,2171.388118638905,-160.6461181640625,164.2802276611328,-48.75534057617188,1.6627671718597412,-7.611216068267822,-2.662300109863281,-11.043171882629396,-6.99615478515625,-8.096745491027832,1.2530893087387085,-5.367457389831543,-4.1397786140441895,-5.426041126251221
gtzan_00143,classical_00043_wav,classical.00043.wav,GTZAN,classical,gtzan,classical.00043.wav,data\raw\gtzan\genres_original\classical\classical.00043.wav,129.19921875,0.1153415739536285,0.0510089635295823,1063.0746815809432,1610.7352201457363,-249.6342620849609,161.59716796875,10.159544944763184,-3.066418170928955,-0.5780752301216125,-2.063037157058716,-12.196240425109863,-8.614082336425781,-14.639427185058594,-12.050176620483398,-12.29947280883789,-7.162609577178955,-7.878400325775146
gtzan_00144,classical_00044_wav,classical.00044.wav,GTZAN,classical,gtzan,classical.00044.wav,data\raw\gtzan\genres_original\classical\classical.00044.wav,80.74951171875,0.017926150932908,0.0717101248308198,1181.3400969829445,2032.722717426769,-402.1960144042969,154.01280212402344,-15.234305381774902,15.30642795562744,-3.071419239044189,-3.169816255569458,-9.762608528137209,-17.31507110595703,-12.30824375152588,-7.911023139953613,-7.106222629547119,-0.2997578680515289,1.531477689743042
gtzan_00145,classical_00045_wav,classical.00045.wav,GTZAN,classical,gtzan,classical.00045.wav,data\raw\gtzan\genres_original\classical\classical.00045.wav,184.5703125,0.1383545100688934,0.062261493389423,1176.4774630291588,1903.2370042067307,-171.1051788330078,156.93057250976562,-21.84981918334961,5.337416172027588,-4.054869174957275,-3.720825910568237,-8.906785011291504,-4.932888031005859,-7.912198066711426,-5.397177696228027,-9.334654808044434,-6.601844787597656,-7.792888164520264
gtzan_00146,classical_00046_wav,classical.00046.wav,GTZAN,classical,gtzan,classical.00046.wav,data\raw\gtzan\genres_original\classical\classical.00046.wav,129.19921875,0.1150993034243583,0.1115758531515854,1878.382005168527,3633.324175699681,-85.28141021728516,118.44718933105467,-31.481365203857425,20.285137176513672,-4.41913366317749,6.912792205810547,-10.95602035522461,-1.6264212131500244,-7.365120410919189,-3.016963243484497,-4.43984842300415,-1.4137581586837769,-4.253591537475586
gtzan_00147,classical_00047_wav,classical.00047.wav,GTZAN,classical,gtzan,classical.00047.wav,data\raw\gtzan\genres_original\classical\classical.00047.wav,123.046875,0.0094953011721372,0.066340163983952,1173.88359068627,2082.72537974913,-436.8584289550781,154.1332244873047,-19.9031925201416,20.18282890319824,3.171194076538086,0.4617300629615783,-6.528066635131836,-4.611454486846924,-10.069052696228027,-6.159064292907715,-4.532596588134766,-2.766376495361328,-5.221075534820557
gtzan_00148,classical_00048_wav,classical.00048.wav,GTZAN,classical,gtzan,classical.00048.wav,data\raw\gtzan\genres_original\classical\classical.00048.wav,172.265625,0.1608574092388153,0.0872000235098379,1513.8706372364393,2766.775682237413,-124.05374908447266,148.6180419921875,-21.558513641357425,17.411184310913086,-1.436457633972168,4.125786781311035,-7.022972583770752,-5.12921667098999,-5.841978549957275,5.006770610809326,-6.218872547149658,-1.900928974151612,-0.9008494019508362
gtzan_00149,classical_00049_wav,classical.00049.wav,GTZAN,classical,gtzan,classical.00049.wav,data\raw\gtzan\genres_original\classical\classical.00049.wav,103.359375,0.1238120794296264,0.1094464281395123,2224.870163945009,4467.431319387336,-98.3232879638672,98.35693359375,-20.49176025390625,18.8181381225586,-2.0967204570770264,2.663570165634156,-7.309946060180664,-3.586928367614746,-7.986064910888672,-1.9163087606430047,-4.727487087249756,0.6270755529403687,-2.591273069381714
gtzan_00150,classical_00050_wav,classical.00050.wav,GTZAN,classical,gtzan,classical.00050.wav,data\raw\gtzan\genres_original\classical\classical.00050.wav,107.666015625,0.007976115681231,0.0494870969885924,1170.028075880501,2360.084027425319,-449.52783203125,151.51983642578125,-12.76174259185791,44.26583480834961,6.236341953277588,4.053187847137451,-1.483168363571167,-1.618901610374451,-2.489429235458374,-4.291277885437012,-9.667424201965332,-1.3484275341033936,0.1358946561813354
gtzan_00151,classical_00051_wav,classical.00051.wav,GTZAN,classical,gtzan,classical.00051.wav,data\raw\gtzan\genres_original\classical\classical.00051.wav,135.99917763157896,0.0805386751890182,0.0601050787296826,1527.629815786948,3220.8471906443497,-230.2445526123047,119.15129089355467,-1.0509989261627195,28.387916564941406,10.008709907531738,16.128835678100586,4.791749000549316,6.190906524658203,0.9473567008972168,5.912571907043457,-1.178274393081665,3.5739595890045166,-2.1003575325012207
gtzan_00152,classical_00052_wav,classical.00052.wav,GTZAN,classical,gtzan,classical.00052.wav,data\raw\gtzan\genres_original\classical\classical.00052.wav,161.4990234375,0.0554633028805255,0.1269315998404872,2411.5866181146966,4993.538147114269,-186.6319732666016,86.64537048339844,-15.727551460266112,14.736834526062012,-2.2047410011291504,6.256115436553955,-0.8920643329620361,0.6570257544517517,-6.092410087585449,-5.223966121673584,-7.879560470581055,-1.7269392013549805,-4.704252243041992
gtzan_00153,classical_00053_wav,classical.00053.wav,GTZAN,classical,gtzan,classical.00053.wav,data\raw\gtzan\genres_original\classical\classical.00053.wav,215.33203125,0.1383577287197113,0.087670171051375,1462.3063000536993,2740.054859834559,-121.81433868408205,149.67271423339844,-42.8459587097168,24.488990783691406,-5.412307262420654,10.667715072631836,-2.828141689300537,0.787152111530304,-6.39939546585083,4.483000755310059,-1.2243860960006714,1.2597556114196775,-1.1985424757003784
gtzan_00154,classical_00054_wav,classical.00054.wav,GTZAN,classical,gtzan,classical.00054.wav,data\raw\gtzan\genres_original\classical\classical.00054.wav,95.703125,0.1741567999124527,0.1150749589754566,1702.263183861469,2820.964322024829,-108.03529357910156,127.27288055419922,-44.95221710205078,31.24362564086914,4.355782985687256,-4.945937156677246,-15.877520561218262,14.630617141723633,-7.7887444496154785,-1.2106032371520996,2.831526756286621,17.271968841552734,-4.097477436065674
gtzan_00155,classical_00055_wav,classical.00055.wav,GTZAN,classical,gtzan,classical.00055.wav,data\raw\gtzan\genres_original\classical\classical.00055.wav,78.30255681818181,0.0130629809573292,0.059338444992266,1079.408764413787,1764.4070158425177,-483.9385070800781,144.20748901367188,1.3752325773239136,8.09077262878418,4.930779457092285,-2.3149728775024414,-2.747194528579712,-6.843307971954346,-10.153437614440918,-8.064205169677734,-7.145673751831055,-10.553607940673828,-7.782835960388184
gtzan_00156,classical_00056_wav,classical.00056.wav,GTZAN,classical,gtzan,classical.00056.wav,data\raw\gtzan\genres_original\classical\classical.00056.wav,95.703125,0.1898296922445297,0.0967222614052854,1681.22547321384,3078.2096015082466,-81.06881713867188,129.05197143554688,-42.45161437988281,33.1411247253418,5.68682861328125,-6.506629467010498,-2.2729368209838867,7.403286457061768,-18.709312438964844,2.4769480228424072,3.738560914993286,1.888144969940185,-10.070892333984377
gtzan_00157,classical_00057_wav,classical.00057.wav,GTZAN,classical,gtzan,classical.00057.wav,data\raw\gtzan\genres_original\classical\classical.00057.wav,107.666015625,0.0167858600616455,0.0952295714907192,1751.1195628510188,3235.576103900812,-367.0795593261719,112.85552215576172,-18.75359344482422,10.180059432983398,-1.6129136085510254,3.79988694190979,0.923670530319214,5.065314769744873,-5.364200592041016,-9.51391315460205,-8.492563247680664,-1.788250207901001,1.2849103212356567
gtzan_00158,classical_00058_wav,classical.00058.wav,GTZAN,classical,gtzan,classical.00058.wav,data\raw\gtzan\genres_original\classical\classical.00058.wav,143.5546875,0.0300055295228958,0.0818439433488012,1137.9955297131803,1821.3126268851508,-349.9388427734375,161.82681274414062,-3.3702402114868164,14.195448875427246,5.771660327911377,3.5260348320007324,2.964038372039795,-7.113631725311279,-7.9146199226379395,-0.3415028750896454,2.8591179847717285,-2.490217685699463,-6.781764984130859
gtzan_00159,classical_00059_wav,classical.00059.wav,GTZAN,classical,gtzan,classical.00059.wav,data\raw\gtzan\genres_original\classical\classical.00059.wav,117.45383522727272,0.0691473186016082,0.093266250362529,1551.1980314673465,2840.958923198231,-197.1920928955078,137.40402221679688,-34.155982971191406,25.36267471313477,-5.2771711349487305,-2.7751712799072266,-9.498249053955078,-7.608982086181641,-7.652765274047852,-5.666132926940918,-4.3799357414245605,-5.424618244171143,-3.534874200820923
gtzan_00160,classical_00060_wav,classical.00060.wav,GTZAN,classical,gtzan,classical.00060.wav,data\raw\gtzan\genres_original\classical\classical.00060.wav,123.046875,0.0687548145651817,0.1040197668938515,1803.9121542515827,3367.006915240719,-166.3934783935547,122.11941528320312,-32.11149978637695,16.68393898010254,-5.395673751831055,-2.486983060836792,-9.820252418518066,-4.901546478271484,-6.964920997619629,-4.573854923248291,-6.645280361175537,-5.491032600402832,-5.368008613586426
gtzan_00161,classical_00061_wav,classical.00061.wav,GTZAN,classical,gtzan,classical.00061.wav,data\raw\gtzan\genres_original\classical\classical.00061.wav,151.99908088235293,0.0481956303119659,0.0761046560808198,1322.0704415985415,2473.6287906938805,-274.359375,148.37342834472656,-20.323820114135746,21.791868209838867,7.950322151184082,3.786221504211426,-2.2285375595092773,-6.084719181060791,-5.624156475067139,-6.696157455444336,-5.912067413330078,-4.588786602020264,-1.5350866317749023
gtzan_00162,classical_00062_wav,classical.00062.wav,GTZAN,classical,gtzan,classical.00062.wav,data\raw\gtzan\genres_original\classical\classical.00062.wav,89.10290948275862,0.038936611264944,0.0740291775425367,1474.6678518921717,2809.641685397332,-305.4315185546875,135.93765258789062,-11.767093658447266,18.2226619720459,10.36874771118164,3.004951000213623,-5.59476375579834,0.1486861556768417,-1.351224660873413,-1.8729983568191528,-3.2113196849823,-6.746241569519043,-2.694085597991944
gtzan_00163,classical_00063_wav,classical.00063.wav,GTZAN,classical,gtzan,classical.00063.wav,data\raw\gtzan\genres_original\classical\classical.00063.wav,95.703125,0.020146258175373,0.0360448236900618,690.2008583146431,749.1406363290313,-465.9222717285156,180.2020721435547,56.68280029296875,11.03125,5.8352227210998535,0.7342116832733154,-3.96238374710083,-5.885416507720947,-8.461982727050781,-9.784011840820312,-7.692601680755615,-3.254734754562378,-1.8574461936950684
gtzan_00164,classical_00064_wav,classical.00064.wav,GTZAN,classical,gtzan,classical.00064.wav,data\raw\gtzan\genres_original\classical\classical.00064.wav,89.10290948275862,0.0125614739954471,0.0422878752175174,1117.8503357890468,1872.7391785092807,-498.7247619628906,145.6916046142578,46.53605270385742,15.265368461608888,3.0584962368011475,-0.8369662761688232,-5.227452754974365,-6.211699485778809,-3.818588972091675,0.0784615650773048,2.723050355911255,2.2216525077819824,0.2364776879549026
gtzan_00165,classical_00065_wav,classical.00065.wav,GTZAN,classical,gtzan,classical.00065.wav,data\raw\gtzan\genres_original\classical\classical.00065.wav,123.046875,0.0292432103306055,0.0475079152165506,828.7510282027442,1013.675953451276,-421.616455078125,172.84239196777344,28.052249908447266,-2.5625252723693848,-3.584569215774536,-4.865512847900391,-8.893527030944824,-10.70395565032959,-7.681036472320557,-7.95580530166626,-7.324606895446777,-2.709025859832764,-0.9145427346229552
gtzan_00166,classical_00066_wav,classical.00066.wav,GTZAN,classical,gtzan,classical.00066.wav,data\raw\gtzan\genres_original\classical\classical.00066.wav,135.99917763157896,0.0317943878471851,0.0450219481100154,794.9550523902033,1007.680630075406,-429.1732482910156,175.1746368408203,31.85898780822754,4.301975727081299,1.0348899364471436,-5.77147912979126,-9.490331649780272,-11.280266761779783,-10.573994636535645,-8.665821075439453,-6.329770565032959,-1.6754119396209717,0.8259353041648865
gtzan_00167,classical_00067_wav,classical.00067.wav,GTZAN,classical,gtzan,classical.00067.wav,data\raw\gtzan\genres_original\classical\classical.00067.wav,143.5546875,0.031722467392683,0.0463572632685614,1117.9923093935986,1993.04533425174,-413.4417114257813,143.47869873046875,31.30440139770508,14.024495124816896,1.5122487545013428,-2.2945902347564697,-6.4661478996276855,-8.101449012756348,-5.929848670959473,-4.474499225616455,-2.798327684402466,-0.8140913248062134,-1.2142254114151
gtzan_00168,classical_00068_wav,classical.00068.wav,GTZAN,classical,gtzan,classical.00068.wav,data\raw\gtzan\genres_original\classical\classical.00068.wav,83.35433467741936,0.0573766529560089,0.0951725486997293,1559.8689033036003,2813.322147803074,-234.39540100097656,130.25942993164062,-39.53585815429688,19.33927345275879,-6.798908233642578,-5.137262344360352,-3.7139501571655273,-4.03218936920166,-5.072198867797852,-1.3705558776855469,-7.748773574829102,-4.379882335662842,0.4718624651432037
gtzan_00169,classical_00069_wav,classical.00069.wav,GTZAN,classical,gtzan,classical.00069.wav,data\raw\gtzan\genres_original\classical\classical.00069.wav,69.83741554054055,0.0291503965854644,0.0792533715197215,1349.2750136365898,2443.460656540023,-321.2634582519531,136.30853271484375,-28.29458236694336,31.03899955749512,0.5667708516120911,0.2270039618015289,0.6589531898498535,-1.3173214197158811,-0.0413714610040187,-0.4193557202816009,-6.18453311920166,-0.1565732508897781,-0.4766108393669128
gtzan_00170,classical_00070_wav,classical.00070.wav,GTZAN,classical,gtzan,classical.00070.wav,data\raw\gtzan\genres_original\classical\classical.00070.wav,161.4990234375,0.0319445244967937,0.0708377894189868,1355.5040220465617,2521.8245291654584,-321.1299743652344,134.6035919189453,-18.25528907775879,22.196823120117188,0.4218311011791229,-3.799387693405152,0.4846670925617218,-1.1444714069366455,-1.8977864980697632,-0.1007324606180191,-2.754602670669556,0.586736798286438,2.494759559631348
gtzan_00171,classical_00071_wav,classical.00071.wav,GTZAN,classical,gtzan,classical.00071.wav,data\raw\gtzan\genres_original\classical\classical.00071.wav,143.5546875,0.0516805201768875,0.075862970079273,1397.4372725407006,2616.0343745468385,-269.6727600097656,136.44247436523438,-25.02957534790039,26.401323318481445,0.6752402186393738,-5.365645408630371,-1.104305386543274,-1.4958301782608032,-0.1750898957252502,-3.8036410808563232,-9.292686462402344,-3.141767740249634,1.6498812437057495
gtzan_00172,classical_00072_wav,classical.00072.wav,GTZAN,classical,gtzan,classical.00072.wav,data\raw\gtzan\genres_original\classical\classical.00072.wav,117.45383522727272,0.0207243673503398,0.0637424171017014,1285.145711575264,2476.5848181917054,-360.8185424804688,138.986083984375,-12.93692111968994,33.786643981933594,7.590706348419189,-1.715435266494751,1.025928616523743,4.0695481300354,3.937297582626343,0.9441125392913818,0.5203141570091248,4.687003612518311,3.339288711547852
gtzan_00173,classical_00073_wav,classical.00073.wav,GTZAN,classical,gtzan,classical.00073.wav,data\raw\gtzan\genres_original\classical\classical.00073.wav,129.19921875,0.0438086539506912,0.0709397507008894,1211.6130429168547,2105.241149760731,-306.8489990234375,152.85926818847656,-27.601049423217773,16.330490112304688,-3.141580820083618,-8.93311595916748,-5.436670780181885,-9.77867317199707,-7.106647491455078,0.2986222505569458,0.8942699432373047,5.444417953491211,8.217877388000488
gtzan_00174,classical_00074_wav,classical.00074.wav,GTZAN,classical,gtzan,classical.00074.wav,data\raw\gtzan\genres_original\classical\classical.00074.wav,161.4990234375,0.0373147539794445,0.0721379845804331,1360.153923471902,2568.996066560325,-289.7109069824219,143.902099609375,-26.998798370361328,24.06792259216309,-1.148625731468201,-6.298394203186035,-2.740370035171509,-3.523544788360596,-3.019984483718872,-3.146546602249145,-7.264842510223389,-1.6957297325134275,3.0778305530548096
gtzan_00175,classical_00075_wav,classical.00075.wav,GTZAN,classical,gtzan,classical.00075.wav,data\raw\gtzan\genres_original\classical\classical.00075.wav,117.45383522727272,0.0164787154644727,0.0608640878770301,1171.4623081533855,2235.3146865030453,-412.9704284667969,138.53778076171875,-19.24843978881836,34.16341018676758,8.972399711608887,-4.291573524475098,4.162137985229492,0.8806267380714417,3.0791404247283936,0.1046601384878158,-4.064545154571533,3.79170823097229,5.926168918609619
gtzan_00176,classical_00076_wav,classical.00076.wav,GTZAN,classical,gtzan,classical.00076.wav,data\raw\gtzan\genres_original\classical\classical.00076.wav,172.265625,0.0588159747421741,0.0717456224622969,1340.6423820206642,2522.5156567212875,-238.72607421875,149.73269653320312,-28.86225128173828,28.271631240844727,-0.7836422324180603,-3.931684494018554,-2.1489953994750977,-4.34683084487915,-4.187112808227539,-3.4336841106414795,-5.754953861236572,-0.0946393311023712,2.541508913040161
gtzan_00177,classical_00077_wav,classical.00077.wav,GTZAN,classical,gtzan,classical.00077.wav,data\raw\gtzan\genres_original\classical\classical.00077.wav,161.4990234375,0.0167533103376626,0.0483349345030935,811.5604155421513,1235.761050337152,-477.9508056640625,155.36328125,12.765870094299316,5.526382923126221,2.4022274017333984,-10.652609825134276,-16.645296096801758,-12.53770351409912,-11.184162139892578,-9.372797966003418,-3.2123310565948486,-2.765850782394409,-6.476381301879883
gtzan_00178,classical_00078_wav,classical.00078.wav,GTZAN,classical,gtzan,classical.00078.wav,data\raw\gtzan\genres_original\classical\classical.00078.wav,67.99958881578948,0.006629291921854,0.0412818572360788,715.3997068104165,1037.798803201131,-552.1200561523438,173.35479736328125,26.352298736572266,14.116411209106444,7.256919860839844,-7.083105087280273,-5.854581356048584,-10.339325904846191,-11.015789985656738,-9.189095497131348,-8.822911262512207,-4.927473068237305,-3.645651340484619
gtzan_00179,classical_00079_wav,classical.00079.wav,GTZAN,classical,gtzan,classical.00079.wav,data\raw\gtzan\genres_original\classical\classical.00079.wav,143.5546875,0.018837695941329,0.0520882425802397,789.4212072363385,1158.0633247534802,-437.6479187011719,170.98812866210938,7.42747163772583,-3.10046124458313,0.8014155626296997,-11.131898880004885,-12.522610664367676,-6.89777421951294,-5.842573165893555,-8.446321487426758,-8.475860595703125,-8.3396577835083,-7.380613327026367
gtzan_00180,classical_00080_wav,classical.00080.wav,GTZAN,classical,gtzan,classical.00080.wav,data\raw\gtzan\genres_original\classical\classical.00080.wav,143.5546875,0.0052764443680644,0.03153360341744,971.7773909688176,1906.5711213928364,-549.7567749023438,157.12164306640625,6.588772773742676,34.4301643371582,13.269286155700684,5.73420524597168,5.047469615936279,-3.0118825435638428,2.0593338012695312,3.072089195251465,2.014800548553467,3.2391557693481445,5.669092655181885
gtzan_00181,classical_00081_wav,classical.00081.wav,GTZAN,classical,gtzan,classical.00081.wav,data\raw\gtzan\genres_original\classical\classical.00081.wav,151.99908088235293,0.0165461190044879,0.0605744423095514,1213.9717123940766,2163.887069949971,-374.6436462402344,153.85194396972656,-21.576778411865234,20.84772682189941,7.007452964782715,-3.94474458694458,-2.5182204246521,-2.8123350143432617,-4.294847011566162,-4.50909423828125,-5.758689403533936,-4.259094715118408,-3.8445487022399902
gtzan_00182,classical_00082_wav,classical.00082.wav,GTZAN,classical,gtzan,classical.00082.wav,data\raw\gtzan\genres_original\classical\classical.00082.wav,117.45383522727272,0.0430018045008182,0.0873781751498453,1415.2612463169878,2489.7662027805973,-263.96630859375,142.13409423828125,-51.38689041137695,5.024369239807129,-20.27393341064453,-17.125635147094727,-16.0706729888916,-20.30716896057129,-15.036521911621094,-9.735161781311035,-8.405694007873535,-11.790456771850586,-6.888520240783691
gtzan_00183,classical_00083_wav,classical.00083.wav,GTZAN,classical,gtzan,classical.00083.wav,data\raw\gtzan\genres_original\classical\classical.00083.wav,117.45383522727272,0.0418846793472766,0.0507763407530935,852.7957557019602,1401.0154777225928,-338.83526611328125,190.2120513916016,-16.310832977294922,3.697673082351685,-0.4375145435333252,-8.8909273147583,-10.380199432373049,-16.36756134033203,-13.282546043395996,-10.782710075378418,-8.636702537536621,-8.278225898742676,-4.625417709350586
gtzan_00184,classical_00084_wav,classical.00084.wav,GTZAN,classical,gtzan,classical.00084.wav,data\raw\gtzan\genres_original\classical\classical.00084.wav,112.34714673913044,0.0220114514231681,0.0579445965052204,1001.738329816786,1732.223786887326,-369.0356140136719,171.96292114257812,-27.31944274902344,6.018662929534912,-0.1477441638708114,-10.680950164794922,-11.923370361328123,-10.192581176757812,-11.356762886047363,-10.497931480407717,-8.36854076385498,-9.795355796813965,-5.054962635040283
gtzan_00185,classical_00085_wav,classical.00085.wav,GTZAN,classical,gtzan,classical.00085.wav,data\raw\gtzan\genres_original\classical\classical.00085.wav,107.666015625,0.0388996005058288,0.0915895537267981,1525.7810336955597,2733.276253897187,-246.12374877929688,149.4347381591797,-41.99037551879883,11.616398811340332,-10.285727500915527,-4.01296329498291,-7.136823177337647,-10.133123397827148,-9.41763401031494,-7.165168285369873,-3.1556873321533203,-5.642313480377197,-2.5849554538726807
gtzan_00186,classical_00086_wav,classical.00086.wav,GTZAN,classical,gtzan,classical.00086.wav,data\raw\gtzan\genres_original\classical\classical.00086.wav,99.38401442307692,0.0315096750855445,0.0768346233323665,1356.1549279503429,2496.2028485716355,-283.4979248046875,159.58953857421875,-29.53636741638184,18.541332244873047,-9.86740016937256,-3.427704095840454,-10.99082374572754,-9.783079147338867,-8.297109603881836,-4.248380184173584,-2.869797706604004,-5.977563858032227,-4.024008274078369
gtzan_00187,classical_00087_wav,classical.00087.wav,GTZAN,classical,gtzan,classical.00087.wav,data\raw\gtzan\genres_original\classical\classical.00087.wav,123.046875,0.0214698426425457,0.0510448387954369,876.9834292869848,1457.4131516458815,-392.92291259765625,190.78292846679688,-13.342517852783203,8.27839469909668,1.5497223138809204,-11.070781707763672,-11.240391731262209,-14.006674766540527,-10.618850708007812,-9.38476848602295,-4.61954402923584,-10.070488929748535,-4.819358825683594
gtzan_00188,classical_00088_wav,classical.00088.wav,GTZAN,classical,gtzan,classical.00088.wav,data\raw\gtzan\genres_original\classical\classical.00088.wav,103.359375,0.0282750818878412,0.0705662703016241,1303.8905870850056,2350.141782827001,-299.60308837890625,157.27076721191406,-37.33165740966797,15.771455764770508,-5.744013786315918,-4.456099033355713,-6.8125410079956055,-10.729723930358888,-9.876471519470217,-8.153111457824707,-5.423214912414551,-7.835010051727295,-2.731196165084839
gtzan_00189,classical_00089_wav,classical.00089.wav,GTZAN,classical,gtzan,classical.00089.wav,data\raw\gtzan\genres_original\classical\classical.00089.wav,99.38401442307692,0.0351342819631099,0.1666526941947022,2423.299494201251,4296.515189965197,-301.90838623046875,57.53806686401367,-59.134185791015625,33.547447204589844,-20.90315628051757,17.73060417175293,-0.635739266872406,49.011356353759766,19.13300895690918,27.09926414489746,-17.64959144592285,-0.2955547869205475,-3.742962121963501
gtzan_00190,classical_00090_wav,classical.00090.wav,GTZAN,classical,gtzan,classical.00090.wav,data\raw\gtzan\genres_original\classical\classical.00090.wav,95.703125,0.023853251710534,0.1519646050850734,2172.1382928954195,4066.452982254205,-326.32940673828125,85.93001556396484,-42.96249771118164,31.845888137817383,-19.57003402709961,9.995521545410156,-16.44505500793457,9.99025058746338,-8.603288650512695,25.50757598876953,6.538925647735596,16.397539138793945,3.4896814823150635
gtzan_00191,classical_00091_wav,classical.00091.wav,GTZAN,classical,gtzan,classical.00091.wav,data\raw\gtzan\genres_original\classical\classical.00091.wav,92.28515625,0.0447676591575145,0.1524053044035189,2192.650290158105,4066.011659839037,-251.2267303466797,88.74597930908203,-41.78732299804688,37.92015838623047,-12.03349781036377,21.6347885131836,-5.862581729888916,25.71518898010254,-5.211887836456299,14.296337127685549,-7.554203987121582,10.47600555419922,-4.916656017303467
gtzan_00192,classical_00092_wav,classical.00092.wav,GTZAN,classical,gtzan,classical.00092.wav,data\raw\gtzan\genres_original\classical\classical.00092.wav,95.703125,0.0841498225927352,0.130968133700696,1807.88989115406,3073.0112451964906,-299.6480407714844,103.64811706542967,-27.68024635314941,51.01206588745117,12.305221557617188,16.478336334228516,-10.935712814331056,-0.8951449990272522,3.862285852432251,12.954363822937012,-12.40724754333496,2.46608304977417,5.1903510093688965
gtzan_00193,classical_00093_wav,classical.00093.wav,GTZAN,classical,gtzan,classical.00093.wav,data\raw\gtzan\genres_original\classical\classical.00093.wav,135.99917763157896,0.0824917182326316,0.1082496495552977,1623.8519279187194,2732.31034068663,-207.38674926757807,117.60477447509766,-41.413570404052734,13.24866771697998,-1.6554661989212036,15.525357246398926,-10.332819938659668,-1.8827873468399048,-12.760220527648926,7.002404689788818,-0.7667924761772156,2.0612058639526367,-8.255264282226562
gtzan_00194,classical_00094_wav,classical.00094.wav,GTZAN,classical,gtzan,classical.00094.wav,data\raw\gtzan\genres_original\classical\classical.00094.wav,184.5703125,0.0139905586838722,0.0701187735643851,1423.4579191374964,2926.0259004314094,-385.8355712890625,128.6689910888672,-26.7185287475586,39.470829010009766,-2.158800840377808,16.757965087890625,-5.719223976135254,14.71816062927246,-3.088406562805176,12.293642044067385,-5.889204978942871,2.789282321929932,3.6823153495788574
gtzan_00195,classical_00095_wav,classical.00095.wav,GTZAN,classical,gtzan,classical.00095.wav,data\raw\gtzan\genres_original\classical\classical.00095.wav,86.1328125,0.0135638359934091,0.1243542452146171,1800.8886921601006,3427.243261492169,-422.5392456054688,89.84893035888672,-18.7363224029541,37.78148651123047,5.9981842041015625,4.1557297706604,-1.990410327911377,12.125072479248049,4.162502288818359,13.789372444152832,2.827352523803711,5.892104625701904,6.119675159454346
gtzan_00196,classical_00096_wav,classical.00096.wav,GTZAN,classical,gtzan,classical.00096.wav,data\raw\gtzan\genres_original\classical\classical.00096.wav,135.99917763157896,0.056986678391695,0.1175719317962103,1933.689602078464,3573.9621474405453,-203.6249542236328,111.14586639404295,-51.55012512207031,39.45784378051758,-10.566591262817385,11.89577865600586,-13.162065505981444,15.126838684082031,-7.2787861824035645,13.377410888671877,-7.293882846832275,3.8445091247558594,-3.7725613117218018
gtzan_00197,classical_00097_wav,classical.00097.wav,GTZAN,classical,gtzan,classical.00097.wav,data\raw\gtzan\genres_original\classical\classical.00097.wav,103.359375,0.0367200635373592,0.0859099326904485,1494.4198208263692,2781.813392727668,-280.6795654296875,122.71280670166016,-14.39484691619873,26.860963821411133,1.3476542234420776,5.995553970336914,-13.10958194732666,3.374728202819824,-11.556767463684082,5.183155536651611,-1.0440582036972046,2.7510886192321777,0.05479097366333
gtzan_00198,classical_00098_wav,classical.00098.wav,GTZAN,classical,gtzan,classical.00098.wav,data\raw\gtzan\genres_original\classical\classical.00098.wav,184.5703125,0.0290937311947345,0.1234226212055297,1952.4955106143584,3779.826563859484,-287.5845642089844,101.76427459716795,-35.354251861572266,41.28776168823242,-12.733182907104492,17.27873420715332,-13.967281341552734,16.303979873657227,-5.591361999511719,13.657965660095217,-8.786261558532715,-0.0522140897810459,-13.756943702697754
gtzan_00199,classical_00099_wav,classical.00099.wav,GTZAN,classical,gtzan,classical.00099.wav,data\raw\gtzan\genres_original\classical\classical.00099.wav,95.703125,0.0105055281892418,0.0806853610788863,1525.1238505471035,3325.680818137326,-378.6697082519531,126.48252868652344,-18.8218002319336,42.89233016967773,-14.304485321044922,25.3521785736084,-14.636221885681152,18.69944953918457,-10.180535316467283,21.11648941040039,4.444666862487793,18.222326278686523,-10.28749942779541
gtzan_00200,country_00000_wav,country.00000.wav,GTZAN,country,gtzan,country.00000.wav,data\raw\gtzan\genres_original\country\country.00000.wav,86.1328125,0.248418390750885,0.1072048611111111,2797.844810465822,6221.176656087239,-23.06695556640625,70.26165008544922,3.813589096069336,28.325653076171875,13.753202438354492,5.724030017852783,3.9746286869049072,7.473487377166748,2.628851413726806,8.494884490966797,-2.3157191276550293,2.0894808769226074,-3.375138998031616
gtzan_00201,country_00001_wav,country.00001.wav,GTZAN,country,gtzan,country.00001.wav,data\raw\gtzan\genres_original\country\country.00001.wav,129.19921875,0.2305164784193039,0.1269882449970997,2938.155358204135,6279.551664914443,-7.939365386962891,62.72366714477539,-1.4569313526153564,28.112354278564453,9.96690845489502,9.36191177368164,5.411928653717041,9.822587013244627,3.027334451675415,8.42230224609375,0.3123038709163666,6.541569232940674,0.7364417910575867
gtzan_00202,country_00002_wav,country.00002.wav,GTZAN,country,gtzan,country.00002.wav,data\raw\gtzan\genres_original\country\country.00002.wav,83.35433467741936,0.1465864032506942,0.0741623811400993,2308.673365080469,5190.053453357941,-120.27033233642578,79.23097229003906,5.233847618103027,34.54825973510742,16.508390426635742,13.13083553314209,6.347117424011231,9.962437629699709,-1.9985427856445312,6.809574127197266,-6.351778984069824,0.2274315506219864,-6.813056945800781
gtzan_00203,country_00003_wav,country.00003.wav,GTZAN,country,gtzan,country.00003.wav,data\raw\gtzan\genres_original\country\country.00003.wav,161.4990234375,0.2043635845184326,0.1025643835864938,2174.033868930845,4347.882042285459,-57.736473083496094,95.7702178955078,-10.117164611816406,40.98030090332031,13.97751808166504,-0.9865095019340516,-0.1834429502487182,7.431218147277832,-3.626953840255737,9.549538612365724,-2.9399421215057373,2.432668447494507,1.9963666200637813
gtzan_00204,country_00004_wav,country.00004.wav,GTZAN,country,gtzan,country.00004.wav,data\raw\gtzan\genres_original\country\country.00004.wav,117.45383522727272,0.2094975709915161,0.1241610028057275,2966.0860947459514,6349.153274205447,-20.74787139892578,62.95392990112305,2.302431344985962,30.77008819580078,6.971360683441162,6.502923011779785,6.31989049911499,9.867337226867676,3.435816764831543,9.37846565246582,-0.4014443755149841,7.521360397338867,-0.983493983745575
gtzan_00205,country_00005_wav,country.00005.wav,GTZAN,country,gtzan,country.00005.wav,data\raw\gtzan\genres_original\country\country.00005.wav,129.19921875,0.2039256244897842,0.1363724937643898,2926.2933111397347,6177.12900742877,-24.652149200439453,62.44562911987305,-7.763710975646973,28.437084197998047,10.987077713012695,5.545515537261963,-0.0931897461414337,13.748111724853516,2.906780242919922,9.913735389709473,0.8580753207206726,5.960100173950195,-1.218803644180298
gtzan_00206,country_00006_wav,country.00006.wav,GTZAN,country,gtzan,country.00006.wav,data\raw\gtzan\genres_original\country\country.00006.wav,112.34714673913044,0.2141377180814743,0.1283081334879495,2807.798623323479,6022.583194607163,-23.165637969970703,71.15422821044922,1.5789661407470703,24.444639205932617,16.317766189575195,4.575494766235352,-3.882565259933472,17.99947738647461,-3.3434436321258545,2.439249992370605,2.916221618652344,0.8202897906303406,-1.1060094833374023
gtzan_00207,country_00007_wav,country.00007.wav,GTZAN,country,gtzan,country.00007.wav,data\raw\gtzan\genres_original\country\country.00007.wav,103.359375,0.2441990375518798,0.1129358250290247,2898.717713090442,6399.852967631337,-20.77587509155273,64.90670776367188,6.771146297454834,26.36333656311035,11.670751571655272,13.185673713684082,-1.984930396080017,8.575973510742188,0.4733578264713287,7.446063041687012,-0.4083005487918854,6.953744888305664,3.6621053218841553
gtzan_00208,country_00008_wav,country.00008.wav,GTZAN,country,gtzan,country.00008.wav,data\raw\gtzan\genres_original\country\country.00008.wav,66.25600961538461,0.2745161950588226,0.1045625873409791,2505.711892214252,5479.959461738627,-19.724721908569336,76.64905548095703,-4.828754901885986,32.23617172241211,7.710165023803711,17.190839767456055,-1.488422989845276,9.151179313659668,2.756342649459839,9.147741317749023,-2.651405572891236,7.527001857757568,0.3916189670562744
gtzan_00209,country_00009_wav,country.00009.wav,GTZAN,country,gtzan,country.00009.wav,data\raw\gtzan\genres_original\country\country.00009.wav,95.703125,0.2365542501211166,0.1568727846498842,3191.1974627895097,6926.704745822482,12.180910110473633,58.995853424072266,0.93947434425354,26.74388694763184,9.24587345123291,3.564711570739746,1.5306731462478638,8.653441429138184,0.9995680451393129,11.648865699768066,-2.1961371898651123,1.193048119544983,0.4834355413913727
gtzan_00210,country_00010_wav,country.00010.wav,GTZAN,country,gtzan,country.00010.wav,data\raw\gtzan\genres_original\country\country.00010.wav,80.74951171875,0.074700653553009,0.0765400685179814,1861.2904354497373,3769.08494281105,-197.67449951171875,106.4984893798828,-4.427788734436035,37.66864776611328,-0.8651850819587708,-0.964314877986908,-3.4560346603393555,-0.0506964698433876,-9.304364204406738,-5.1781907081604,-4.251400947570801,-3.546842098236084,-1.3492190837860107
gtzan_00211,country_00011_wav,country.00011.wav,GTZAN,country,gtzan,country.00011.wav,data\raw\gtzan\genres_original\country\country.00011.wav,112.34714673913044,0.0784988552331924,0.1101627453112915,2839.2887217882185,6048.140509443881,-199.03079223632807,61.13566589355469,9.977105140686035,23.48760414123535,10.27345848083496,0.0100022125989198,8.022958755493164,1.124899983406067,-4.896873474121094,9.487030982971191,-6.357680797576904,3.8753511905670166,1.6241106986999512
gtzan_00212,country_00012_wav,country.00012.wav,GTZAN,country,gtzan,country.00012.wav,data\raw\gtzan\genres_original\country\country.00012.wav,89.10290948275862,0.1269638240337371,0.0640535878286929,1667.439236105422,3439.542001250725,-140.98521423339844,123.92884826660156,-2.5143308639526367,27.96435165405273,-0.0067385076545178,1.2093119621276855,-11.018566131591797,-1.3617688417434692,-7.0170979499816895,-6.121341705322266,-5.181911945343018,-2.158442974090576,-4.600536346435547
gtzan_00213,country_00013_wav,country.00013.wav,GTZAN,country,gtzan,country.00013.wav,data\raw\gtzan\genres_original\country\country.00013.wav,129.19921875,0.080048456788063,0.1295221716695669,2811.73987219857,6061.172010948376,-126.1754150390625,77.66365051269531,3.1590776443481445,19.9475154876709,10.816590309143066,0.7302648425102234,5.225821495056152,-0.4975934326648712,-0.999875545501709,5.398598670959473,-3.721517324447632,-3.493149280548096,-5.333840370178223
gtzan_00214,country_00014_wav,country.00014.wav,GTZAN,country,gtzan,country.00014.wav,data\raw\gtzan\genres_original\country\country.00014.wav,135.99917763157896,0.0926449373364448,0.1247839931361175,2952.856255223707,6570.291541292054,-124.5964584350586,72.4876708984375,16.712915420532227,18.248327255249023,12.22703456878662,8.098928451538086,7.987423419952393,-0.5055949091911316,2.373572826385498,-0.5664463639259338,-5.566546440124512,0.5460155010223389,-5.056594371795654
gtzan_00215,country_00015_wav,country.00015.wav,GTZAN,country,gtzan,country.00015.wav,data\raw\gtzan\genres_original\country\country.00015.wav,151.99908088235293,0.1048010438680648,0.0942363930781129,1958.677389724351,4207.726116136166,-116.20088958740234,111.78234100341795,-5.259753704071045,34.00730514526367,-12.467245101928713,4.243673801422119,-14.405147552490234,8.501583099365234,-8.204756736755371,-1.3313145637512207,-12.548870086669922,-4.999728202819824,-2.1419856548309326
gtzan_00216,country_00016_wav,country.00016.wav,GTZAN,country,gtzan,country.00016.wav,data\raw\gtzan\genres_original\country\country.00016.wav,107.666015625,0.0798465684056282,0.0601952973946249,1425.9164769253473,2880.7362284295245,-210.06398010253903,139.63099670410156,-17.02339744567871,58.00111770629883,-9.657642364501951,-1.953926682472229,-17.996740341186523,-8.213705062866211,-11.769783973693848,-7.872155666351318,0.6281512379646301,-9.96013355255127,-6.46469783782959
gtzan_00217,country_00017_wav,country.00017.wav,GTZAN,country,gtzan,country.00017.wav,data\raw\gtzan\genres_original\country\country.00017.wav,89.10290948275862,0.088725134730339,0.0638700575212683,1470.1888295787132,2967.6767442176624,-171.29129028320312,137.33084106445312,7.953132629394531,28.53717803955078,2.6923840045928955,-0.5005810856819153,-2.9544217586517334,-1.1463478803634644,-6.15360689163208,-2.3999364376068115,-5.856936454772949,-2.175435304641724,-5.339761257171631
gtzan_00218,country_00018_wav,country.00018.wav,GTZAN,country,gtzan,country.00018.wav,data\raw\gtzan\genres_original\country\country.00018.wav,86.1328125,0.0967935100197792,0.0955890794180201,2068.686361980023,4098.40305974478,-131.1271209716797,102.98963165283205,-11.526986122131348,17.742387771606445,16.950889587402344,4.443438529968262,1.2984260320663452,3.4160072803497314,-1.499869465827942,1.6113953590393066,-7.986049652099609,-0.8262619376182556,-8.877859115600586
gtzan_00219,country_00019_wav,country.00019.wav,GTZAN,country,gtzan,country.00019.wav,data\raw\gtzan\genres_original\country\country.00019.wav,83.35433467741936,0.0820891335606575,0.0509447656854215,1138.713246641952,2117.7230799557715,-256.08758544921875,163.09742736816406,-22.87263870239257,26.9220027923584,15.290811538696287,-3.50480055809021,4.233428478240967,-0.782372236251831,-9.455673217773438,1.7635616064071655,-4.421868801116943,-3.6404757499694815,-4.242846965789795
gtzan_00220,country_00020_wav,country.00020.wav,GTZAN,country,gtzan,country.00020.wav,data\raw\gtzan\genres_original\country\country.00020.wav,103.359375,0.105212315917015,0.0868045485305491,2407.100634971337,5210.019282011311,-161.30801391601562,74.79750061035156,22.43695640563965,46.04168701171875,5.290788173675537,25.12512969970703,-0.5774127840995789,10.391387939453123,-6.843632221221924,5.055820465087891,-0.7791240811347961,1.4077686071395874,-6.018043518066406
gtzan_00221,country_00021_wav,country.00021.wav,GTZAN,country,gtzan,country.00021.wav,data\raw\gtzan\genres_original\country\country.00021.wav,107.666015625,0.1098643913865089,0.0456491988109048,1044.0462117419274,1946.4400218423723,-209.3420867919922,167.1572723388672,-20.86927604675293,36.82771301269531,10.269156455993652,4.01041841506958,-5.674799919128418,-4.622757434844971,-6.246321678161621,-4.173066139221191,-6.682754039764404,-3.248921155929565,-7.9694085121154785
gtzan_00222,country_00022_wav,country.00022.wav,GTZAN,country,gtzan,country.00022.wav,data\raw\gtzan\genres_original\country\country.00022.wav,184.5703125,0.0751567184925079,0.0680572674980665,1719.3092365788868,3449.4009774688225,-195.0605926513672,114.2572021484375,0.0542271621525287,38.210243225097656,11.28742504119873,-6.041080474853516,1.2271348237991333,0.0053551387973129,-15.414559364318848,-3.5711240768432617,-6.128514289855957,-4.487022399902344,-0.1167937219142913
gtzan_00223,country_00023_wav,country.00023.wav,GTZAN,country,gtzan,country.00023.wav,data\raw\gtzan\genres_original\country\country.00023.wav,83.35433467741936,0.0389201454818248,0.0354636443832173,1494.6650899636236,3050.528782536978,-353.21612548828125,110.69939422607422,32.80690002441406,24.21294593811035,18.77594757080078,5.931182384490967,-1.7559547424316406,3.886394739151001,-2.9759042263031006,-1.897655963897705,-2.87080192565918,-0.9694334268569946,-6.477868556976318
gtzan_00224,country_00024_wav,country.00024.wav,GTZAN,country,gtzan,country.00024.wav,data\raw\gtzan\genres_original\country\country.00024.wav,129.19921875,0.0965822786092758,0.0824179476024748,1738.888673783788,3424.861785817865,-200.0401153564453,109.1282730102539,-5.535351276397705,48.16481018066406,1.23182213306427,4.5893754959106445,-9.155333518981934,-1.4718097448349,-11.66221046447754,-5.200040340423584,-11.54607105255127,4.985128879547119,-4.978435516357422
gtzan_00225,country_00025_wav,country.00025.wav,GTZAN,country,gtzan,country.00025.wav,data\raw\gtzan\genres_original\country\country.00025.wav,73.828125,0.079897329211235,0.0572769389259474,1564.759947167845,3187.3720385912125,-200.6366424560547,119.7210922241211,-3.6015028953552246,31.94820022583008,9.981616020202637,15.298752784729004,0.645039439201355,0.2389404326677322,-4.476763248443604,-2.3118438720703125,-5.262435436248779,-2.472914457321167,-6.044599533081055
gtzan_00226,country_00026_wav,country.00026.wav,GTZAN,country,gtzan,country.00026.wav,data\raw\gtzan\genres_original\country\country.00026.wav,107.666015625,0.1005648151040077,0.0548041890226218,1269.4499677914682,2496.502614740429,-194.29672241210932,151.88169860839844,-3.046674489974976,29.4851303100586,9.112080574035645,5.977399349212647,3.79209303855896,3.744472980499268,-5.855947971343994,1.6061537265777588,-3.765782833099365,0.9466190934181212,1.9692530632019043
gtzan_00227,country_00027_wav,country.00027.wav,GTZAN,country,gtzan,country.00027.wav,data\raw\gtzan\genres_original\country\country.00027.wav,92.28515625,0.1166444346308708,0.0973503661542923,2011.6423244781847,3907.5935664696926,-100.74243927001952,106.98483276367188,-27.1610050201416,29.10643577575684,5.043511390686035,-5.4201273918151855,3.246624708175659,-5.181634426116943,-5.12618350982666,-0.8220009207725525,-3.837446928024292,-2.7021472454071045,-6.640825271606445
gtzan_00228,country_00028_wav,country.00028.wav,GTZAN,country,gtzan,country.00028.wav,data\raw\gtzan\genres_original\country\country.00028.wav,89.10290948275862,0.0941119641065597,0.0598153972109435,1474.196472269433,2925.859363670969,-169.19781494140625,132.78765869140625,-13.480438232421877,31.19361686706543,6.340636253356934,-3.756156206130981,-2.0563089847564697,-3.62301254272461,-4.561148643493652,1.2814335823059082,-6.973178863525391,-7.253200054168701,-1.399120211601257
gtzan_00229,country_00029_wav,country.00029.wav,GTZAN,country,gtzan,country.00029.wav,data\raw\gtzan\genres_original\country\country.00029.wav,89.10290948275862,0.1171081289649009,0.0542105477813225,1214.048919472668,2273.9761954393853,-171.22010803222656,160.5003204345703,-17.81252670288086,30.494558334350582,7.512681007385254,-8.245816230773926,-5.668393135070801,0.135328322649002,-8.834623336791992,-2.654576539993286,0.7098934650421143,-3.779307365417481,-6.504766464233398
gtzan_00230,country_00030_wav,country.00030.wav,GTZAN,country,gtzan,country.00030.wav,data\raw\gtzan\genres_original\country\country.00030.wav,161.4990234375,0.0795975401997566,0.0428343121616396,1240.558750768216,2412.726297400667,-277.087890625,128.2577362060547,42.43085861206055,37.69645309448242,12.756253242492676,9.5888090133667,-5.99083137512207,-7.531861782073975,-8.029545783996582,-4.941132068634033,-6.536047458648682,-3.627244234085083,-7.230557918548584
gtzan_00231,country_00031_wav,country.00031.wav,GTZAN,country,gtzan,country.00031.wav,data\raw\gtzan\genres_original\country\country.00031.wav,112.34714673913044,0.1008553057909011,0.0953251129882057,2053.2290886505566,4094.556060578596,-130.46286010742188,104.11334991455078,-19.28124618530273,34.14440155029297,5.406137466430664,-2.158237934112549,-0.7159057855606079,-2.89620304107666,-5.449504852294922,4.081886291503906,-4.469344615936279,3.5258021354675293,2.147061347961426
gtzan_00232,country_00032_wav,country.00032.wav,GTZAN,country,gtzan,country.00032.wav,data\raw\gtzan\genres_original\country\country.00032.wav,99.38401442307692,0.0605246238410472,0.0675863574294276,1823.0687937358653,4015.4927335593097,-237.9140014648437,97.74066162109376,6.486993312835693,45.97633743286133,2.147954225540161,16.222749710083008,8.805923461914062,7.762761116027832,-0.588120698928833,4.484873294830322,0.1450569629669189,3.0194129943847656,-1.6621148586273191
gtzan_00233,country_00033_wav,country.00033.wav,GTZAN,country,gtzan,country.00033.wav,data\raw\gtzan\genres_original\country\country.00033.wav,92.28515625,0.10464458912611,0.1236318306506187,2456.633122147884,4914.691317883556,-133.236083984375,78.980712890625,-5.651559829711914,35.543968200683594,-7.5413994789123535,7.934287071228027,2.734516143798828,0.4063179790973663,-1.137035608291626,-1.1069704294204712,-7.843484878540039,-1.1704895496368408,-4.815073013305664
gtzan_00234,country_00034_wav,country.00034.wav,GTZAN,country,gtzan,country.00034.wav,data\raw\gtzan\genres_original\country\country.00034.wav,135.99917763157896,0.0782553777098655,0.1192822378915313,2614.438372812534,5435.743207112819,-153.84811401367188,83.6610336303711,-8.423430442810059,13.95413589477539,13.529382705688477,3.771029710769653,3.0097897052764893,6.34992790222168,2.074854612350464,2.0659384727478027,3.1616241931915283,-0.4881227016448974,-3.02049207687378
gtzan_00235,country_00035_wav,country.00035.wav,GTZAN,country,gtzan,country.00035.wav,data\raw\gtzan\genres_original\country\country.00035.wav,99.38401442307692,0.0999771058559417,0.1043653023491879,2321.8715325246903,4580.418732326712,-120.39205932617188,95.34927368164062,-6.02960729598999,25.17046165466309,20.96469116210937,-7.118642807006836,8.556663513183594,2.432133436203003,-14.665573120117188,9.278446197509766,-2.36325478553772,-3.152341365814209,0.6129312515258789
gtzan_00236,country_00036_wav,country.00036.wav,GTZAN,country,gtzan,country.00036.wav,data\raw\gtzan\genres_original\country\country.00036.wav,112.34714673913044,0.0227816253900527,0.0848665289056457,1827.591866027084,3647.221668358469,-339.63330078125,97.73944091796876,-9.760533332824709,50.98982620239258,7.826813220977783,11.73019790649414,0.6643610000610352,2.479300737380981,-4.782944679260254,0.2095817923545837,-5.971500873565674,-2.8880794048309326,-6.1571574211120605
gtzan_00237,country_00037_wav,country.00037.wav,GTZAN,country,gtzan,country.00037.wav,data\raw\gtzan\genres_original\country\country.00037.wav,99.38401442307692,0.0720960348844528,0.0849643362093967,2068.5882784767914,4232.86484012471,-173.42147827148438,105.07218933105467,1.1564537286758425,24.121641159057617,22.13652610778809,2.545085191726685,-1.5870075225830078,0.1725983619689941,-5.325685501098633,3.813948154449463,-4.530172824859619,-4.584659576416016,-1.5610789060592651
gtzan_00238,country_00038_wav,country.00038.wav,GTZAN,country,gtzan,country.00038.wav,data\raw\gtzan\genres_original\country\country.00038.wav,151.99908088235293,0.0909272730350494,0.1211492622534802,2859.975602065876,6246.194351798144,-118.04000854492188,74.17073822021484,8.27609920501709,15.46298885345459,6.169437408447266,8.448748588562012,4.112010002136231,5.716954708099365,-1.972500324249268,3.15925931930542,5.055857181549072,-1.113593578338623,2.443444013595581
gtzan_00239,country_00039_wav,country.00039.wav,GTZAN,country,gtzan,country.00039.wav,data\raw\gtzan\genres_original\country\country.00039.wav,123.046875,0.0963778868317604,0.2123672237529002,3760.290663960851,7441.953272277407,-89.67386627197266,36.28579330444336,11.468299865722656,37.4998893737793,9.179726600646973,3.728245973587036,2.828537940979004,6.823261737823486,1.469852089881897,0.1010012403130531,1.032421350479126,1.1742167472839355,-3.56374740600586
gtzan_00240,country_00040_wav,country.00040.wav,GTZAN,country,gtzan,country.00040.wav,data\raw\gtzan\genres_original\country\country.00040.wav,143.5546875,0.1090320348739624,0.1063055877803557,2449.980730793748,5043.390926352233,-102.84923553466795,85.32311248779297,-4.32763671875,30.58086204528809,3.0132761001586914,-1.9456671476364136,4.448987007141113,3.428649663925171,-4.250027656555176,-1.7693265676498413,-3.972877979278565,-1.363100528717041,-3.766650676727295
gtzan_00241,country_00041_wav,country.00041.wav,GTZAN,country,gtzan,country.00041.wav,data\raw\gtzan\genres_original\country\country.00041.wav,129.19921875,0.1133007779717445,0.0958602209010054,2634.080774456828,5807.827964127755,-111.5985107421875,82.24457550048828,13.052557945251465,31.938735961914062,23.697250366210938,-0.5260190963745117,12.032517433166504,3.6558897495269775,-5.743792533874512,3.342830181121826,1.435840129852295,0.7777616381645203,0.5533159971237183
gtzan_00242,country_00042_wav,country.00042.wav,GTZAN,country,gtzan,country.00042.wav,data\raw\gtzan\genres_original\country\country.00042.wav,103.359375,0.1177095770835876,0.0870443463602088,2387.916720230093,5391.769175518417,-101.26204681396484,84.10950469970703,7.773337841033935,30.376449584960938,13.854876518249512,11.63109016418457,-0.1130337342619896,-4.933457374572754,-2.364732265472412,-1.9693557024002075,-8.188220977783203,2.8224425315856934,0.5426248908042908
gtzan_00243,country_00043_wav,country.00043.wav,GTZAN,country,gtzan,country.00043.wav,data\raw\gtzan\genres_original\country\country.00043.wav,135.99917763157896,0.0950362607836723,0.1342852740719257,2530.388880021283,5070.036808022767,-101.15570831298828,85.45490264892578,-19.700145721435547,20.57249641418457,9.993921279907228,7.599151611328125,0.1010341867804527,3.405654191970825,0.0564049705862998,1.5781511068344116,-1.450114369392395,-1.2908275127410889,2.1361677646636963
gtzan_00244,country_00044_wav,country.00044.wav,GTZAN,country,gtzan,country.00044.wav,data\raw\gtzan\genres_original\country\country.00044.wav,78.30255681818181,0.1137002259492874,0.0665036796693735,1729.6277598310403,3358.804979789008,-162.7645263671875,119.90302276611328,-2.913233518600464,20.499267578125,27.806385040283203,5.481036186218262,6.042958736419678,1.2031067609786987,-3.6892402172088623,0.3672206699848175,4.430038928985596,-0.4151748716831207,2.456137418746948
gtzan_00245,country_00045_wav,country.00045.wav,GTZAN,country,gtzan,country.00045.wav,data\raw\gtzan\genres_original\country\country.00045.wav,78.30255681818181,0.1466402113437652,0.1329707288041376,2777.382854888532,5622.414261890951,-61.216102600097656,71.24164581298828,-17.032085418701172,17.13746452331543,5.068580627441406,-4.209185600280762,-1.6854188442230225,1.1768572330474854,-0.8558759093284607,4.965839862823486,-1.7027194499969482,4.843979835510254,-0.1622416377067566
gtzan_00246,country_00046_wav,country.00046.wav,GTZAN,country,gtzan,country.00046.wav,data\raw\gtzan\genres_original\country\country.00046.wav,78.30255681818181,0.1033316478133201,0.1158846613979118,2109.2888337081827,3843.818314058875,-126.8777313232422,103.50508880615234,-31.90220260620117,58.728965759277344,-1.9675040245056152,-3.130122900009156,-2.940473794937134,0.3603270053863525,-3.024714708328247,-0.8301774263381958,5.591790676116943,-10.14056396484375,0.7290090918540955
gtzan_00247,country_00047_wav,country.00047.wav,GTZAN,country,gtzan,country.00047.wav,data\raw\gtzan\genres_original\country\country.00047.wav,151.99908088235293,0.0906540676951408,0.0941000670678654,1783.961051767401,3555.8512747426043,-165.50192260742188,117.91021728515624,-33.61017227172852,42.59663772583008,-1.3797205686569214,3.8337578773498535,7.169087886810303,-7.17230224609375,-1.6477800607681274,0.8618335127830505,-12.5091552734375,2.88635802268982,-12.36155605316162
gtzan_00248,country_00048_wav,country.00048.wav,GTZAN,country,gtzan,country.00048.wav,data\raw\gtzan\genres_original\country\country.00048.wav,117.45383522727272,0.1169326528906822,0.0639637108468677,1939.764241843536,4127.871739504785,-148.96546936035156,107.24224090576172,11.193098068237305,26.70330047607422,11.396147727966309,-3.806002140045166,14.022876739501951,-5.870372295379639,-11.04255199432373,2.8018760681152344,-8.448974609375,3.182692289352417,-0.7675943374633789
gtzan_00249,country_00049_wav,country.00049.wav,GTZAN,country,gtzan,country.00049.wav,data\raw\gtzan\genres_original\country\country.00049.wav,112.34714673913044,0.1435869932174682,0.0757919748163186,1599.8152554101518,3006.271638449826,-110.01209259033205,134.7810821533203,-24.01602935791016,19.40424919128418,-4.401817798614502,-4.8039231300354,-7.807366371154785,-0.4004918336868286,-5.412569046020508,-2.954738140106201,0.7849147319793701,-4.762262344360352,-0.1712276190519333
gtzan_00250,country_00050_wav,country.00050.wav,GTZAN,country,gtzan,country.00050.wav,data\raw\gtzan\genres_original\country\country.00050.wav,117.45383522727272,0.1094271689653396,0.0789452218677494,1780.1519183147395,3874.702556282628,-143.0240478515625,121.8705062866211,-13.352004051208496,47.7601203918457,-12.661846160888672,23.361862182617188,-11.003620147705078,18.85380744934082,-13.706390380859377,15.944212913513184,-11.353545188903809,10.28969383239746,-6.003702163696289
gtzan_00251,country_00051_wav,country.00051.wav,GTZAN,country,gtzan,country.00051.wav,data\raw\gtzan\genres_original\country\country.00051.wav,64.599609375,0.0903624072670936,0.0592791563950116,1552.852535410727,3167.1211685216067,-204.6170196533203,121.93177032470705,-17.75931167602539,46.342567443847656,-1.8042147159576416,17.024564743041992,-14.703001022338867,14.678400993347168,-19.391206741333008,10.94080924987793,-13.479395866394045,1.1920140981674194,-6.21688985824585
gtzan_00252,country_00052_wav,country.00052.wav,GTZAN,country,gtzan,country.00052.wav,data\raw\gtzan\genres_original\country\country.00052.wav,71.77734375,0.0695257782936096,0.0354628891144624,1115.4542649777077,2347.310657899507,-265.2583312988281,138.8865966796875,6.1218342781066895,47.48346328735352,-2.3936750888824463,21.052335739135746,4.086328506469727,17.649063110351562,-12.020081520080566,15.48789119720459,-1.1331729888916016,7.89406156539917,0.5044537782669067
gtzan_00253,country_00053_wav,country.00053.wav,GTZAN,country,gtzan,country.00053.wav,data\raw\gtzan\genres_original\country\country.00053.wav,89.10290948275862,0.1335852891206741,0.1083081828837973,2271.807570154346,4957.7743778096,-84.65403747558594,100.9681625366211,-16.018264770507812,51.74296569824219,-17.085176467895508,22.57530403137207,-20.293848037719727,18.912817001342773,-19.483423233032227,15.338747024536133,-17.74065589904785,8.582939147949219,-15.00414752960205
gtzan_00254,country_00054_wav,country.00054.wav,GTZAN,country,gtzan,country.00054.wav,data\raw\gtzan\genres_original\country\country.00054.wav,75.99954044117646,0.1043269038200378,0.0601847236320572,1654.202272284551,3907.510298089472,-174.97488403320312,115.7171401977539,5.106381893157959,58.1695556640625,-3.305117607116699,29.65600204467773,-10.029459953308104,19.658973693847656,-16.309059143066406,13.749795913696287,-8.828230857849121,7.220380783081055,-8.88591480255127
gtzan_00255,country_00055_wav,country.00055.wav,GTZAN,country,gtzan,country.00055.wav,data\raw\gtzan\genres_original\country\country.00055.wav,129.19921875,0.1550333052873611,0.0811154866347641,1881.2994302088896,4111.484522277407,-82.91505432128906,122.52369689941406,-16.674043655395508,40.014259338378906,-15.010114669799805,21.67338180541992,-18.248836517333984,18.36210250854492,-17.980947494506836,16.986194610595703,-16.04673957824707,8.529278755187988,-8.704559326171875
gtzan_00256,country_00056_wav,country.00056.wav,GTZAN,country,gtzan,country.00056.wav,data\raw\gtzan\genres_original\country\country.00056.wav,80.74951171875,0.1362437158823013,0.0549250320233952,1468.4190609116015,3212.427494199536,-164.75694274902344,123.43170166015624,4.233312129974365,48.79601287841797,-5.139419555664063,22.83841323852539,-7.804436206817627,19.28497886657715,-11.00472640991211,21.25641441345215,-9.736252784729004,5.152664661407471,-6.14617395401001
gtzan_00257,country_00057_wav,country.00057.wav,GTZAN,country,gtzan,country.00057.wav,data\raw\gtzan\genres_original\country\country.00057.wav,67.99958881578948,0.1301541477441787,0.0754453064578499,1741.7395076824598,3790.310052929234,-137.82296752929688,121.53431701660156,-13.277685165405272,43.32655334472656,-10.697656631469728,17.857208251953125,-7.9370574951171875,9.101179122924805,-19.78598976135254,9.439495086669922,-19.6043643951416,6.910543918609619,-12.543537139892578
gtzan_00258,country_00058_wav,country.00058.wav,GTZAN,country,gtzan,country.00058.wav,data\raw\gtzan\genres_original\country\country.00058.wav,112.34714673913044,0.1638967990875244,0.0732871259909126,1796.7771455357924,4165.250915385731,-101.28446197509766,120.4251708984375,-0.3720835149288177,49.02042388916016,-15.882516860961914,19.86046600341797,-13.064458847045898,18.568098068237305,-15.70722770690918,15.235233306884766,-5.91601037979126,6.63277006149292,-10.354989051818848
gtzan_00259,country_00059_wav,country.00059.wav,GTZAN,country,gtzan,country.00059.wav,data\raw\gtzan\genres_original\country\country.00059.wav,135.99917763157896,0.145493671298027,0.0525349840487239,1535.2795344590563,3509.912109375,-185.04742431640625,120.51262664794922,29.736223220825195,56.37724685668945,-3.0307776927948,22.207426071166992,-10.348429679870604,20.054243087768555,-13.682731628417969,9.174517631530762,-6.423464298248291,3.294689893722534,-8.735302925109863
gtzan_00260,country_00060_wav,country.00060.wav,GTZAN,country,gtzan,country.00060.wav,data\raw\gtzan\genres_original\country\country.00060.wav,69.83741554054055,0.1410314738750457,0.042916258821539,1373.672817662343,3070.388291219548,-178.44419860839844,130.10279846191406,12.084436416625977,47.03776168823242,2.619436025619507,24.088787078857425,-4.6134562492370605,22.7719669342041,-10.922356605529783,13.527216911315918,-6.797600269317627,8.723130226135254,-6.095855712890625
gtzan_00261,country_00061_wav,country.00061.wav,GTZAN,country,gtzan,country.00061.wav,data\raw\gtzan\genres_original\country\country.00061.wav,60.09265988372093,0.1072588562965393,0.0485830402890564,1397.8216063370946,3100.9311330843966,-186.3160552978516,135.8829803466797,5.953440189361572,45.83232879638672,-5.7757439613342285,22.77190017700196,-12.9978609085083,17.130807876586914,-13.769464492797852,9.742056846618652,-8.368246078491211,6.645965576171875,-9.088501930236816
gtzan_00262,country_00062_wav,country.00062.wav,GTZAN,country,gtzan,country.00062.wav,data\raw\gtzan\genres_original\country\country.00062.wav,172.265625,0.1301512569189071,0.1023355175705723,2166.471557095469,4793.6190930430685,-94.11489868164062,109.19517517089844,-11.85244369506836,41.57529830932617,-19.483413696289062,23.837045669555664,-19.9287109375,20.376190185546875,-17.292415618896484,16.56681251525879,-10.20179843902588,9.3903169631958,-10.049055099487305
gtzan_00263,country_00063_wav,country.00063.wav,GTZAN,country,gtzan,country.00063.wav,data\raw\gtzan\genres_original\country\country.00063.wav,83.35433467741936,0.1314766705036163,0.0582580330384764,1614.7481553933535,3659.845154799884,-185.4403533935547,118.47169494628906,17.843555450439453,48.87461853027344,-2.1539905071258545,21.352632522583008,-8.989934921264648,20.510719299316406,-11.418231964111328,9.269892692565918,-5.457645893096924,5.765242576599121,-2.9797592163085938
gtzan_00264,country_00064_wav,country.00064.wav,GTZAN,country,gtzan,country.00064.wav,data\raw\gtzan\genres_original\country\country.00064.wav,66.25600961538461,0.0825695693492889,0.0600752096626063,1511.6510939715406,3236.808475928074,-217.8436737060547,128.38082885742188,-7.489438533782959,39.25254821777344,-2.512134075164795,18.151796340942383,-15.130851745605469,16.750951766967773,-15.251422882080078,4.877810478210449,-6.493602752685547,2.8954575061798096,-11.497562408447266
gtzan_00265,country_00065_wav,country.00065.wav,GTZAN,country,gtzan,country.00065.wav,data\raw\gtzan\genres_original\country\country.00065.wav,123.046875,0.1105702444911003,0.0386682497099768,894.1632061211116,1638.8799326602375,-250.86924743652344,163.1173553466797,-3.881734848022461,30.1544189453125,5.601076126098633,7.492879867553711,4.031415939331055,-2.128131866455078,-5.473495960235596,-1.0658693313598633,-9.986024856567385,1.8251428604125977,-8.749192237854004
gtzan_00266,country_00066_wav,country.00066.wav,GTZAN,country,gtzan,country.00066.wav,data\raw\gtzan\genres_original\country\country.00066.wav,112.34714673913044,0.1365132331848144,0.0989043316173627,1701.91907234896,3244.6273768307715,-102.45550537109376,135.6904754638672,-46.89049530029297,32.75058364868164,-11.162725448608398,23.48087310791016,-9.780841827392578,16.906740188598633,-11.689440727233888,13.2206392288208,-7.182705402374268,4.750381946563721,-8.194963455200195
gtzan_00267,country_00067_wav,country.00067.wav,GTZAN,country,gtzan,country.00067.wav,data\raw\gtzan\genres_original\country\country.00067.wav,64.599609375,0.0554357282817363,0.0353639489075792,857.6385822973483,1443.7654641277552,-328.8205261230469,167.05555725097656,13.084193229675291,28.807748794555664,11.268694877624512,14.433700561523438,11.71044635772705,7.778331756591797,-11.718677520751951,2.3764572143554688,-8.347567558288574,-3.8414902687072754,-6.715939044952393
gtzan_00268,country_00068_wav,country.00068.wav,GTZAN,country,gtzan,country.00068.wav,data\raw\gtzan\genres_original\country\country.00068.wav,172.265625,0.0834778398275375,0.05023594595901,1130.954293248005,2216.8374329321346,-229.47056579589844,157.29835510253906,-16.75773048400879,31.890926361083984,-0.1033693850040435,16.66340446472168,1.3644866943359375,12.21690559387207,-3.8698244094848633,6.83171272277832,-4.274108409881592,1.3335254192352295,-5.901879787445068
gtzan_00269,country_00069_wav,country.00069.wav,GTZAN,country,gtzan,country.00069.wav,data\raw\gtzan\genres_original\country\country.00069.wav,112.34714673913044,0.0871907174587249,0.0610736749564965,1327.6835009450767,2755.767043394721,-217.0956573486328,136.18626403808594,-10.360360145568848,51.37657165527344,2.6014087200164795,15.120925903320312,-0.6671307682991028,12.283902168273926,-6.230838298797607,7.798332691192627,-5.41699743270874,3.614485263824463,-2.797229051589966
gtzan_00270,country_00070_wav,country.00070.wav,GTZAN,country,gtzan,country.00070.wav,data\raw\gtzan\genres_original\country\country.00070.wav,112.34714673913044,0.1443820297718048,0.0947227861562258,1934.746539117464,4048.3754169083527,-99.30023193359376,117.56452941894533,-29.86264419555664,40.84934997558594,-15.244988441467283,27.983278274536133,-11.957685470581056,13.330233573913574,-11.37265396118164,10.531585693359377,-8.741357803344727,8.415969848632812,-6.837772846221924
gtzan_00271,country_00071_wav,country.00071.wav,GTZAN,country,gtzan,country.00071.wav,data\raw\gtzan\genres_original\country\country.00071.wav,143.5546875,0.1184152960777282,0.0605177971529389,1261.4725706259774,2422.2188927457946,-185.83062744140625,155.2784881591797,-25.014673233032227,20.56160354614257,-3.840731859207153,-0.5806228518486023,-4.570674419403076,-5.903666019439697,-16.528865814208984,-0.443143367767334,-16.295761108398438,-4.208365440368652,-16.804603576660156
gtzan_00272,country_00072_wav,country.00072.wav,GTZAN,country,gtzan,country.00072.wav,data\raw\gtzan\genres_original\country\country.00072.wav,151.99908088235293,0.1566895395517349,0.0822699149265274,1711.2823134696316,3556.434153404148,-96.21305847167967,131.9257049560547,-26.34214973449707,35.97560119628906,-22.810300827026367,14.496709823608398,-11.846744537353516,11.812926292419434,-21.22404670715332,11.553473472595217,-12.924738883972168,7.191204071044922,-13.94357681274414
gtzan_00273,country_00073_wav,country.00073.wav,GTZAN,country,gtzan,country.00073.wav,data\raw\gtzan\genres_original\country\country.00073.wav,151.99908088235293,0.0958582609891891,0.0697362299400618,1549.0049755952064,3289.650590015952,-166.97950744628906,132.45919799804688,-17.2906551361084,46.919471740722656,-3.624443292617798,20.92194366455078,-8.819718360900879,8.52129077911377,-15.130766868591309,8.09821891784668,-16.942901611328125,6.655009746551514,-10.937328338623049
gtzan_00274,country_00074_wav,country.00074.wav,GTZAN,country,gtzan,country.00074.wav,data\raw\gtzan\genres_original\country\country.00074.wav,135.99917763157896,0.0823368579149246,0.0711281902552204,1534.025676589064,3117.751345888921,-207.21536254882807,130.93447875976562,-18.500741958618164,33.30662536621094,-3.9250025749206543,15.375706672668455,-6.39925479888916,2.936305046081543,-16.783954620361328,7.089746475219727,-8.578887939453125,4.81406831741333,-12.240508079528809
gtzan_00275,country_00075_wav,country.00075.wav,GTZAN,country,gtzan,country.00075.wav,data\raw\gtzan\genres_original\country\country.00075.wav,95.703125,0.1797410994768142,0.1137185506090487,2187.086711351461,4840.857245142111,-60.88413619995117,105.47566223144533,-16.891281127929688,40.70618438720703,-15.02649211883545,36.02470779418945,-12.803593635559082,17.482776641845703,-16.734508514404297,11.757274627685549,-10.129631996154783,13.192774772644045,-12.202502250671388
gtzan_00276,country_00076_wav,country.00076.wav,GTZAN,country,gtzan,country.00076.wav,data\raw\gtzan\genres_original\country\country.00076.wav,143.5546875,0.1283528506755828,0.0664987704224671,1321.163087522188,2589.16366824971,-184.02577209472656,159.8464813232422,-23.11870574951172,43.006309509277344,-9.449420928955078,8.794506072998047,-1.6215797662734983,4.325510501861572,-13.346609115600586,0.8088536858558655,-13.964398384094238,1.4381043910980225,-7.371565818786621
gtzan_00277,country_00077_wav,country.00077.wav,GTZAN,country,gtzan,country.00077.wav,data\raw\gtzan\genres_original\country\country.00077.wav,184.5703125,0.1314976960420608,0.0878218955433101,1512.9985603792006,2922.345438025667,-118.18706512451172,152.96682739257812,-46.5102653503418,31.115102767944336,-17.286691665649414,6.265568256378174,-3.671698570251465,13.043842315673828,-13.12705421447754,15.689168930053713,-13.074953079223633,5.703221321105957,-10.688223838806152
gtzan_00278,country_00078_wav,country.00078.wav,GTZAN,country,gtzan,country.00078.wav,data\raw\gtzan\genres_original\country\country.00078.wav,66.25600961538461,0.0433549806475639,0.0498956973849574,1144.7179186044264,2223.115868800754,-302.3955383300781,150.12310791015625,-3.70143461227417,26.94847869873047,-0.253995269536972,13.509344100952148,7.23761510848999,4.229458808898926,1.7686700820922852,6.568505764007568,-0.499208003282547,7.897371292114258,1.3242467641830444
gtzan_00279,country_00079_wav,country.00079.wav,GTZAN,country,gtzan,country.00079.wav,data\raw\gtzan\genres_original\country\country.00079.wav,80.74951171875,0.1153411865234375,0.0457606009522428,963.4905601645274,1754.4231370540892,-229.0380706787109,180.35633850097656,4.526342868804932,24.16137886047364,1.0975037813186646,4.004453659057617,-5.9982781410217285,1.8956490755081177,-13.12757682800293,0.0193708501756191,-13.498176574707031,1.5882679224014282,-13.411388397216797
gtzan_00280,country_00080_wav,country.00080.wav,GTZAN,country,gtzan,country.00080.wav,data\raw\gtzan\genres_original\country\country.00080.wav,99.38401442307692,0.1532734334468841,0.0893611332656612,2049.045781101912,4434.182802983613,-100.99430847167967,111.63336181640624,-13.153434753417969,44.62135314941406,-5.950809478759766,29.34782218933105,-7.951810836791992,19.59369468688965,-22.44168472290039,17.266460418701172,-17.820220947265625,11.411718368530272,-12.46006202697754
gtzan_00281,country_00081_wav,country.00081.wav,GTZAN,country,gtzan,country.00081.wav,data\raw\gtzan\genres_original\country\country.00081.wav,89.10290948275862,0.1678869873285293,0.1010477843435808,2102.3281888392166,4418.120332439095,-74.12642669677734,107.60010528564452,-21.17962646484375,47.21442031860352,-5.977449893951416,17.78767967224121,-20.40730667114257,14.968517303466797,-15.963006973266602,15.74086570739746,-14.652679443359377,10.67768383026123,-10.131951332092283
gtzan_00282,country_00082_wav,country.00082.wav,GTZAN,country,gtzan,country.00082.wav,data\raw\gtzan\genres_original\country\country.00082.wav,117.45383522727272,0.1665889173746109,0.1060631465100541,2253.352182532848,4799.422899144432,-68.54693603515625,101.35420989990234,-16.902631759643555,51.5163688659668,-10.247857093811035,20.066511154174805,-21.7917423248291,15.527233123779297,-18.7927303314209,16.34883689880371,-17.898853302001953,12.116652488708496,-13.198232650756836
gtzan_00283,country_00083_wav,country.00083.wav,GTZAN,country,gtzan,country.00083.wav,data\raw\gtzan\genres_original\country\country.00083.wav,143.5546875,0.1310582756996154,0.0595446333623356,1436.0750491855931,2924.277264446781,-148.50250244140625,141.27963256835938,-15.892202377319336,44.66440582275391,0.9990850687026978,13.659056663513184,-13.239484786987305,12.647836685180664,-11.70189380645752,12.156607627868652,-10.480563163757324,9.91200351715088,-5.066420555114746
gtzan_00284,country_00084_wav,country.00084.wav,GTZAN,country,gtzan,country.00084.wav,data\raw\gtzan\genres_original\country\country.00084.wav,86.1328125,0.1806954741477966,0.0929928430732792,1964.8428801488071,4059.1420184708527,-80.20111083984375,108.20860290527344,-23.83251571655273,52.63199615478516,-6.411445617675781,15.06577491760254,-17.6520938873291,9.721558570861816,-16.176359176635742,8.915454864501953,-15.952364921569824,8.011224746704102,-10.704574584960938
gtzan_00285,country_00085_wav,country.00085.wav,GTZAN,country,gtzan,country.00085.wav,data\raw\gtzan\genres_original\country\country.00085.wav,73.828125,0.1354954242706298,0.0692675856776875,1596.3075160275191,3291.4408601906903,-145.99526977539062,124.62667083740234,-17.91832160949707,49.24787139892578,-0.1556613594293594,22.779769897460938,-7.180612564086914,16.739627838134766,-9.713184356689451,15.43089485168457,-7.628090381622314,10.920392990112305,-3.449840784072876
gtzan_00286,country_00086_wav,country.00086.wav,GTZAN,country,gtzan,country.00086.wav,data\raw\gtzan\genres_original\country\country.00086.wav,117.45383522727272,0.1336390972137451,0.0782847393416473,1879.4005199035505,4031.4136478574537,-122.4080047607422,111.47903442382812,-13.69251823425293,53.85154342651367,-2.666898250579834,19.69792556762696,-14.118525505065918,13.749604225158691,-14.021493911743164,14.629465103149414,-13.982924461364746,9.230215072631836,-10.549588203430176
gtzan_00287,country_00087_wav,country.00087.wav,GTZAN,country,gtzan,country.00087.wav,data\raw\gtzan\genres_original\country\country.00087.wav,143.5546875,0.1086267679929733,0.073959692817092,1591.292872476854,3162.882807968388,-170.80776977539062,124.7523422241211,-19.2241268157959,39.20478439331055,-3.74962306022644,15.295649528503418,-12.963912963867188,8.524565696716309,-11.82491397857666,11.32373332977295,-13.772379875183104,3.108306407928467,-10.077925682067873
gtzan_00288,country_00088_wav,country.00088.wav,GTZAN,country,gtzan,country.00088.wav,data\raw\gtzan\genres_original\country\country.00088.wav,103.359375,0.1526851952075958,0.0660505184164733,1622.736351486978,3526.990454158208,-121.93228912353516,123.2404327392578,-8.487367630004883,51.60188293457031,-0.0818782374262809,20.415292739868164,-11.87668514251709,16.255733489990234,-11.52815055847168,11.828813552856444,-8.078534126281738,9.130592346191406,-8.649565696716309
gtzan_00289,country_00089_wav,country.00089.wav,GTZAN,country,gtzan,country.00089.wav,data\raw\gtzan\genres_original\country\country.00089.wav,143.5546875,0.1046939641237258,0.0524919337296983,1321.5949691094015,2583.801184563515,-205.0475616455078,141.002685546875,-8.973265647888184,36.97792816162109,6.429158687591553,14.879154205322266,-4.315715789794922,12.230698585510254,-11.440385818481444,11.854239463806152,-7.894021511077881,9.91331386566162,-2.349644899368286
gtzan_00290,country_00090_wav,country.00090.wav,GTZAN,country,gtzan,country.00090.wav,data\raw\gtzan\genres_original\country\country.00090.wav,135.99917763157896,0.1474513560533523,0.0989968520398298,1927.414343379996,3883.47904355786,-91.6326675415039,115.85076904296876,-30.20836067199707,52.29310989379883,-5.0163893699646,16.967227935791016,-15.659035682678224,13.549748420715332,-12.757269859313965,15.972384452819824,-11.964476585388184,11.07045555114746,-9.95334529876709
gtzan_00291,country_00091_wav,country.00091.wav,GTZAN,country,gtzan,country.00091.wav,data\raw\gtzan\genres_original\country\country.00091.wav,117.45383522727272,0.0895048901438713,0.0647382389549497,1563.328275078701,3233.777506888051,-193.703842163086,125.5741958618164,-20.93847274780273,46.350379943847656,-2.690913677215576,12.83984661102295,-6.605611324310303,10.741081237792969,-10.902265548706056,6.133663177490234,-9.435060501098633,5.170075416564941,-3.657649040222168
gtzan_00292,country_00092_wav,country.00092.wav,GTZAN,country,gtzan,country.00092.wav,data\raw\gtzan\genres_original\country\country.00092.wav,161.4990234375,0.1765342950820922,0.1212093061194895,2335.07328909346,4839.275145917924,-50.7518196105957,96.70516204833984,-24.31789207458496,66.08042907714844,-14.691866874694824,24.38598251342773,-21.0242862701416,12.4622802734375,-18.149168014526367,13.252157211303713,-12.808225631713867,9.793718338012695,-11.34337043762207
gtzan_00293,country_00093_wav,country.00093.wav,GTZAN,country,gtzan,country.00093.wav,data\raw\gtzan\genres_original\country\country.00093.wav,86.1328125,0.0925519987940788,0.0681278851266434,1537.6491944018826,3055.325041237674,-213.5821228027344,117.22309112548828,-21.8720703125,45.651947021484375,-10.289831161499023,5.055660247802734,-11.914362907409668,5.57570743560791,-17.804672241210938,0.1862286925315857,-14.172101974487305,-1.1578783988952637,-10.305899620056152
gtzan_00294,country_00094_wav,country.00094.wav,GTZAN,country,gtzan,country.00094.wav,data\raw\gtzan\genres_original\country\country.00094.wav,112.34714673913044,0.2067791372537613,0.0629996102813225,1474.633907805747,3107.7175060723607,-104.3014678955078,136.42401123046875,-20.96894645690918,52.842994689941406,2.0333495140075684,20.441082000732425,-11.608102798461914,17.66217803955078,-15.74055290222168,11.053033828735352,-11.32599639892578,3.673659324645996,-6.494364261627197
gtzan_00295,country_00095_wav,country.00095.wav,GTZAN,country,gtzan,country.00095.wav,data\raw\gtzan\genres_original\country\country.00095.wav,89.10290948275862,0.1753369867801666,0.0673669518561485,1557.6838950873705,3220.9208689820184,-124.76744842529295,127.3147201538086,-23.38527107238769,47.38424301147461,0.5728502869606018,16.01681137084961,-9.985471725463867,16.20380210876465,-16.741411209106445,6.792562484741211,-8.200077056884766,3.2057223320007324,-1.6037218570709229
gtzan_00296,country_00096_wav,country.00096.wav,GTZAN,country,gtzan,country.00096.wav,data\raw\gtzan\genres_original\country\country.00096.wav,117.45383522727272,0.2181294560432434,0.0974130534609435,1754.279131482533,3505.0409091321058,-69.81324005126953,124.2111587524414,-32.48198318481445,47.68965530395508,1.4027221202850342,22.611412048339844,-8.74413776397705,21.426990509033203,-15.670838356018066,15.738123893737791,-12.439983367919922,9.570569038391112,-9.04307746887207
gtzan_00297,country_00097_wav,country.00097.wav,GTZAN,country,gtzan,country.00097.wav,data\raw\gtzan\genres_original\country\country.00097.wav,112.34714673913044,0.1531419157981872,0.0671992821925754,1560.9704395228032,3175.1066061847446,-148.32594299316406,126.8631591796875,-19.5679931640625,52.8514518737793,8.58825397491455,17.879751205444336,-8.078774452209473,17.77848243713379,-15.498923301696776,13.507555961608888,-10.954302787780762,9.461726188659668,-1.9177359342575075
gtzan_00298,country_00098_wav,country.00098.wav,GTZAN,country,gtzan,country.00098.wav,data\raw\gtzan\genres_original\country\country.00098.wav,117.45383522727272,0.1763221770524978,0.0617220731825212,1425.0102958845057,2980.1253670606147,-139.55894470214844,128.8077392578125,-20.2224063873291,49.41929244995117,-2.161149024963379,16.970991134643555,-8.32038688659668,9.811273574829102,-20.12681007385254,2.491771697998047,-11.236035346984863,3.7693121433258057,-6.397822856903076
gtzan_00299,country_00099_wav,country.00099.wav,GTZAN,country,gtzan,country.00099.wav,data\raw\gtzan\genres_original\country\country.00099.wav,143.5546875,0.2208106964826584,0.1082458732115235,2157.477061355517,4478.648118021317,-42.14101791381836,106.2569351196289,-24.205154418945312,44.66939926147461,-12.335083961486816,20.522794723510746,-16.045717239379883,18.48575210571289,-18.77558326721192,15.510425567626951,-15.453373908996582,8.948845863342285,-9.9699125289917
gtzan_00300,disco_00000_wav,disco.00000.wav,GTZAN,disco,gtzan,disco.00000.wav,data\raw\gtzan\genres_original\disco\disco.00000.wav,117.45383522727272,0.1421838998794555,0.0965254538231895,2297.869205004395,4888.775343226358,-111.0967025756836,94.02796173095705,12.417174339294434,16.642749786376953,8.123974800109863,15.666400909423828,-1.4119718074798584,7.022715091705322,0.973052740097046,-1.4942184686660769,-3.0857205390930176,-5.09838342666626,-3.713449716567993
gtzan_00301,disco_00001_wav,disco.00001.wav,GTZAN,disco,gtzan,disco.00001.wav,data\raw\gtzan\genres_original\disco\disco.00001.wav,117.45383522727272,0.1772209256887436,0.1885523173483103,3292.625966945947,6522.402264994959,-28.99652862548828,51.86002349853516,-7.567775726318359,21.508852005004883,8.142488479614258,18.11250686645508,6.885487079620361,6.562539100646973,0.7092879414558411,11.163655281066896,-1.810252070426941,1.6388946771621704,-2.588551521301269
gtzan_00302,disco_00002_wav,disco.00002.wav,GTZAN,disco,gtzan,disco.00002.wav,data\raw\gtzan\genres_original\disco\disco.00002.wav,92.28515625,0.1613253057003021,0.153338438950116,3592.1012577762776,8074.801288790603,-53.13909149169922,57.17435073852539,21.1628360748291,11.305179595947266,18.122615814208984,1.6669307947158811,0.3510491549968719,2.330658197402954,-5.102266788482666,2.7492876052856445,3.1521553993225098,-5.514364242553711,-3.158053398132324
gtzan_00303,disco_00003_wav,disco.00003.wav,GTZAN,disco,gtzan,disco.00003.wav,data\raw\gtzan\genres_original\disco\disco.00003.wav,129.19921875,0.196364477276802,0.1495607339559387,3045.7695051132,6206.322905441811,-44.42723083496094,52.308860778808594,3.2418212890625,43.953216552734375,12.58835792541504,24.510374069213867,4.91808032989502,15.308394432067873,2.044261932373047,10.39415454864502,-1.4653996229171753,8.8323974609375,0.4107046723365783
gtzan_00304,disco_00004_wav,disco.00004.wav,GTZAN,disco,gtzan,disco.00004.wav,data\raw\gtzan\genres_original\disco\disco.00004.wav,123.046875,0.1145965158939361,0.1690144195910672,3328.485123779752,7195.803613507831,-83.52435302734375,64.48860931396484,5.647238731384277,2.704124689102173,0.7875721454620361,6.16655969619751,1.887542724609375,1.9781001806259155,-1.8109947443008425,1.8594125509262085,2.4581620693206787,-0.2235338687896728,2.9570417404174805
gtzan_00305,disco_00005_wav,disco.00005.wav,GTZAN,disco,gtzan,disco.00005.wav,data\raw\gtzan\genres_original\disco\disco.00005.wav,107.666015625,0.2069209218025207,0.1446281579262452,2722.7441876547605,5471.916924838362,-24.79434585571289,73.69977569580078,-11.751136779785156,28.307111740112305,6.289551734924316,2.1921849250793457,8.419753074645996,12.201459884643556,-4.0567731857299805,13.50584888458252,1.8663177490234373,-0.9272375106811525,0.529549241065979
gtzan_00306,disco_00006_wav,disco.00006.wav,GTZAN,disco,gtzan,disco.00006.wav,data\raw\gtzan\genres_original\disco\disco.00006.wav,123.046875,0.1919864565134048,0.1636452140129543,2848.3484036039818,5506.7628086028135,-14.543533325195312,65.19523620605469,-19.888023376464844,31.507598876953125,-4.813732624053955,11.862862586975098,9.992635726928713,5.959980010986328,-3.795433282852173,9.389118194580078,-4.3807454109191895,3.3440945148468018,-4.4466705322265625
gtzan_00307,disco_00007_wav,disco.00007.wav,GTZAN,disco,gtzan,disco.00007.wav,data\raw\gtzan\genres_original\disco\disco.00007.wav,129.19921875,0.1596560925245285,0.1402915488447409,3098.981629103861,6098.076557062065,-53.39798355102539,56.168243408203125,-6.337717533111572,31.6035385131836,4.650694847106934,16.342302322387695,4.108254909515381,1.879274010658264,-0.3830156922340393,2.502116203308105,-0.5431440472602844,0.962052285671234,0.4904342889785766
gtzan_00308,disco_00008_wav,disco.00008.wav,GTZAN,disco,gtzan,disco.00008.wav,data\raw\gtzan\genres_original\disco\disco.00008.wav,123.046875,0.1905459761619568,0.1643124669216705,2801.6483406549696,5445.745412637125,-32.53684997558594,65.03932189941406,-26.76309967041016,30.29741668701172,5.69683837890625,11.663854598999023,-2.223491668701172,10.424505233764648,-2.370877504348755,5.3699445724487305,-3.876373767852783,-0.8617130517959595,-0.2100042998790741
gtzan_00309,disco_00009_wav,disco.00009.wav,GTZAN,disco,gtzan,disco.00009.wav,data\raw\gtzan\genres_original\disco\disco.00009.wav,129.19921875,0.1190622672438621,0.1706677028953983,3016.96214464188,5955.021479843387,-68.89596557617188,63.11452865600586,-15.856374740600586,28.005142211914062,8.177577018737793,7.328402042388916,-4.928695201873779,9.49163055419922,-0.973259210586548,-1.5965477228164673,-6.184433460235596,-3.937838077545166,-1.167724847793579
gtzan_00310,disco_00010_wav,disco.00010.wav,GTZAN,disco,gtzan,disco.00010.wav,data\raw\gtzan\genres_original\disco\disco.00010.wav,107.666015625,0.2329629808664322,0.1503026361900618,2877.3249689743534,5865.000033987094,-6.7419610023498535,61.1274299621582,-16.678871154785156,27.43954849243164,7.731595516204834,16.011606216430664,4.645724773406982,11.449950218200684,0.34965780377388,9.844836235046388,3.193084478378296,5.0341796875,-1.8564600944519043
gtzan_00311,disco_00011_wav,disco.00011.wav,GTZAN,disco,gtzan,disco.00011.wav,data\raw\gtzan\genres_original\disco\disco.00011.wav,95.703125,0.1889525949954986,0.1309711547757154,3132.818574933688,6864.012425681554,-41.290470123291016,62.78995513916016,7.32551908493042,12.125383377075195,6.36550760269165,9.256826400756836,3.0646753311157227,13.852243423461914,0.1567269563674926,8.068840026855469,-2.692490339279175,-7.219533920288086,-3.240490436553955
gtzan_00312,disco_00012_wav,disco.00012.wav,GTZAN,disco,gtzan,disco.00012.wav,data\raw\gtzan\genres_original\disco\disco.00012.wav,112.34714673913044,0.1756594777107238,0.1314991138599537,2737.426247323321,5710.111999511719,-57.93354415893555,68.41912841796875,-15.229960441589355,23.413599014282227,14.88644313812256,13.21788215637207,2.185202121734619,12.799521446228027,0.054304052144289,12.76955223083496,0.0144500732421875,3.3858511447906494,0.8470123410224915
gtzan_00313,disco_00013_wav,disco.00013.wav,GTZAN,disco,gtzan,disco.00013.wav,data\raw\gtzan\genres_original\disco\disco.00013.wav,184.5703125,0.1708529144525528,0.1595289992991106,3391.382979030728,7203.938934255365,-40.04595184326172,56.21626663208008,23.6948299407959,31.939434051513672,2.452561855316162,2.5685513019561768,-2.4853036403656006,3.1026105880737305,1.8834161758422847,3.3490376472473145,-0.0007126196869648,-1.517274260520935,-2.45376968383789
gtzan_00314,disco_00014_wav,disco.00014.wav,GTZAN,disco,gtzan,disco.00014.wav,data\raw\gtzan\genres_original\disco\disco.00014.wav,103.359375,0.1738151758909225,0.156306688999613,3087.386904869757,6529.785515280331,-23.8994369506836,61.22460174560547,-0.957839846611023,25.333396911621094,0.3923261761665344,6.033596038818359,2.490350246429444,6.193024635314941,-0.3279417157173157,9.698275566101074,-5.509933948516846,1.0603337287902832,-2.439218282699585
gtzan_00315,disco_00015_wav,disco.00015.wav,GTZAN,disco,gtzan,disco.00015.wav,data\raw\gtzan\genres_original\disco\disco.00015.wav,123.046875,0.2159783989191055,0.0902270488930781,2362.1999951747694,5439.015654455481,-46.74704360961914,103.70500946044922,22.142030715942383,9.226591110229492,2.244324207305908,-4.804673194885254,4.799442291259766,0.9555882811546326,-9.410717010498049,-1.0700736045837402,-0.8719844222068787,-5.276244163513184,-1.7570606470108032
gtzan_00316,disco_00016_wav,disco.00016.wav,GTZAN,disco,gtzan,disco.00016.wav,data\raw\gtzan\genres_original\disco\disco.00016.wav,123.046875,0.2057725638151168,0.1142480842911877,2520.400966509234,5334.78094692888,-35.82261657714844,83.80553436279297,-2.9022395610809326,32.21155548095703,9.142919540405272,4.183920383453369,0.1390708237886428,11.092201232910156,-2.8971176147460938,7.998058795928955,0.6317117810249329,3.669567108154297,3.778089761734009
gtzan_00317,disco_00017_wav,disco.00017.wav,GTZAN,disco,gtzan,disco.00017.wav,data\raw\gtzan\genres_original\disco\disco.00017.wav,123.046875,0.1161289066076278,0.1207210248694895,2564.319118061095,5388.255249873115,-98.16172790527344,92.4001235961914,2.6566379070281982,19.36862564086914,3.576744794845581,-1.7492287158966064,-1.703768253326416,-3.1805613040924072,-9.10361671447754,-4.083568096160889,-5.186326503753662,-5.482036113739014,-4.234681606292725
gtzan_00318,disco_00018_wav,disco.00018.wav,GTZAN,disco,gtzan,disco.00018.wav,data\raw\gtzan\genres_original\disco\disco.00018.wav,123.046875,0.1388271003961563,0.1435833877126836,3042.884603420503,6836.725377483323,-73.0806655883789,71.74356079101562,12.0506591796875,1.425979733467102,4.533033847808838,10.859456062316896,3.87050724029541,0.9373201727867126,-5.980536937713623,9.043951034545898,-2.371837615966797,3.555073499679565,-0.1440149694681167
gtzan_00319,disco_00019_wav,disco.00019.wav,GTZAN,disco,gtzan,disco.00019.wav,data\raw\gtzan\genres_original\disco\disco.00019.wav,117.45383522727272,0.1470512002706527,0.1036553497196442,2117.530159147441,4198.499979607744,-95.01545715332033,109.33992767333984,-30.174461364746094,16.372011184692383,20.0421085357666,11.961958885192873,3.4946069717407227,6.1797285079956055,5.210738658905029,8.621323585510254,0.3279032707214355,0.3777126967906952,0.5331149697303772
gtzan_00320,disco_00020_wav,disco.00020.wav,GTZAN,disco,gtzan,disco.00020.wav,data\raw\gtzan\genres_original\disco\disco.00020.wav,161.4990234375,0.1245862394571304,0.1032629876015081,2116.927274597057,4349.140806264501,-104.112060546875,105.87216186523438,-14.32532024383545,36.70711898803711,-10.33620834350586,16.7938232421875,-6.814496994018555,8.132145881652832,-4.465441703796387,0.976478099822998,-10.008007049560549,0.3817832469940185,-1.7023789882659912
gtzan_00321,disco_00021_wav,disco.00021.wav,GTZAN,disco,gtzan,disco.00021.wav,data\raw\gtzan\genres_original\disco\disco.00021.wav,107.666015625,0.111416682600975,0.1240453402938901,3248.6133322702376,7422.285280869344,-115.04207611083984,70.4220962524414,31.22711753845215,11.16552734375,13.071170806884766,3.884778499603272,1.8103959560394287,4.975019454956055,-1.037005066871643,3.930138349533081,-1.284106969833374,-0.688199520111084,-1.0692143440246582
gtzan_00322,disco_00022_wav,disco.00022.wav,GTZAN,disco,gtzan,disco.00022.wav,data\raw\gtzan\genres_original\disco\disco.00022.wav,123.046875,0.1368904262781143,0.1728866824970997,3708.046287535484,7808.592277225928,-71.92822265625,46.86369323730469,21.034687042236328,29.959735870361328,9.510750770568848,2.4001262187957764,8.244513511657715,2.5220787525177,-2.147987365722656,0.4501540064811706,-0.228583738207817,-1.5527981519699097,-3.614701509475708
gtzan_00323,disco_00023_wav,disco.00023.wav,GTZAN,disco,gtzan,disco.00023.wav,data\raw\gtzan\genres_original\disco\disco.00023.wav,112.34714673913044,0.1782562881708145,0.1509782240912606,3167.5676546703503,6730.141850801189,-32.14138412475586,60.04310607910156,3.376016616821289,18.97939109802246,4.334355354309082,0.6901732087135315,-2.0188448429107666,1.3335375785827637,-4.638998985290527,3.795323371887207,-6.736157417297363,-4.882986545562744,-2.334522485733032
gtzan_00324,disco_00024_wav,disco.00024.wav,GTZAN,disco,gtzan,disco.00024.wav,data\raw\gtzan\genres_original\disco\disco.00024.wav,129.19921875,0.1429800987243652,0.1202165053412606,2624.5953730379574,5605.452492840052,-69.60469055175781,83.08519744873047,-16.60028839111328,0.1195983439683914,7.424560546875,0.7700179219245911,1.3361760377883911,4.702174663543701,-1.4133262634277344,3.323810815811157,-2.874507665634156,-8.199040412902832,-5.765654563903809
gtzan_00325,disco_00025_wav,disco.00025.wav,GTZAN,disco,gtzan,disco.00025.wav,data\raw\gtzan\genres_original\disco\disco.00025.wav,123.046875,0.1079154536128044,0.0996603556409512,2410.1827466667305,5080.48698974043,-124.13812255859376,90.155029296875,-11.326765060424805,10.933903694152832,-1.1476144790649414,-3.760954141616821,-0.8593711256980896,-3.834641456604004,-3.7020184993743896,-0.2586871385574341,-5.817555904388428,-3.4389443397521973,-4.63116455078125
gtzan_00326,disco_00026_wav,disco.00026.wav,GTZAN,disco,gtzan,disco.00026.wav,data\raw\gtzan\genres_original\disco\disco.00026.wav,117.45383522727272,0.1430795937776565,0.1315957620359628,3043.4814904722807,6612.491956387761,-68.01875305175781,66.34893798828125,11.85679054260254,21.979219436645508,9.759334564208984,6.6914167404174805,1.5993632078170776,3.809169292449951,0.9501346349716188,4.770012378692627,-4.20975923538208,-0.0649649053812027,-1.2371031045913696
gtzan_00327,disco_00027_wav,disco.00027.wav,GTZAN,disco,gtzan,disco.00027.wav,data\raw\gtzan\genres_original\disco\disco.00027.wav,112.34714673913044,0.115638867020607,0.101182977450696,2908.392060756294,6346.674306210121,-155.7920684814453,60.57840347290039,23.198116302490234,31.21089553833008,25.073205947875977,16.9140682220459,9.436687469482422,8.45610237121582,5.326895236968994,6.556581020355225,5.768651008605957,3.919316053390503,7.570213794708252
gtzan_00328,disco_00028_wav,disco.00028.wav,GTZAN,disco,gtzan,disco.00028.wav,data\raw\gtzan\genres_original\disco\disco.00028.wav,123.046875,0.1725804507732391,0.1983751148008507,3715.271351069296,7728.446461263776,-20.47054100036621,53.68522644042969,5.98602819442749,10.1436128616333,17.071462631225586,9.52999782562256,4.61429500579834,6.3984856605529785,-0.3337704539299011,1.7301816940307615,3.6740260124206543,-0.7755048274993896,-5.878823757171631
gtzan_00329,disco_00029_wav,disco.00029.wav,GTZAN,disco,gtzan,disco.00029.wav,data\raw\gtzan\genres_original\disco\disco.00029.wav,103.359375,0.1476060152053833,0.1385359266241299,3074.942777552132,6847.691823158352,-58.94889450073242,68.86537170410156,-8.46513843536377,3.622922658920288,5.078615188598633,3.268003225326538,13.515597343444824,-1.3778012990951538,1.661935329437256,3.7085092067718506,-3.704808473587036,-0.3206619918346405,-2.831315994262696
gtzan_00330,disco_00030_wav,disco.00030.wav,GTZAN,disco,gtzan,disco.00030.wav,data\raw\gtzan\genres_original\disco\disco.00030.wav,135.99917763157896,0.170026496052742,0.1507754344305877,3167.8337523397327,6935.373427530452,-40.71369171142578,63.95091247558594,4.902644634246826,16.33907127380371,12.110872268676758,9.339043617248535,4.542072772979736,5.188458442687988,-0.5900864005088806,-0.0836343988776207,2.9502360820770264,-1.4827313423156738,-1.7668098211288452
gtzan_00331,disco_00031_wav,disco.00031.wav,GTZAN,disco,gtzan,disco.00031.wav,data\raw\gtzan\genres_original\disco\disco.00031.wav,123.046875,0.115770973265171,0.1737518428557617,3256.7740354745392,6681.338253154002,-66.53787231445312,58.33224487304688,-8.166877746582031,15.470133781433104,5.562297821044922,7.68519401550293,4.067871570587158,-3.591658353805542,-1.3340572118759155,1.6063357591629028,-5.484921455383301,-3.744691610336304,-3.247986555099488
gtzan_00332,disco_00032_wav,disco.00032.wav,GTZAN,disco,gtzan,disco.00032.wav,data\raw\gtzan\genres_original\disco\disco.00032.wav,112.34714673913044,0.111073337495327,0.1232511751981825,2446.9190771478084,4958.057490302349,-123.29784393310548,86.98799896240234,-22.510141372680664,6.945115566253662,8.464020729064941,12.645011901855469,-0.8519461750984192,-0.8299223780632019,-3.255981683731079,2.6263628005981445,-0.7744255661964417,-0.4201104044914245,-3.837739229202272
gtzan_00333,disco_00033_wav,disco.00033.wav,GTZAN,disco,gtzan,disco.00033.wav,data\raw\gtzan\genres_original\disco\disco.00033.wav,129.19921875,0.1570010632276535,0.1244871725154679,2450.0500752194566,5023.239978338892,-57.78725051879883,86.559814453125,-11.81929874420166,38.767333984375,2.3642830848693848,8.8277006149292,-1.2815474271774292,9.920641899108888,-1.6515294313430786,9.845060348510742,3.010071992874145,7.505507469177246,1.706141710281372
gtzan_00334,disco_00034_wav,disco.00034.wav,GTZAN,disco,gtzan,disco.00034.wav,data\raw\gtzan\genres_original\disco\disco.00034.wav,129.19921875,0.1229035183787345,0.1808128504447022,3653.609029284893,7835.279793086572,-65.7372817993164,52.81753921508789,16.577531814575195,12.56466579437256,5.615614891052246,8.381712913513184,-0.6212922930717468,-0.6169187426567078,-4.081779956817627,0.6823787689208984,-7.7812113761901855,-1.8877474069595337,-7.248200416564941
gtzan_00335,disco_00035_wav,disco.00035.wav,GTZAN,disco,gtzan,disco.00035.wav,data\raw\gtzan\genres_original\disco\disco.00035.wav,123.046875,0.1525747776031494,0.1763363725348027,3623.362916853546,7702.858088022042,-51.75624847412109,55.67487335205078,11.394243240356444,7.483064651489258,12.00196933746338,6.2593207359313965,4.351068019866943,4.309930324554443,-5.939199924468994,0.5639088749885559,3.5909502506256104,-2.395156145095825,-5.825572967529297
gtzan_00336,disco_00036_wav,disco.00036.wav,GTZAN,disco,gtzan,disco.00036.wav,data\raw\gtzan\genres_original\disco\disco.00036.wav,135.99917763157896,0.1731330752372741,0.1620300717807424,3347.8844806862858,7056.886974786108,-23.52810478210449,57.33983612060547,6.999584674835205,16.544727325439453,5.509444236755371,11.861255645751951,1.690222144126892,5.464110374450684,2.752816677093506,7.339925289154053,1.962922215461731,1.268303155899048,-2.3431496620178223
gtzan_00337,disco_00037_wav,disco.00037.wav,GTZAN,disco,gtzan,disco.00037.wav,data\raw\gtzan\genres_original\disco\disco.00037.wav,129.19921875,0.1640261709690094,0.1900112686098221,3637.194459042794,7770.913335176189,-26.54096794128418,52.05400466918945,4.179080486297607,12.8681001663208,16.743417739868164,10.122045516967772,4.475881099700928,6.324653625488281,1.1631845235824585,0.6498783230781555,4.632928371429443,2.1359357833862305,-3.365624189376831
gtzan_00338,disco_00038_wav,disco.00038.wav,GTZAN,disco,gtzan,disco.00038.wav,data\raw\gtzan\genres_original\disco\disco.00038.wav,123.046875,0.1131540238857269,0.1682021280452436,3353.272603716506,7042.473218169954,-77.4092788696289,52.19617462158203,-9.003091812133789,12.85837173461914,8.561959266662598,2.8917155265808105,8.934338569641113,4.010401725769043,-7.348842620849609,-2.2601583003997803,0.9607387781143188,-1.044734239578247,-3.765554666519165
gtzan_00339,disco_00039_wav,disco.00039.wav,GTZAN,disco,gtzan,disco.00039.wav,data\raw\gtzan\genres_original\disco\disco.00039.wav,112.34714673913044,0.1243307366967201,0.1011584312161639,2327.861966296338,4866.437291545823,-107.41984558105467,91.09122467041016,-8.382523536682129,34.32669448852539,-1.92899489402771,3.783794403076172,10.523688316345217,5.570746898651123,6.945120811462402,4.771472454071045,0.6847172975540161,-3.8454554080963135,-2.575352430343628
gtzan_00340,disco_00040_wav,disco.00040.wav,GTZAN,disco,gtzan,disco.00040.wav,data\raw\gtzan\genres_original\disco\disco.00040.wav,135.99917763157896,0.145182266831398,0.1264267026778809,2606.215651844842,5354.847975728683,-78.27702331542969,80.05519104003906,-9.142083168029783,25.45793533325196,-3.383607864379883,16.801830291748047,7.257556438446045,1.81098210811615,0.487985759973526,6.317307472229004,1.4957060813903809,2.1651053428649902,0.6582738161087036
gtzan_00341,disco_00041_wav,disco.00041.wav,GTZAN,disco,gtzan,disco.00041.wav,data\raw\gtzan\genres_original\disco\disco.00041.wav,161.4990234375,0.1754993498325348,0.0538442424352281,1776.08433338699,3874.078043430976,-121.98674011230467,116.83763885498048,28.313995361328125,24.71066665649414,10.90701389312744,-1.8986321687698364,-1.400725245475769,-0.9551913142204284,-3.546633243560791,-2.615010023117065,-1.120231866836548,-4.186802387237549,-2.5443248748779297
gtzan_00342,disco_00042_wav,disco.00042.wav,GTZAN,disco,gtzan,disco.00042.wav,data\raw\gtzan\genres_original\disco\disco.00042.wav,103.359375,0.1360112875699997,0.121640942212877,2403.569442471179,4900.710556844548,-62.305908203125,92.05528259277344,-19.735248565673828,17.631166458129883,-3.193490505218506,5.413430213928223,-4.01235818862915,8.881420135498047,-2.5060362815856934,3.1576826572418213,-0.5328962206840515,-1.4959397315979004,1.2951083183288574
gtzan_00343,disco_00043_wav,disco.00043.wav,GTZAN,disco,gtzan,disco.00043.wav,data\raw\gtzan\genres_original\disco\disco.00043.wav,129.19921875,0.1737182140350341,0.1347388129592034,2874.940334521945,6020.004123767401,-62.79920196533203,77.87672424316406,3.5501275062561035,26.026775360107425,5.941183567047119,11.304941177368164,11.127760887145996,-1.9641226530075075,1.8354582786560056,9.169044494628906,4.072073936462402,0.9988596439361572,5.614306926727295
gtzan_00344,disco_00044_wav,disco.00044.wav,GTZAN,disco,gtzan,disco.00044.wav,data\raw\gtzan\genres_original\disco\disco.00044.wav,123.046875,0.1489730328321457,0.1095898739607501,2329.9901338015047,4644.094062681264,-71.26750183105469,97.74219512939452,-18.38505744934082,8.590288162231445,5.192099094390869,-0.9435341954231262,0.454823225736618,1.61976957321167,-4.78740930557251,0.0647207722067833,-0.5517142415046692,-4.455987453460693,-5.318957805633545
gtzan_00345,disco_00045_wav,disco.00045.wav,GTZAN,disco,gtzan,disco.00045.wav,data\raw\gtzan\genres_original\disco\disco.00045.wav,123.046875,0.1354817301034927,0.1097190249178267,2248.003750588597,4609.537684889791,-81.27337646484375,106.47810363769533,-9.53958797454834,17.967937469482422,3.011126756668091,8.301750183105469,3.889174938201904,4.249683380126953,-3.741935968399048,-2.07386326789856,-2.2084693908691406,-4.591594219207764,-1.1644108295440674
gtzan_00346,disco_00046_wav,disco.00046.wav,GTZAN,disco,gtzan,disco.00046.wav,data\raw\gtzan\genres_original\disco\disco.00046.wav,123.046875,0.1130586341023445,0.1141981462683681,2259.5655416138134,4889.552593895011,-125.68153381347656,101.78446197509766,-17.478099822998047,33.67275619506836,-15.236320495605469,23.7031364440918,-8.659070014953613,18.54402732849121,-14.054306983947754,19.970239639282227,-15.139116287231444,12.969246864318848,-14.306306838989258
gtzan_00347,disco_00047_wav,disco.00047.wav,GTZAN,disco,gtzan,disco.00047.wav,data\raw\gtzan\genres_original\disco\disco.00047.wav,123.046875,0.0470071695744991,0.087009226363109,1710.8693138583706,3238.8901854335845,-280.81011962890625,120.82487487792967,-37.62156295776367,28.72121238708496,-10.790938377380373,-6.399467468261719,-13.801727294921877,-4.073987007141113,-14.835254669189451,4.801027774810791,-20.16977310180664,-5.097657203674316,-6.788316249847412
gtzan_00348,disco_00048_wav,disco.00048.wav,GTZAN,disco,gtzan,disco.00048.wav,data\raw\gtzan\genres_original\disco\disco.00048.wav,99.38401442307692,0.1123151704668998,0.154337659512761,2617.358915163895,4986.177222302784,-104.9735870361328,80.19306182861328,-41.08145904541016,54.00934219360352,-8.367720603942871,25.72383117675781,-12.463930130004885,28.71552276611328,-15.017285346984863,15.618767738342283,-7.622063636779785,12.43292999267578,-7.365959644317627
gtzan_00349,disco_00049_wav,disco.00049.wav,GTZAN,disco,gtzan,disco.00049.wav,data\raw\gtzan\genres_original\disco\disco.00049.wav,123.046875,0.2095554023981094,0.1352758090438901,2396.997938613417,4920.545085013051,-45.11296463012695,98.66075897216795,-24.66510963439941,40.48506164550781,-18.098039627075195,26.11055374145508,-12.679214477539062,13.979293823242188,-15.413932800292969,16.17810821533203,-14.369598388671877,8.14078140258789,-11.931640625
gtzan_00350,disco_00050_wav,disco.00050.wav,GTZAN,disco,gtzan,disco.00050.wav,data\raw\gtzan\genres_original\disco\disco.00050.wav,107.666015625,0.1590265780687332,0.1287397132395591,2375.876794890427,5005.320622915458,-45.78504180908203,101.74592590332033,-32.09034729003906,34.2849006652832,-17.537124633789062,32.316349029541016,-15.643783569335938,22.03470230102539,-16.108905792236328,18.675683975219727,-13.076387405395508,16.484670639038086,-9.905086517333984
gtzan_00351,disco_00051_wav,disco.00051.wav,GTZAN,disco,gtzan,disco.00051.wav,data\raw\gtzan\genres_original\disco\disco.00051.wav,107.666015625,0.1063893735408783,0.1576298760150812,2650.631198195173,5370.785543702871,-77.22457122802734,89.38706970214844,-34.2393913269043,38.7013053894043,-22.256702423095703,31.255943298339844,-16.383636474609375,22.336254119873047,-16.026412963867188,19.280406951904297,-13.238131523132324,16.733848571777344,-10.388744354248049
gtzan_00352,disco_00052_wav,disco.00052.wav,GTZAN,disco,gtzan,disco.00052.wav,data\raw\gtzan\genres_original\disco\disco.00052.wav,123.046875,0.1253658533096313,0.1697749752271848,2590.6506858720963,5060.527559001595,-70.5027084350586,90.5178451538086,-48.06607818603516,36.68781280517578,-17.691068649291992,21.59544563293457,-30.198862075805664,24.04689598083496,-20.45977783203125,14.487849235534668,-18.499725341796875,9.12891960144043,-12.056172370910645
gtzan_00353,disco_00053_wav,disco.00053.wav,GTZAN,disco,gtzan,disco.00053.wav,data\raw\gtzan\genres_original\disco\disco.00053.wav,135.99917763157896,0.1726531684398651,0.154212662533836,3078.378082558208,6405.545051025957,-108.52073669433594,69.9716796875,14.881099700927734,45.51457595825195,-5.378344058990479,41.798561096191406,-13.523432731628418,32.56643295288086,-20.38680648803711,23.4368896484375,-12.135613441467283,18.003036499023438,-9.030099868774414
gtzan_00354,disco_00054_wav,disco.00054.wav,GTZAN,disco,gtzan,disco.00054.wav,data\raw\gtzan\genres_original\disco\disco.00054.wav,112.34714673913044,0.0521847233176231,0.114602970320959,2565.316235691943,5519.286372987964,-226.28775024414065,78.3124771118164,7.799702644348144,53.84218597412109,-1.162455439567566,11.327861785888672,-7.839498043060303,24.38706398010254,-14.95478343963623,18.496824264526367,-19.15217399597168,6.154318809509277,-10.076930046081545
gtzan_00355,disco_00055_wav,disco.00055.wav,GTZAN,disco,gtzan,disco.00055.wav,data\raw\gtzan\genres_original\disco\disco.00055.wav,129.19921875,0.121532917022705,0.1103900812064965,2107.895519705964,4397.486427820476,-103.07982635498048,107.52951049804688,-33.57500076293945,52.807254791259766,-9.143793106079102,30.34320640563965,-9.334303855895996,23.03293800354004,-11.88339138031006,18.171276092529297,-7.534641265869141,9.404017448425291,-5.42706823348999
gtzan_00356,disco_00056_wav,disco.00056.wav,GTZAN,disco,gtzan,disco.00056.wav,data\raw\gtzan\genres_original\disco\disco.00056.wav,89.10290948275862,0.0762133076786995,0.0769275213892111,1754.6271048849226,3814.915859284368,-182.7935943603516,124.23369598388672,-10.084076881408691,41.61787033081055,-7.398632526397705,26.95716094970703,-12.377198219299316,19.83295631408692,-16.064037322998047,16.212339401245117,-10.25922393798828,3.146323204040528,-8.98263931274414
gtzan_00357,disco_00057_wav,disco.00057.wav,GTZAN,disco,gtzan,disco.00057.wav,data\raw\gtzan\genres_original\disco\disco.00057.wav,117.45383522727272,0.0762138217687606,0.0924305454853055,1937.5225305675287,4162.944381253626,-143.2004852294922,122.619873046875,-23.921741485595703,28.142974853515625,-23.697572708129883,23.094669342041016,-17.918237686157227,18.7441520690918,-18.641849517822266,18.35869598388672,-13.920317649841309,9.72960090637207,-12.238688468933104
gtzan_00358,disco_00058_wav,disco.00058.wav,GTZAN,disco,gtzan,disco.00058.wav,data\raw\gtzan\genres_original\disco\disco.00058.wav,129.19921875,0.1222548335790634,0.1109455813756767,2217.982601779682,4743.79129431917,-109.5182113647461,104.14104461669922,-16.22426414489746,45.35592651367188,-10.191858291625977,25.55186653137207,-17.159259796142578,22.267576217651367,-16.841636657714844,16.532176971435547,-12.07968044281006,8.671256065368652,-8.845070838928223
gtzan_00359,disco_00059_wav,disco.00059.wav,GTZAN,disco,gtzan,disco.00059.wav,data\raw\gtzan\genres_original\disco\disco.00059.wav,123.046875,0.1169466748833656,0.1101755848801237,2279.919739642909,4829.0664425029,-109.0468978881836,106.84025573730467,-18.285694122314453,23.429872512817383,-17.75878143310547,19.030059814453125,-13.616571426391602,18.69514274597168,-18.368885040283203,18.40076065063477,-9.718183517456056,11.86281967163086,-5.561348915100098
gtzan_00360,disco_00060_wav,disco.00060.wav,GTZAN,disco,gtzan,disco.00060.wav,data\raw\gtzan\genres_original\disco\disco.00060.wav,129.19921875,0.1145268082618713,0.0929732060856535,1974.340405198489,4249.643418739124,-121.14220428466795,116.9890365600586,-22.79216194152832,45.16659927368164,-4.230547904968262,30.2625675201416,-12.252500534057615,21.71712684631348,-16.545310974121094,16.235870361328125,-10.661503791809082,7.338270664215088,-9.350054740905762
gtzan_00361,disco_00061_wav,disco.00061.wav,GTZAN,disco,gtzan,disco.00061.wav,data\raw\gtzan\genres_original\disco\disco.00061.wav,123.046875,0.1844530701637268,0.1158336807569605,2549.0149773560206,5582.811820258121,-91.9489288330078,87.66056060791016,-2.0909430980682373,34.27789306640625,-18.118179321289062,19.351625442504883,-14.667264938354492,17.110292434692383,-15.331928253173828,17.03220558166504,-13.537464141845703,11.83237361907959,-9.822439193725586
gtzan_00362,disco_00062_wav,disco.00062.wav,GTZAN,disco,gtzan,disco.00062.wav,data\raw\gtzan\genres_original\disco\disco.00062.wav,107.666015625,0.1511131078004837,0.1276283352668213,2387.4656343313104,4919.620805992605,-107.9479751586914,81.93929290771484,-30.630815505981445,41.33343124389648,-8.502544403076172,31.353864669799805,-8.860758781433105,26.036848068237305,-8.254556655883789,17.899797439575195,-4.644477844238281,7.428382396697998,-4.351047992706299
gtzan_00363,disco_00063_wav,disco.00063.wav,GTZAN,disco,gtzan,disco.00063.wav,data\raw\gtzan\genres_original\disco\disco.00063.wav,129.19921875,0.2940036058425903,0.0997170007975638,2583.568497339002,5856.415063986369,-51.691673278808594,70.32147979736328,-3.898235082626343,49.741397857666016,1.5946873426437378,35.70984649658203,-4.095800399780273,24.78711128234864,-9.709774017333984,22.04427146911621,-6.114087104797363,17.178739547729492,-2.7802953720092773
gtzan_00364,disco_00064_wav,disco.00064.wav,GTZAN,disco,gtzan,disco.00064.wav,data\raw\gtzan\genres_original\disco\disco.00064.wav,123.046875,0.0922425091266632,0.0648764531370843,2144.753940827811,4947.707230640951,-189.10679626464844,93.95002746582033,7.850017070770264,41.90447616577149,-7.116260051727295,31.882156372070312,-12.59825325012207,24.212644577026367,-6.0738630294799805,24.54302024841309,-6.023476123809815,16.763017654418945,-2.03285551071167
gtzan_00365,disco_00065_wav,disco.00065.wav,GTZAN,disco,gtzan,disco.00065.wav,data\raw\gtzan\genres_original\disco\disco.00065.wav,129.19921875,0.1853893846273422,0.0736186889742846,1886.637315085944,4362.4554202617455,-106.25823974609376,105.63591003417967,-5.515383720397949,50.07344436645508,1.234768271446228,36.994590759277344,-9.632421493530272,23.9980697631836,-8.683135032653809,14.959824562072754,-2.546394109725952,9.76583194732666,-0.9260006546974182
gtzan_00366,disco_00066_wav,disco.00066.wav,GTZAN,disco,gtzan,disco.00066.wav,data\raw\gtzan\genres_original\disco\disco.00066.wav,135.99917763157896,0.1697233468294143,0.1385699137180974,2492.4893174259964,5113.935898074971,-57.55889892578125,96.71186065673828,-24.461368560791016,40.00477981567383,-17.29224967956543,27.835983276367188,-13.292277336120604,23.202241897583008,-16.52633285522461,19.435237884521484,-15.47936725616455,11.837327003479004,-10.571593284606934
gtzan_00367,disco_00067_wav,disco.00067.wav,GTZAN,disco,gtzan,disco.00067.wav,data\raw\gtzan\genres_original\disco\disco.00067.wav,99.38401442307692,0.0913863033056259,0.1432352088167053,2541.812406998908,5183.331766150667,-103.7577667236328,92.46670532226562,-27.21417617797852,39.23044204711914,-23.038631439208984,20.63531875610352,-17.767980575561523,18.95741844177246,-15.210841178894045,16.39026641845703,-14.660218238830566,12.244501113891602,-14.982619285583496
gtzan_00368,disco_00068_wav,disco.00068.wav,GTZAN,disco,gtzan,disco.00068.wav,data\raw\gtzan\genres_original\disco\disco.00068.wav,107.666015625,0.1068369075655937,0.1626135168938515,2955.968199644237,6131.317294446056,-93.29671478271484,77.85693359375,-8.785974502563477,42.05845260620117,-11.248062133789062,24.23736000061035,-17.91122055053711,22.24928855895996,-16.02669334411621,16.689247131347656,-15.664074897766112,15.411361694335938,-18.10974502563477
gtzan_00369,disco_00069_wav,disco.00069.wav,GTZAN,disco,gtzan,disco.00069.wav,data\raw\gtzan\genres_original\disco\disco.00069.wav,107.666015625,0.1116313859820365,0.0836037195475638,1931.0820693571795,4516.1105622824825,-118.3562240600586,114.2326202392578,-6.763055801391602,37.3887939453125,-17.425533294677734,28.37262535095215,-23.71597480773925,9.279239654541016,-10.434197425842283,12.62358283996582,-5.140561580657959,12.253617286682127,-3.865334033966065
gtzan_00370,disco_00070_wav,disco.00070.wav,GTZAN,disco,gtzan,disco.00070.wav,data\raw\gtzan\genres_original\disco\disco.00070.wav,107.666015625,0.1110583767294883,0.134583605230085,2449.2339522954258,5184.480869797709,-81.71260833740234,97.6055679321289,-27.61300277709961,36.65382766723633,-17.254907608032227,30.74814796447754,-15.944994926452637,20.97009658813477,-16.218170166015625,17.41244125366211,-13.367425918579102,15.090777397155762,-10.380489349365234
gtzan_00371,disco_00071_wav,disco.00071.wav,GTZAN,disco,gtzan,disco.00071.wav,data\raw\gtzan\genres_original\disco\disco.00071.wav,112.34714673913044,0.0981523469090461,0.155900310566512,2808.912510129241,6001.435274978248,-105.4844207763672,79.25498962402344,-15.205846786499023,40.814395904541016,-12.252687454223633,23.5427188873291,-19.94720268249512,27.31017303466797,-16.498088836669922,21.52766990661621,-11.675002098083496,13.990163803100586,-10.768860816955566
gtzan_00372,disco_00072_wav,disco.00072.wav,GTZAN,disco,gtzan,disco.00072.wav,data\raw\gtzan\genres_original\disco\disco.00072.wav,135.99917763157896,0.0845455527305603,0.1840673035092807,2902.7590094113057,5469.941530869344,-128.39271545410156,67.27215576171875,-36.93484878540039,40.8958625793457,-21.76049423217773,23.15173721313477,-13.259244918823242,13.090133666992188,-14.014334678649902,17.79652214050293,-15.17475128173828,16.381437301635742,-10.462129592895508
gtzan_00373,disco_00073_wav,disco.00073.wav,GTZAN,disco,gtzan,disco.00073.wav,data\raw\gtzan\genres_original\disco\disco.00073.wav,112.34714673913044,0.0955570042133331,0.1763450581254833,2847.326966502497,5925.744317357889,-95.2214813232422,82.23148345947266,-26.240184783935547,37.51552200317383,-16.373231887817383,25.290828704833984,-21.813600540161133,21.80915641784668,-20.075267791748047,16.302642822265625,-16.127450942993164,14.437363624572754,-11.915864944458008
gtzan_00374,disco_00074_wav,disco.00074.wav,GTZAN,disco,gtzan,disco.00074.wav,data\raw\gtzan\genres_original\disco\disco.00074.wav,112.34714673913044,0.1776878833770752,0.1510733879543696,2648.735088173792,5545.965562010586,-40.76066589355469,86.80615997314453,-26.937488555908203,34.95228576660156,-20.04854965209961,21.662633895874023,-23.95484161376953,19.28034400939941,-17.52503204345703,18.05656623840332,-16.020893096923828,12.442415237426758,-13.884093284606934
gtzan_00375,disco_00075_wav,disco.00075.wav,GTZAN,disco,gtzan,disco.00075.wav,data\raw\gtzan\genres_original\disco\disco.00075.wav,135.99917763157896,0.1109771952033042,0.1298956520688321,2690.414589129393,5775.411583707946,-91.6980972290039,86.31832122802734,-17.361316680908203,43.1018180847168,-18.39504623413086,34.059593200683594,-18.394695281982425,26.84001541137696,-13.566593170166016,20.21466636657715,-14.60720157623291,12.676192283630373,-12.595118522644045
gtzan_00376,disco_00076_wav,disco.00076.wav,GTZAN,disco,gtzan,disco.00076.wav,data\raw\gtzan\genres_original\disco\disco.00076.wav,129.19921875,0.1242803931236267,0.1218607254205336,2251.4537288846423,4556.7954928581785,-95.87883758544922,103.38253021240234,-36.51820373535156,27.113344192504883,-22.88331794738769,9.995586395263672,-24.66669464111328,15.66105842590332,-20.160552978515625,18.74319267272949,-18.55943298339844,9.859941482543944,-15.083536148071287
gtzan_00377,disco_00077_wav,disco.00077.wav,GTZAN,disco,gtzan,disco.00077.wav,data\raw\gtzan\genres_original\disco\disco.00077.wav,117.45383522727272,0.2067382037639618,0.1175809950212683,2309.203495549848,4945.13423769214,-56.84374237060547,97.00343322753906,-17.867704391479492,44.93722915649414,-6.934632778167725,23.806188583374023,-23.315088272094727,25.998180389404297,-10.489774703979492,10.448196411132812,-15.229920387268066,10.036751747131348,-9.168667793273926
gtzan_00378,disco_00078_wav,disco.00078.wav,GTZAN,disco,gtzan,disco.00078.wav,data\raw\gtzan\genres_original\disco\disco.00078.wav,129.19921875,0.0682388991117477,0.0961245649651972,2218.6638194730544,4881.525522041763,-182.07342529296875,103.4376449584961,-18.19740104675293,31.20223617553711,-12.54053020477295,18.84708023071289,-12.877578735351562,19.37939071655273,-17.7105712890625,18.50277328491211,-14.328996658325195,11.547935485839844,-11.63295555114746
gtzan_00379,disco_00079_wav,disco.00079.wav,GTZAN,disco,gtzan,disco.00079.wav,data\raw\gtzan\genres_original\disco\disco.00079.wav,123.046875,0.0847965106368064,0.0997630721916086,2292.2755481579,5038.344862510876,-154.6035919189453,97.93429565429688,-10.35340976715088,39.13412857055664,-11.218114852905272,24.108247756958008,-11.855422973632812,24.201425552368164,-13.45691967010498,20.55890464782715,-8.318840026855469,5.885748386383057,-9.68874740600586
gtzan_00380,disco_00080_wav,disco.00080.wav,GTZAN,disco,gtzan,disco.00080.wav,data\raw\gtzan\genres_original\disco\disco.00080.wav,99.38401442307692,0.0592420995235443,0.0847419095610982,2144.366952477486,4958.240680738834,-219.3647003173828,94.68327331542967,12.111078262329102,48.874061584472656,-7.21725606918335,16.64939308166504,-15.094937324523926,21.722843170166016,-20.005599975585938,13.250897407531738,-15.704949378967283,5.065850734710693,-15.284123420715332
gtzan_00381,disco_00081_wav,disco.00081.wav,GTZAN,disco,gtzan,disco.00081.wav,data\raw\gtzan\genres_original\disco\disco.00081.wav,86.1328125,0.0787653997540474,0.1164020204949729,2292.713829353857,4741.3348771026685,-193.11083984375,89.18061065673828,-19.99509620666504,38.74746322631836,-2.7228853702545166,17.05984115600586,-7.944470405578613,16.08901596069336,-16.764036178588867,7.712325572967529,-15.715413093566896,9.027531623840332,-11.309408187866213
gtzan_00382,disco_00082_wav,disco.00082.wav,GTZAN,disco,gtzan,disco.00082.wav,data\raw\gtzan\genres_original\disco\disco.00082.wav,123.046875,0.1810090392827987,0.1381975662219644,2577.110522619017,5419.888907518852,-63.564266204833984,94.47640991210938,-13.44736385345459,32.76913070678711,-13.747021675109863,26.78471565246582,-19.414962768554688,24.66338539123535,-11.683225631713867,13.740242004394531,-9.460101127624512,8.846699714660645,-4.993698596954346
gtzan_00383,disco_00083_wav,disco.00083.wav,GTZAN,disco,gtzan,disco.00083.wav,data\raw\gtzan\genres_original\disco\disco.00083.wav,117.45383522727272,0.0875905379652977,0.0899853628915313,1959.0059614673164,4351.905316487819,-167.43829345703125,112.5066375732422,-4.58199405670166,37.09852600097656,-8.617377281188965,27.820125579833984,-14.707266807556152,18.51816177368164,-16.479116439819336,13.75587558746338,-13.326945304870604,10.207246780395508,-11.572857856750488
gtzan_00384,disco_00084_wav,disco.00084.wav,GTZAN,disco,gtzan,disco.00084.wav,data\raw\gtzan\genres_original\disco\disco.00084.wav,112.34714673913044,0.0620131716132164,0.1514181681409512,2455.0657634698086,4725.996841466067,-197.17401123046875,83.358642578125,-38.59444046020508,43.69131088256836,-7.317381381988525,25.64026641845703,-8.676218032836914,13.382078170776367,-12.168119430541992,12.15982437133789,-12.05886459350586,10.61604118347168,-2.4146556854248047
gtzan_00385,disco_00085_wav,disco.00085.wav,GTZAN,disco,gtzan,disco.00085.wav,data\raw\gtzan\genres_original\disco\disco.00085.wav,123.046875,0.0892286300659179,0.1586842311968291,3004.2729317540643,6576.261884153857,-166.8289031982422,67.67704772949219,11.212578773498535,37.44026947021485,-10.935418128967283,27.395235061645508,-18.938575744628903,27.295055389404297,-15.848695755004885,20.5400390625,-8.618115425109863,14.181403160095217,-6.046160697937012
gtzan_00386,disco_00086_wav,disco.00086.wav,GTZAN,disco,gtzan,disco.00086.wav,data\raw\gtzan\genres_original\disco\disco.00086.wav,123.046875,0.1653669029474258,0.0944656171452049,1867.6993341872776,3803.774550010876,-95.77294158935548,122.08123016357422,-29.35068321228028,50.34694290161133,-11.964957237243652,28.414884567260746,-7.0601654052734375,11.874755859375,-8.62287425994873,11.584835052490234,-18.41213035583496,6.880552768707275,-11.665753364562988
gtzan_00387,disco_00087_wav,disco.00087.wav,GTZAN,disco,gtzan,disco.00087.wav,data\raw\gtzan\genres_original\disco\disco.00087.wav,107.666015625,0.11929951608181,0.1002388915071539,2139.6395387037146,4526.985412739269,-100.2389678955078,110.0040512084961,-26.65406608581543,36.85219192504883,-10.418627738952637,28.79528045654297,-14.855132102966309,21.30069923400879,-19.69344520568848,18.520431518554688,-16.406742095947266,9.163948059082031,-13.800949096679688
gtzan_00388,disco_00088_wav,disco.00088.wav,GTZAN,disco,gtzan,disco.00088.wav,data\raw\gtzan\genres_original\disco\disco.00088.wav,123.046875,0.119056612253189,0.1314061895784996,2238.58818835185,4384.313370069605,-97.8570785522461,101.01632690429688,-40.56647491455078,51.03514099121094,-11.710501670837402,25.06991004943848,-14.03523063659668,17.202606201171875,-9.614015579223633,16.979127883911133,-7.170674800872803,11.71960163116455,-5.726968288421631
gtzan_00389,disco_00089_wav,disco.00089.wav,GTZAN,disco,gtzan,disco.00089.wav,data\raw\gtzan\genres_original\disco\disco.00089.wav,129.19921875,0.1003831699490547,0.1118250918406805,2128.799104906264,4422.7583812173725,-114.88238525390624,113.49530792236328,-29.83628845214844,42.62417221069336,-10.318633079528809,26.99551010131836,-14.4959077835083,21.246728897094727,-17.65821647644043,17.10006332397461,-13.48570728302002,8.601284980773926,-11.413535118103027
gtzan_00390,disco_00090_wav,disco.00090.wav,GTZAN,disco,gtzan,disco.00090.wav,data\raw\gtzan\genres_original\disco\disco.00090.wav,129.19921875,0.0906610935926437,0.1461135380413766,2574.4543432000123,5458.450494398927,-125.63773345947266,88.5358657836914,-16.74924659729004,42.78751373291016,-9.902899742126465,29.15226554870605,-19.36027908325196,20.45895195007324,-16.478580474853516,15.016833305358888,-8.755143165588379,12.770605087280272,-7.75371503829956
gtzan_00391,disco_00091_wav,disco.00091.wav,GTZAN,disco,gtzan,disco.00091.wav,data\raw\gtzan\genres_original\disco\disco.00091.wav,99.38401442307692,0.1737753301858902,0.091605792005027,2038.1503574198653,4205.70269449681,-116.8385772705078,98.4507293701172,-18.99992561340332,44.83131408691406,3.808516025543213,28.495922088623047,-1.0879167318344116,14.709351539611816,-7.737640857696533,9.760475158691406,-10.109240531921388,6.360347747802734,-3.922947406768799
gtzan_00392,disco_00092_wav,disco.00092.wav,GTZAN,disco,gtzan,disco.00092.wav,data\raw\gtzan\genres_original\disco\disco.00092.wav,117.45383522727272,0.1067119091749191,0.1174699705143078,2457.290748385778,5267.499444877465,-123.78594207763672,89.85279083251953,-1.845897555351257,51.1640510559082,-16.249345779418945,28.269474029541016,-12.481654167175291,19.02971839904785,-13.272455215454102,18.48010635375977,-13.771011352539062,12.864142417907717,-8.75574016571045
gtzan_00393,disco_00093_wav,disco.00093.wav,GTZAN,disco,gtzan,disco.00093.wav,data\raw\gtzan\genres_original\disco\disco.00093.wav,107.666015625,0.1533585041761398,0.1370223680394431,2460.6304129362,5017.96908987094,-86.03013610839844,87.55901336669922,-20.17250061035156,54.02267074584961,-1.0532586574554443,19.558216094970703,-4.080896377563477,21.04189682006836,-19.554975509643555,12.393305778503418,-22.01619529724121,9.587432861328123,-15.916171073913574
gtzan_00394,disco_00094_wav,disco.00094.wav,GTZAN,disco,gtzan,disco.00094.wav,data\raw\gtzan\genres_original\disco\disco.00094.wav,135.99917763157896,0.0993936359882354,0.0935562735643851,2207.386073293734,5074.017036597303,-129.9997100830078,102.53726959228516,-4.457656383514404,50.06239700317383,-15.540563583374023,32.13776779174805,-18.17759704589844,24.293785095214844,-11.907437324523926,13.766549110412598,-12.893451690673828,7.280405521392822,-9.37204360961914
gtzan_00395,disco_00095_wav,disco.00095.wav,GTZAN,disco,gtzan,disco.00095.wav,data\raw\gtzan\genres_original\disco\disco.00095.wav,123.046875,0.0984584093093872,0.1180315128335266,2486.6760856755177,5007.335717716793,-159.88990783691406,82.02948760986328,-16.84228515625,52.510047912597656,-4.497152805328369,22.84280776977539,-8.231449127197266,23.36139488220215,-5.516664028167725,17.71685028076172,-15.372184753417969,10.81131076812744,-13.516688346862791
gtzan_00396,disco_00096_wav,disco.00096.wav,GTZAN,disco,gtzan,disco.00096.wav,data\raw\gtzan\genres_original\disco\disco.00096.wav,103.359375,0.092015229165554,0.1343604233130317,2481.466512502357,4956.233912775522,-133.81930541992188,93.4903564453125,-24.23086166381836,61.4472885131836,-22.856273651123047,30.98702812194824,-14.96641731262207,20.23716926574707,-9.300376892089844,15.792407035827637,-8.738842964172363,11.97636890411377,-5.3245110511779785
gtzan_00397,disco_00097_wav,disco.00097.wav,GTZAN,disco,gtzan,disco.00097.wav,data\raw\gtzan\genres_original\disco\disco.00097.wav,129.19921875,0.1081843450665474,0.120450638655259,2825.8911954514483,6233.029620885296,-116.92185974121094,75.74846649169922,-4.257497310638428,37.31088638305664,-5.345099449157715,31.4089469909668,-12.163379669189451,22.950180053710938,-11.448232650756836,14.640311241149902,-13.067987442016602,13.410189628601074,-13.23157024383545
gtzan_00398,disco_00098_wav,disco.00098.wav,GTZAN,disco,gtzan,disco.00098.wav,data\raw\gtzan\genres_original\disco\disco.00098.wav,123.046875,0.122678056359291,0.1125694091985692,2417.7573626947355,5385.615642220128,-91.57614135742188,99.4574737548828,-8.977486610412598,40.19168472290039,-18.03179931640625,22.56118392944336,-21.96254539489746,15.788497924804688,-25.66102409362793,17.653348922729492,-13.673561096191406,15.6387357711792,-15.456167221069336
gtzan_00399,disco_00099_wav,disco.00099.wav,GTZAN,disco,gtzan,disco.00099.wav,data\raw\gtzan\genres_original\disco\disco.00099.wav,123.046875,0.122678056359291,0.1125694091985692,2417.7573626947355,5385.615642220128,-91.57614135742188,99.4574737548828,-8.977486610412598,40.19168472290039,-18.03179931640625,22.56118392944336,-21.96254539489746,15.788497924804688,-25.66102409362793,17.653348922729492,-13.673561096191406,15.6387357711792,-15.456167221069336
gtzan_00400,hiphop_00000_wav,hiphop.00000.wav,GTZAN,hiphop,gtzan,hiphop.00000.wav,data\raw\gtzan\genres_original\hiphop\hiphop.00000.wav,117.45383522727272,0.1252747327089309,0.147308750845901,2667.940502391169,5475.312341393562,-80.89219665527344,84.7820816040039,-31.54802894592285,33.905311584472656,-19.84891891479492,23.558883666992188,-22.148757934570312,20.02622604370117,-16.781036376953125,19.216514587402344,-13.11404514312744,11.498653411865234,-10.729568481445312
gtzan_00401,hiphop_00001_wav,hiphop.00001.wav,GTZAN,hiphop,gtzan,hiphop.00001.wav,data\raw\gtzan\genres_original\hiphop\hiphop.00001.wav,92.28515625,0.2855213284492492,0.0977064753721964,2808.849566572306,5528.454221650232,-81.1816177368164,49.58916473388672,-14.550373077392578,57.95881652832031,6.815498352050781,27.14730453491211,-6.853302478790283,31.313270568847656,-10.072725296020508,20.319711685180664,-2.532140254974365,12.753150939941406,3.986501455307007
gtzan_00402,hiphop_00002_wav,hiphop.00002.wav,GTZAN,hiphop,gtzan,hiphop.00002.wav,data\raw\gtzan\genres_original\hiphop\hiphop.00002.wav,99.38401442307692,0.0935159400105476,0.058711571925754,1490.1565469614682,3093.27876894214,-202.88124084472656,132.39772033691406,12.017181396484377,43.76176071166992,-10.231245040893556,17.140817642211914,-13.562880516052246,15.06673812866211,-16.262298583984375,9.440218925476074,-11.644845962524414,7.070106983184815,-4.332278728485107
gtzan_00403,hiphop_00003_wav,hiphop.00003.wav,GTZAN,hiphop,gtzan,hiphop.00003.wav,data\raw\gtzan\genres_original\hiphop\hiphop.00003.wav,92.28515625,0.26641845703125,0.1035012748936581,2492.8602336717045,5125.560163953742,-40.26506042480469,80.85531616210938,-25.68528175354004,38.45819854736328,-11.084552764892578,24.907533645629883,-7.381527900695801,26.769887924194336,-5.314272403717041,16.79477882385254,-3.511151075363159,8.467217445373535,-5.609457492828369
gtzan_00404,hiphop_00004_wav,hiphop.00004.wav,GTZAN,hiphop,gtzan,hiphop.00004.wav,data\raw\gtzan\genres_original\hiphop\hiphop.00004.wav,95.703125,0.2007095515727996,0.0998514386359242,2372.0679525654414,5058.67067412268,-140.26133728027344,71.6259994506836,-3.82686710357666,39.02438354492188,4.167652606964111,31.57910919189453,-3.941882848739624,19.79690742492676,-3.739638566970825,16.041454315185547,-3.1904964447021484,11.84471035003662,-1.2494702339172363
gtzan_00405,hiphop_00005_wav,hiphop.00005.wav,GTZAN,hiphop,gtzan,hiphop.00005.wav,data\raw\gtzan\genres_original\hiphop\hiphop.00005.wav,71.77734375,0.2617201209068298,0.1245830916473317,2709.3043323151933,5794.946345707656,-11.688486099243164,81.9715347290039,-8.524934768676758,52.78888702392578,-14.709437370300291,31.97659492492676,-19.6897029876709,22.87627410888672,-14.718070030212402,14.51436710357666,-10.100119590759276,14.009842872619627,-8.083793640136719
gtzan_00406,hiphop_00006_wav,hiphop.00006.wav,GTZAN,hiphop,gtzan,hiphop.00006.wav,data\raw\gtzan\genres_original\hiphop\hiphop.00006.wav,99.38401442307692,0.2708785533905029,0.1281702405984145,2858.0725271560427,6047.799109084976,-59.57893371582031,63.909210205078125,3.458413362503052,45.27069854736328,-1.145859956741333,28.271238327026367,-13.18700122833252,23.60394287109375,-6.632259845733643,16.484813690185547,-7.269998073577881,14.4943265914917,-5.798932552337647
gtzan_00407,hiphop_00007_wav,hiphop.00007.wav,GTZAN,hiphop,gtzan,hiphop.00007.wav,data\raw\gtzan\genres_original\hiphop\hiphop.00007.wav,123.046875,0.2639992237091064,0.0786366945813998,2046.5915966338584,4551.99090731946,-58.490509033203125,103.08843231201172,-7.252600193023682,44.899993896484375,-8.622699737548828,12.375714302062988,-13.774521827697754,19.99382400512696,-13.144331932067873,17.161270141601562,-3.95229721069336,15.59405517578125,-0.4573587477207184
gtzan_00408,hiphop_00008_wav,hiphop.00008.wav,GTZAN,hiphop,gtzan,hiphop.00008.wav,data\raw\gtzan\genres_original\hiphop\hiphop.00008.wav,172.265625,0.1418302506208419,0.1770497238737432,3070.761702482193,5754.427951892401,-111.1261978149414,55.1732292175293,-18.43106269836425,47.19475555419922,-24.79258155822754,22.540990829467773,-21.142559051513672,12.54108715057373,-15.871923446655272,16.290660858154297,-12.565838813781738,9.623469352722168,-12.131312370300291
gtzan_00409,hiphop_00009_wav,hiphop.00009.wav,GTZAN,hiphop,gtzan,hiphop.00009.wav,data\raw\gtzan\genres_original\hiphop\hiphop.00009.wav,103.359375,0.2157953232526779,0.0983091798385537,2200.0376855218474,4792.070301170968,-94.90050506591795,94.2156219482422,-2.5347137451171875,49.54372787475586,-6.604544162750244,33.222564697265625,-7.624744892120361,20.9506950378418,-8.86235523223877,16.788158416748047,-5.253570079803467,10.763349533081056,-3.471752166748047
gtzan_00410,hiphop_00010_wav,hiphop.00010.wav,GTZAN,hiphop,gtzan,hiphop.00010.wav,data\raw\gtzan\genres_original\hiphop\hiphop.00010.wav,95.703125,0.1716704070568084,0.1254263492121036,2284.243390096508,4662.771160364704,-67.43657684326172,94.85132598876952,-38.8561897277832,37.63745880126953,-12.249470710754396,36.89404296875,-12.642876625061035,18.297163009643555,-8.846757888793945,17.98246955871582,-7.274253368377685,9.713576316833496,-8.738218307495117
gtzan_00411,hiphop_00011_wav,hiphop.00011.wav,GTZAN,hiphop,gtzan,hiphop.00011.wav,data\raw\gtzan\genres_original\hiphop\hiphop.00011.wav,135.99917763157896,0.2037734985351562,0.0941514253431941,2095.4208239067048,4581.850948466502,-74.18608856201172,104.59842681884766,-8.379661560058594,49.65111541748047,-9.369983673095703,21.44277572631836,-16.32986831665039,18.780681610107425,-13.064760208129885,18.465389251708984,-14.948745727539062,6.881842613220215,-15.3265962600708
gtzan_00412,hiphop_00012_wav,hiphop.00012.wav,GTZAN,hiphop,gtzan,hiphop.00012.wav,data\raw\gtzan\genres_original\hiphop\hiphop.00012.wav,99.38401442307692,0.1989244371652603,0.0872535558052977,1976.886423508229,4277.413423542634,-67.0334701538086,112.40482330322266,-23.64234161376953,44.27719879150391,-18.86683654785156,23.874601364135746,-13.403688430786133,20.14641571044922,-10.646191596984863,20.62133407592773,-7.505446910858154,14.425307273864746,-9.389409065246582
gtzan_00413,hiphop_00013_wav,hiphop.00013.wav,GTZAN,hiphop,gtzan,hiphop.00013.wav,data\raw\gtzan\genres_original\hiphop\hiphop.00013.wav,103.359375,0.1367334127426147,0.0966245528808971,1798.6451959001313,3626.696012634136,-129.31536865234375,141.70193481445312,-42.46165466308594,34.014686584472656,-6.95481538772583,8.680235862731934,-11.364409446716309,15.924521446228027,-9.010519981384276,6.630468368530273,-8.335119247436523,7.555205821990967,-5.468164443969727
gtzan_00414,hiphop_00014_wav,hiphop.00014.wav,GTZAN,hiphop,gtzan,hiphop.00014.wav,data\raw\gtzan\genres_original\hiphop\hiphop.00014.wav,135.99917763157896,0.1852236837148666,0.1338294693783836,2436.4138649263323,4774.675536542924,-51.27286529541016,91.11834716796876,-33.76714324951172,69.9347915649414,-12.928218841552734,23.178009033203125,-13.754597663879396,23.776512145996094,-14.728825569152832,10.697195053100586,-13.464253425598145,6.0778326988220215,-14.718271255493164
gtzan_00415,hiphop_00015_wav,hiphop.00015.wav,GTZAN,hiphop,gtzan,hiphop.00015.wav,data\raw\gtzan\genres_original\hiphop\hiphop.00015.wav,198.76802884615384,0.1401759386062622,0.1160096583768368,2397.185695487868,5283.603549612094,-81.87313842773438,94.7135772705078,-16.21338653564453,40.538692474365234,-12.242705345153809,28.192367553710938,-20.113126754760746,18.1081657409668,-14.635430335998535,14.179695129394531,-7.272544860839844,13.66045379638672,-8.49154281616211
gtzan_00416,hiphop_00016_wav,hiphop.00016.wav,GTZAN,hiphop,gtzan,hiphop.00016.wav,data\raw\gtzan\genres_original\hiphop\hiphop.00016.wav,99.38401442307692,0.2078583091497421,0.1103998997003093,2432.409998203846,4918.629912267981,-88.11616516113281,77.38243103027344,-19.0742416381836,51.6070556640625,-11.755338668823242,22.242895126342773,-4.726784706115723,20.1279411315918,-8.322615623474121,14.621042251586914,-3.800422430038452,8.593770980834961,-11.461993217468262
gtzan_00417,hiphop_00017_wav,hiphop.00017.wav,GTZAN,hiphop,gtzan,hiphop.00017.wav,data\raw\gtzan\genres_original\hiphop\hiphop.00017.wav,99.38401442307692,0.1914510279893875,0.0803745679862722,2145.00601651806,4956.084029691126,-76.77619934082031,98.37953186035156,-5.03351354598999,49.34434127807617,-10.278318405151367,33.28562545776367,-9.964056015014648,17.598987579345703,-12.227568626403809,18.65203285217285,-10.971155166625977,11.506217002868652,-10.48088836669922
gtzan_00418,hiphop_00018_wav,hiphop.00018.wav,GTZAN,hiphop,gtzan,hiphop.00018.wav,data\raw\gtzan\genres_original\hiphop\hiphop.00018.wav,143.5546875,0.1655362248420715,0.1457245746326372,2677.0161578799484,5366.13084124855,-113.49464416503906,68.49712371826172,-15.73779010772705,56.38304901123047,-8.181903839111328,27.01904487609864,-12.372291564941406,20.6609115600586,-12.674074172973633,15.427806854248049,-11.003864288330078,14.040185928344728,-12.508090019226074
gtzan_00419,hiphop_00019_wav,hiphop.00019.wav,GTZAN,hiphop,gtzan,hiphop.00019.wav,data\raw\gtzan\genres_original\hiphop\hiphop.00019.wav,99.38401442307692,0.2259290218353271,0.1001361749564965,2470.2744719993443,5255.592066505946,-64.72916412353516,88.22242736816406,-10.356051445007324,41.79507064819336,-2.555349349975586,22.91316795349121,-6.49107027053833,16.62977409362793,-5.801042556762695,13.09120750427246,-6.915228843688965,3.015718460083008,-9.768563270568848
gtzan_00420,hiphop_00020_wav,hiphop.00020.wav,GTZAN,hiphop,gtzan,hiphop.00020.wav,data\raw\gtzan\genres_original\hiphop\hiphop.00020.wav,117.45383522727272,0.1759265661239624,0.1080872667730085,2678.321538899097,5267.23298606076,-122.23501586914062,50.53318786621094,-27.802753448486328,66.5617904663086,-6.592456817626953,32.05914306640625,-8.236852645874023,22.42440414428711,-6.94561767578125,21.049522399902344,-6.170058727264404,13.639117240905762,-3.0852532386779785
gtzan_00421,hiphop_00021_wav,hiphop.00021.wav,GTZAN,hiphop,gtzan,hiphop.00021.wav,data\raw\gtzan\genres_original\hiphop\hiphop.00021.wav,99.38401442307692,0.2419403791427612,0.1197191608662026,2406.175123701772,4988.208970780162,-27.63745307922364,94.33495330810548,-20.57230567932129,49.87952423095703,-14.682720184326172,23.85083770751953,-17.61610984802246,24.02611541748047,-15.86315631866455,16.42804718017578,-10.626769065856934,13.883431434631348,-10.46011447906494
gtzan_00422,hiphop_00022_wav,hiphop.00022.wav,GTZAN,hiphop,gtzan,hiphop.00022.wav,data\raw\gtzan\genres_original\hiphop\hiphop.00022.wav,99.38401442307692,0.1735763549804687,0.0753965916231631,2025.565005791413,4603.375824753481,-100.60973358154295,110.21587371826172,1.0366617441177368,38.75178146362305,-14.496214866638184,20.63346672058105,-18.03163719177246,12.568232536315918,-14.121631622314451,15.092575073242188,-9.242668151855469,11.392888069152832,-9.50577163696289
gtzan_00423,hiphop_00023_wav,hiphop.00023.wav,GTZAN,hiphop,gtzan,hiphop.00023.wav,data\raw\gtzan\genres_original\hiphop\hiphop.00023.wav,92.28515625,0.190576821565628,0.1066571653857308,2240.3022291407915,4728.4366050065255,-44.68863677978516,101.1918716430664,-26.26351547241211,52.92453384399414,-11.71471118927002,26.940996170043945,-13.284929275512695,20.71065902709961,-17.482999801635742,11.864129066467283,-10.66262912750244,8.381728172302246,-15.42652702331543
gtzan_00424,hiphop_00024_wav,hiphop.00024.wav,GTZAN,hiphop,gtzan,hiphop.00024.wav,data\raw\gtzan\genres_original\hiphop\hiphop.00024.wav,103.359375,0.1786216497421264,0.1388595592855761,2517.926000297384,4926.29060324826,-63.1531982421875,86.27130126953125,-37.94921112060547,39.54778671264648,-16.495647430419922,21.091785430908203,-12.242181777954102,13.067927360534668,-12.372986793518066,16.61737060546875,-3.980067014694214,8.835410118103027,-6.315230846405029
gtzan_00425,hiphop_00025_wav,hiphop.00025.wav,GTZAN,hiphop,gtzan,hiphop.00025.wav,data\raw\gtzan\genres_original\hiphop\hiphop.00025.wav,107.666015625,0.2516586780548095,0.1074248960750193,2305.4230896584504,4815.335486604554,-44.298641204833984,93.36123657226562,-22.2896671295166,48.83119583129883,-13.886796951293944,34.39419937133789,-6.306775093078613,25.854999542236328,-12.327664375305176,20.415672302246094,-5.748307228088379,11.853039741516112,-11.545669555664062
gtzan_00426,hiphop_00026_wav,hiphop.00026.wav,GTZAN,hiphop,gtzan,hiphop.00026.wav,data\raw\gtzan\genres_original\hiphop\hiphop.00026.wav,103.359375,0.1645843237638473,0.1726850690462538,3460.3049822215926,7022.0219883350055,-102.87786865234376,30.64616775512696,20.856386184692383,45.67443084716797,9.68394947052002,8.77524185180664,1.5613815784454346,12.382659912109377,0.5563778281211853,5.136695384979248,-2.7195401191711426,8.17322063446045,-1.3245123624801636
gtzan_00427,hiphop_00027_wav,hiphop.00027.wav,GTZAN,hiphop,gtzan,hiphop.00027.wav,data\raw\gtzan\genres_original\hiphop\hiphop.00027.wav,92.28515625,0.1350645124912262,0.1025435766563944,2639.5729778074538,5632.832117771331,-109.31510925292967,76.73072814941406,2.77773118019104,19.194766998291016,0.5628694295883179,8.23796558380127,-8.042081832885742,6.011263370513916,-4.280028343200684,3.661365985870361,-1.526607871055603,2.6774864196777344,2.2928268909454346
gtzan_00428,hiphop_00028_wav,hiphop.00028.wav,GTZAN,hiphop,gtzan,hiphop.00028.wav,data\raw\gtzan\genres_original\hiphop\hiphop.00028.wav,92.28515625,0.1545766144990921,0.1145214012954369,2773.9565665279183,5744.976990737384,-83.21357727050781,67.7367172241211,1.2458150386810305,29.65699005126953,12.585477828979492,5.617260932922363,6.209290981292725,8.08664608001709,-4.763513088226318,7.671840190887451,-1.1730841398239136,4.247157096862793,1.948574542999268
gtzan_00429,hiphop_00029_wav,hiphop.00029.wav,GTZAN,hiphop,gtzan,hiphop.00029.wav,data\raw\gtzan\genres_original\hiphop\hiphop.00029.wav,123.046875,0.1667228192090988,0.115332927178899,3127.0197356744848,6388.973803038991,-72.27970886230469,57.14894485473633,5.840688705444336,25.9139461517334,6.706665515899658,11.400731086730955,5.052314281463623,10.02647590637207,0.9386368989944458,8.565021514892578,-1.7032915353775024,6.055522918701172,0.2167195081710815
gtzan_00430,hiphop_00030_wav,hiphop.00030.wav,GTZAN,hiphop,gtzan,hiphop.00030.wav,data\raw\gtzan\genres_original\hiphop\hiphop.00030.wav,89.10290948275862,0.193977415561676,0.172685781008314,3725.1985989619184,7642.430224496084,-23.82780838012696,43.71737289428711,30.56437873840332,26.477230072021484,4.336642265319824,21.918466567993164,2.596013069152832,7.005232334136963,-1.4903384447097778,4.578647136688232,0.4158691465854645,2.4683949947357178,-4.068095207214356
gtzan_00431,hiphop_00031_wav,hiphop.00031.wav,GTZAN,hiphop,gtzan,hiphop.00031.wav,data\raw\gtzan\genres_original\hiphop\hiphop.00031.wav,99.38401442307692,0.2131300866603851,0.1364436193885448,3084.76186419123,6778.925675430534,-25.081138610839844,60.824256896972656,-4.187145709991455,14.85002326965332,6.798274993896484,6.10104513168335,15.452722549438477,3.783456802368164,5.656759262084961,10.245465278625488,0.862812340259552,4.186315536499023,0.929877758026123
gtzan_00432,hiphop_00032_wav,hiphop.00032.wav,GTZAN,hiphop,gtzan,hiphop.00032.wav,data\raw\gtzan\genres_original\hiphop\hiphop.00032.wav,99.38401442307692,0.1345447599887848,0.07872191436531,2145.7496112926738,4529.626124182413,-148.07510375976562,90.56194305419922,-0.2812038064002991,28.85222244262696,19.30828666687012,15.254982948303224,4.289804458618164,15.52381420135498,1.272827386856079,11.129222869873049,8.848838806152344,6.315310478210449,1.6291674375534058
gtzan_00433,hiphop_00033_wav,hiphop.00033.wav,GTZAN,hiphop,gtzan,hiphop.00033.wav,data\raw\gtzan\genres_original\hiphop\hiphop.00033.wav,95.703125,0.2141846418380737,0.1528155048076923,2987.722248737028,6169.834153395433,-31.72867202758789,59.69974136352539,-2.7435643672943115,33.42127227783203,13.094006538391112,9.408289909362791,-1.7269433736801147,14.171130180358888,3.0809404850006104,6.733622074127197,1.0849881172180176,3.819554090499878,1.6547605991363523
gtzan_00434,hiphop_00034_wav,hiphop.00034.wav,GTZAN,hiphop,gtzan,hiphop.00034.wav,data\raw\gtzan\genres_original\hiphop\hiphop.00034.wav,198.76802884615384,0.2275740504264831,0.1693078753591954,3191.7829624873807,6355.339271282328,5.676620960235596,53.15764999389648,-9.0956449508667,26.977489471435547,0.589096188545227,15.567913055419922,1.5953607559204102,7.681844234466553,4.97658109664917,8.550533294677734,3.34730076789856,8.511082649230957,1.089591383934021
gtzan_00435,hiphop_00035_wav,hiphop.00035.wav,GTZAN,hiphop,gtzan,hiphop.00035.wav,data\raw\gtzan\genres_original\hiphop\hiphop.00035.wav,143.5546875,0.1920160800218582,0.103432186901341,2827.1825932500647,6196.513335129311,-100.84201049804688,64.21405792236328,12.818649291992188,26.556623458862305,12.665987014770508,12.182056427001951,2.403997898101806,18.50326538085937,1.5689860582351685,12.032715797424316,-1.5512863397598269,6.7140092849731445,3.878880739212036
gtzan_00436,hiphop_00036_wav,hiphop.00036.wav,GTZAN,hiphop,gtzan,hiphop.00036.wav,data\raw\gtzan\genres_original\hiphop\hiphop.00036.wav,117.45383522727272,0.0899739116430282,0.1218853574810606,2967.125657791614,5804.380937056108,-218.07736206054688,40.83345031738281,-14.312304496765137,33.90931701660156,12.156646728515623,13.607276916503906,5.8741607666015625,7.521130561828613,5.3847856521606445,10.56101417541504,4.758870124816895,6.449563503265381,6.528916835784912
gtzan_00437,hiphop_00037_wav,hiphop.00037.wav,GTZAN,hiphop,gtzan,hiphop.00037.wav,data\raw\gtzan\genres_original\hiphop\hiphop.00037.wav,143.5546875,0.1585788577795028,0.2142260002367424,3785.403949374848,7074.162930575284,-95.93733978271484,30.26994514465332,2.6407270431518555,12.59494400024414,-11.174015045166016,-2.2098004817962646,-3.688030481338501,-7.670185089111328,-5.388169765472412,-0.7315574288368225,-4.048375129699707,-3.0599372386932373,-4.9760260581970215
gtzan_00438,hiphop_00038_wav,hiphop.00038.wav,GTZAN,hiphop,gtzan,hiphop.00038.wav,data\raw\gtzan\genres_original\hiphop\hiphop.00038.wav,184.5703125,0.2698596119880676,0.097384366122159,2208.645680679573,4416.655717329545,-61.8326301574707,72.13341522216797,-16.3037166595459,27.44283866882324,5.2086687088012695,1.5001996755599976,3.9482038021087646,8.334615707397461,-2.1282196044921875,5.838307857513428,0.0480416044592857,-0.4349673986434936,-0.7848522067070007
gtzan_00439,hiphop_00039_wav,hiphop.00039.wav,GTZAN,hiphop,gtzan,hiphop.00039.wav,data\raw\gtzan\genres_original\hiphop\hiphop.00039.wav,184.5703125,0.1845345944166183,0.1115637576941287,2693.20292794237,5976.54052734375,-120.93679809570312,77.27468872070312,29.06913375854492,10.438458442687988,3.565504312515259,5.364924907684326,5.1949968338012695,-0.8041425943374634,1.348094463348389,2.302201271057129,3.0739171504974365,1.1982561349868774,-0.6716435551643372
gtzan_00440,hiphop_00040_wav,hiphop.00040.wav,GTZAN,hiphop,gtzan,hiphop.00040.wav,data\raw\gtzan\genres_original\hiphop\hiphop.00040.wav,80.74951171875,0.1308528035879135,0.103500088778409,2457.193778671769,5319.679953835227,-182.98638916015625,95.95799255371094,43.9511833190918,13.522643089294434,5.985373020172119,-3.0218420028686523,3.0867760181427,-9.80013942718506,-3.76952600479126,5.308994770050049,-1.0462528467178345,7.543075084686279,5.854805946350098
gtzan_00441,hiphop_00041_wav,hiphop.00041.wav,GTZAN,hiphop,gtzan,hiphop.00041.wav,data\raw\gtzan\genres_original\hiphop\hiphop.00041.wav,92.28515625,0.1869395673274994,0.119366270123106,2702.621719517881,5555.272771661932,-77.00286865234375,68.31999206542969,-0.6471688151359558,30.710208892822266,3.9510579109191895,5.495327472686768,3.387721538543701,3.047429323196411,5.650206565856934,4.725110054016113,4.285636901855469,3.4610188007354736,2.888073444366455
gtzan_00442,hiphop_00042_wav,hiphop.00042.wav,GTZAN,hiphop,gtzan,hiphop.00042.wav,data\raw\gtzan\genres_original\hiphop\hiphop.00042.wav,92.28515625,0.2491888403892517,0.1017104640151515,2896.9424469472465,6007.1193070845175,-74.73235321044922,48.88424301147461,3.822053194046021,36.29385757446289,12.973278999328612,13.449458122253418,9.11898708343506,12.729065895080566,2.494593858718872,12.094112396240234,8.994330406188965,3.909668684005737,4.784867763519287
gtzan_00443,hiphop_00043_wav,hiphop.00043.wav,GTZAN,hiphop,gtzan,hiphop.00043.wav,data\raw\gtzan\genres_original\hiphop\hiphop.00043.wav,89.10290948275862,0.136370912194252,0.0617561109138257,1846.294039564573,3875.152754350142,-154.78524780273438,113.06908416748048,-3.8363873958587646,18.290985107421875,13.332334518432615,8.436298370361328,8.842357635498047,11.336745262145996,8.995742797851562,10.14447784423828,6.199522495269775,9.773731231689451,9.389556884765623
gtzan_00444,hiphop_00044_wav,hiphop.00044.wav,GTZAN,hiphop,gtzan,hiphop.00044.wav,data\raw\gtzan\genres_original\hiphop\hiphop.00044.wav,117.45383522727272,0.0391773395240306,0.1407455906723485,2507.1361007509568,4457.046786221591,-268.9615478515625,79.92729187011719,-16.968584060668945,19.057876586914062,2.342341661453247,-7.105923175811768,4.77000904083252,-7.598837852478027,-10.013717651367188,10.815023422241213,-2.772373914718628,-5.4796247482299805,2.297140598297119
gtzan_00445,hiphop_00045_wav,hiphop.00045.wav,GTZAN,hiphop,gtzan,hiphop.00045.wav,data\raw\gtzan\genres_original\hiphop\hiphop.00045.wav,184.5703125,0.1845345944166183,0.1115637576941287,2693.20292794237,5976.54052734375,-120.93679809570312,77.27468872070312,29.06913375854492,10.438458442687988,3.565504312515259,5.364924907684326,5.1949968338012695,-0.8041425943374634,1.348094463348389,2.302201271057129,3.0739171504974365,1.1982561349868774,-0.6716435551643372
gtzan_00446,hiphop_00046_wav,hiphop.00046.wav,GTZAN,hiphop,gtzan,hiphop.00046.wav,data\raw\gtzan\genres_original\hiphop\hiphop.00046.wav,95.703125,0.2281522452831268,0.0914709765322892,2306.784654638456,5000.366154292344,-75.5987319946289,91.01150512695312,9.838455200195312,25.111801147460938,11.791894912719728,10.17076587677002,0.1291005611419677,8.2300443649292,1.6325169801712036,0.4876918494701385,1.8063889741897583,5.491574287414551,1.310340166091919
gtzan_00447,hiphop_00047_wav,hiphop.00047.wav,GTZAN,hiphop,gtzan,hiphop.00047.wav,data\raw\gtzan\genres_original\hiphop\hiphop.00047.wav,95.703125,0.2470934838056564,0.1092975849526295,3235.5740417629454,7337.767874945621,-76.68157958984375,52.77576446533203,34.632835388183594,26.199296951293945,16.67121696472168,11.364142417907717,5.870115280151367,6.917248249053955,3.678110122680664,-0.9573638439178468,3.875522613525391,4.485322952270508,0.6351283192634583
gtzan_00448,hiphop_00048_wav,hiphop.00048.wav,GTZAN,hiphop,gtzan,hiphop.00048.wav,data\raw\gtzan\genres_original\hiphop\hiphop.00048.wav,95.703125,0.2303320467472076,0.0775105888679427,2345.2702381605814,5395.266447487674,-87.53331756591797,79.35826110839844,25.05289649963379,45.15821838378906,11.181777954101562,18.173105239868164,3.5156612396240234,7.002638816833496,1.26170551776886,2.3582468032836914,-1.7757611274719238,-0.0069829081185162,-2.700181245803833
gtzan_00449,hiphop_00049_wav,hiphop.00049.wav,GTZAN,hiphop,gtzan,hiphop.00049.wav,data\raw\gtzan\genres_original\hiphop\hiphop.00049.wav,129.19921875,0.288833886384964,0.1087371755365429,3085.470365896765,6683.478250525667,-44.5522575378418,41.58985137939453,29.925811767578125,51.872291564941406,12.871084213256836,13.714073181152344,7.956294059753418,9.290729522705078,8.39695930480957,1.9070048332214355,1.1367104053497314,4.557048320770264,5.521803379058838
gtzan_00450,hiphop_00050_wav,hiphop.00050.wav,GTZAN,hiphop,gtzan,hiphop.00050.wav,data\raw\gtzan\genres_original\hiphop\hiphop.00050.wav,99.38401442307692,0.2737922072410583,0.0424302433778035,1683.2948876609742,3618.061081605279,-114.01318359375,110.14165496826172,17.895763397216797,37.94621276855469,27.99070167541504,1.409508466720581,15.558239936828612,1.4167709350585938,7.35012149810791,-3.3287570476531982,8.260501861572266,-0.1831811815500259,0.6898571848869324
gtzan_00451,hiphop_00051_wav,hiphop.00051.wav,GTZAN,hiphop,gtzan,hiphop.00051.wav,data\raw\gtzan\genres_original\hiphop\hiphop.00051.wav,103.359375,0.2440556734800338,0.0995032597399458,2500.421635269264,5294.461746392836,-78.67942810058594,73.10103607177734,21.82421875,49.19890213012695,3.108760118484497,18.319381713867188,1.864083170890808,8.398194313049316,1.4298858642578125,4.227636337280273,-1.3117940425872805,1.257866621017456,-3.009084701538086
gtzan_00452,hiphop_00052_wav,hiphop.00052.wav,GTZAN,hiphop,gtzan,hiphop.00052.wav,data\raw\gtzan\genres_original\hiphop\hiphop.00052.wav,103.359375,0.1100279316306114,0.0823303364269141,2595.6215203861184,5858.521754005946,-146.48817443847656,81.56629180908203,31.96944999694824,22.442100524902344,5.074653625488281,13.630815505981444,6.4838385581970215,8.408040046691895,4.419113636016846,4.988879203796387,1.835711479187012,2.871542453765869,4.539956092834473
gtzan_00453,hiphop_00053_wav,hiphop.00053.wav,GTZAN,hiphop,gtzan,hiphop.00053.wav,data\raw\gtzan\genres_original\hiphop\hiphop.00053.wav,107.666015625,0.1089681684970855,0.1070770948134184,3079.127910757477,7003.520269902842,-144.8897247314453,66.67335510253906,44.2702522277832,22.51473617553711,6.508245944976807,8.849252700805664,11.889134407043455,5.838657379150391,3.0479159355163574,6.457362174987793,3.566270589828491,2.523826837539673,3.8313002586364746
gtzan_00454,hiphop_00054_wav,hiphop.00054.wav,GTZAN,hiphop,gtzan,hiphop.00054.wav,data\raw\gtzan\genres_original\hiphop\hiphop.00054.wav,112.34714673913044,0.1242189705371856,0.1262363749516628,3258.4154378242924,7619.914454484484,-104.80198669433594,64.01404571533203,28.80845832824707,10.573614120483398,15.186723709106444,13.06734561920166,8.022514343261719,5.242740154266357,6.75381326675415,5.128404140472412,4.453503608703613,4.473662853240967,3.3575007915496826
gtzan_00455,hiphop_00055_wav,hiphop.00055.wav,GTZAN,hiphop,gtzan,hiphop.00055.wav,data\raw\gtzan\genres_original\hiphop\hiphop.00055.wav,107.666015625,0.1337987184524536,0.0724604843387471,1734.6325446299302,3551.5213189711426,-161.6114959716797,104.05720520019533,-10.898897171020508,43.76289367675781,13.971450805664062,14.45149040222168,7.49647045135498,9.480768203735352,6.420551776885986,6.986668586730957,1.3511502742767334,4.445960521697998,-2.931880474090576
gtzan_00456,hiphop_00056_wav,hiphop.00056.wav,GTZAN,hiphop,gtzan,hiphop.00056.wav,data\raw\gtzan\genres_original\hiphop\hiphop.00056.wav,99.38401442307692,0.1666397154331207,0.0701455856051817,2355.7292443702736,5177.136598662268,-101.04390716552734,72.405029296875,-2.3721179962158203,46.02698516845703,5.533307552337647,24.220115661621094,3.55369234085083,14.53842830657959,5.656508445739746,13.524948120117188,4.9651312828063965,9.908259391784668,2.930361032485962
gtzan_00457,hiphop_00057_wav,hiphop.00057.wav,GTZAN,hiphop,gtzan,hiphop.00057.wav,data\raw\gtzan\genres_original\hiphop\hiphop.00057.wav,89.10290948275862,0.2247770428657531,0.0514421101604795,1811.189881869206,3890.190475003625,-113.67066955566406,87.02967834472656,-0.6442505717277527,52.28987884521485,19.38161849975586,19.687908172607425,15.395121574401855,13.716248512268066,6.951493740081787,9.078024864196776,7.976443290710449,4.423301696777344,-0.1544416695833206
gtzan_00458,hiphop_00058_wav,hiphop.00058.wav,GTZAN,hiphop,gtzan,hiphop.00058.wav,data\raw\gtzan\genres_original\hiphop\hiphop.00058.wav,172.265625,0.1304527819156646,0.1361368154244006,2677.808848150028,5211.717956967807,-109.81405639648438,63.03425979614258,-13.83467960357666,43.03319549560547,6.1831464767456055,23.194887161254883,8.035428047180176,10.667570114135742,0.9696156978607178,5.344756603240967,-1.8045719861984253,-1.424431562423706,-1.8717247247695925
gtzan_00459,hiphop_00059_wav,hiphop.00059.wav,GTZAN,hiphop,gtzan,hiphop.00059.wav,data\raw\gtzan\genres_original\hiphop\hiphop.00059.wav,92.28515625,0.1512997299432754,0.0629848825406032,1948.9375300178883,4218.975674303944,-133.2066650390625,93.95494079589844,-2.249877452850342,50.23590469360352,12.498285293579102,15.044654846191406,11.496756553649902,10.252985000610352,7.970587730407715,10.794733047485352,1.96122407913208,5.199101448059082,1.0642130374908447
gtzan_00460,hiphop_00060_wav,hiphop.00060.wav,GTZAN,hiphop,gtzan,hiphop.00060.wav,data\raw\gtzan\genres_original\hiphop\hiphop.00060.wav,184.5703125,0.1803137809038162,0.0538729426479118,1716.9407789906877,3684.75072732381,-153.55416870117188,92.81631469726562,-15.873791694641112,57.9560661315918,8.575273513793945,18.469152450561523,13.279618263244627,11.164600372314451,7.6187214851379395,12.967523574829102,5.662801265716553,7.022342205047607,2.8921151161193848
gtzan_00461,hiphop_00061_wav,hiphop.00061.wav,GTZAN,hiphop,gtzan,hiphop.00061.wav,data\raw\gtzan\genres_original\hiphop\hiphop.00061.wav,184.5703125,0.1556059718132019,0.0673042645494973,1811.362843685168,3805.190112474623,-127.27117156982422,95.79850006103516,-12.794440269470217,37.944580078125,20.577823638916016,23.22803497314453,8.279863357543945,9.624218940734863,8.664108276367188,5.506885051727295,6.665294170379639,4.023035049438477,1.7413076162338257
gtzan_00462,hiphop_00062_wav,hiphop.00062.wav,GTZAN,hiphop,gtzan,hiphop.00062.wav,data\raw\gtzan\genres_original\hiphop\hiphop.00062.wav,92.28515625,0.1908626407384872,0.1095162352571539,2449.056972369084,4930.062660872245,-144.1061553955078,73.36404418945312,4.646121978759766,24.01293563842773,12.90398406982422,14.013778686523438,8.628233909606934,6.8985981941223145,-1.2318094968795776,-0.8582329154014587,1.1522668600082395,2.580178022384644,-1.1109930276870728
gtzan_00463,hiphop_00063_wav,hiphop.00063.wav,GTZAN,hiphop,gtzan,hiphop.00063.wav,data\raw\gtzan\genres_original\hiphop\hiphop.00063.wav,92.28515625,0.1860881000757217,0.1221979529195669,2670.9590496633355,5320.258290585121,-98.81593322753906,71.11610412597656,-10.048815727233888,31.737239837646484,5.151435852050781,1.8796008825302124,-8.902962684631348,-4.260354995727539,-5.963320732116699,-4.263434410095215,-0.6572688221931458,-1.8578490018844604,-0.5073418021202087
gtzan_00464,hiphop_00064_wav,hiphop.00064.wav,GTZAN,hiphop,gtzan,hiphop.00064.wav,data\raw\gtzan\genres_original\hiphop\hiphop.00064.wav,86.1328125,0.2360553592443466,0.079791878141918,2429.6681661867387,5273.6529781757545,-82.37300872802734,69.95230102539062,10.71023654937744,48.84867858886719,4.662597179412842,13.301084518432615,-1.7999732494354248,5.133983135223389,-1.0799208879470823,-2.792595863342285,-2.547968626022339,0.2244661599397659,-3.1207849979400635
gtzan_00465,hiphop_00065_wav,hiphop.00065.wav,GTZAN,hiphop,gtzan,hiphop.00065.wav,data\raw\gtzan\genres_original\hiphop\hiphop.00065.wav,95.703125,0.2071487009525299,0.0885514851604795,2446.855385943406,5314.862499546839,-140.11802673339844,77.09138488769531,42.07761764526367,31.24612617492676,12.19572925567627,10.224203109741213,3.740647554397583,8.299651145935059,-1.555410623550415,-1.764563798904419,3.6226770877838135,4.594110012054443,-2.553011655807495
gtzan_00466,hiphop_00066_wav,hiphop.00066.wav,GTZAN,hiphop,gtzan,hiphop.00066.wav,data\raw\gtzan\genres_original\hiphop\hiphop.00066.wav,92.28515625,0.1897737383842468,0.0793745921548723,2244.6928416770315,4815.202257196201,-111.99335479736328,89.1026840209961,13.176053047180176,36.38459396362305,-3.290815830230713,3.8773720264434814,0.575570821762085,6.343271255493164,-2.1841750144958496,2.9681994915008545,-1.640094757080078,-0.3764813542366028,-3.4843478202819824
gtzan_00467,hiphop_00067_wav,hiphop.00067.wav,GTZAN,hiphop,gtzan,hiphop.00067.wav,data\raw\gtzan\genres_original\hiphop\hiphop.00067.wav,95.703125,0.2180105745792389,0.1268708007057231,3053.718062123279,6668.173522241154,-74.63184356689453,58.72817611694336,9.918842315673828,21.561004638671875,15.058774948120115,4.932530403137207,2.2834603786468506,5.4679999351501465,3.1232080459594727,0.6045645475387573,2.466017961502075,4.2061028480529785,3.471768856048584
gtzan_00468,hiphop_00068_wav,hiphop.00068.wav,GTZAN,hiphop,gtzan,hiphop.00068.wav,data\raw\gtzan\genres_original\hiphop\hiphop.00068.wav,95.703125,0.2288438826799392,0.0956740471529389,2544.7837861316216,5683.591540838892,-66.10589599609375,74.90462493896484,20.64740753173828,39.30727767944336,8.16380500793457,15.13992977142334,-0.3756671249866485,5.572904109954834,1.465887188911438,-0.6467830538749695,-1.5596680641174316,1.4412633180618286,-2.4010672569274902
gtzan_00469,hiphop_00069_wav,hiphop.00069.wav,GTZAN,hiphop,gtzan,hiphop.00069.wav,data\raw\gtzan\genres_original\hiphop\hiphop.00069.wav,129.19921875,0.2719387710094452,0.1208822747486465,3297.406172657966,7077.346015806264,-59.32587814331055,36.27533721923828,39.86483001708984,49.98747634887695,10.139262199401855,16.890987396240234,9.783787727355955,4.441878318786621,2.4439563751220703,1.7053632736206057,2.3698203563690186,3.9174234867095934,3.1728451251983643
gtzan_00470,hiphop_00070_wav,hiphop.00070.wav,GTZAN,hiphop,gtzan,hiphop.00070.wav,data\raw\gtzan\genres_original\hiphop\hiphop.00070.wav,95.703125,0.2789468169212341,0.0692237800899071,2500.6052835487426,6027.781390479989,-81.72704315185547,82.31953430175781,53.55440521240234,25.540966033935547,15.73448085784912,19.20093536376953,8.42293643951416,6.387721538543701,0.2031936347484588,0.129219576716423,1.2050278186798096,1.5398577451705933,-0.7286359667778015
gtzan_00471,hiphop_00071_wav,hiphop.00071.wav,GTZAN,hiphop,gtzan,hiphop.00071.wav,data\raw\gtzan\genres_original\hiphop\hiphop.00071.wav,95.703125,0.2470323890447616,0.1075113743474478,3184.9217868977203,7471.147166382686,-78.81977081298828,51.530029296875,42.26773834228516,30.08855438232422,20.084762573242188,6.96968936920166,8.027857780456543,6.881747722625732,-4.623487949371338,3.663355827331543,3.634636402130127,4.333865165710449,2.605771541595459
gtzan_00472,hiphop_00072_wav,hiphop.00072.wav,GTZAN,hiphop,gtzan,hiphop.00072.wav,data\raw\gtzan\genres_original\hiphop\hiphop.00072.wav,99.38401442307692,0.2528899312019348,0.0515274555297757,1821.5197612413365,4003.377184237239,-118.05105590820312,102.18038177490234,20.755558013916016,37.00239562988281,24.38818359375,7.832820415496826,15.944740295410156,-1.588254451751709,6.773133754730225,-0.7602496147155762,8.584535598754883,1.4893505573272705,-4.219116687774658
gtzan_00473,hiphop_00073_wav,hiphop.00073.wav,GTZAN,hiphop,gtzan,hiphop.00073.wav,data\raw\gtzan\genres_original\hiphop\hiphop.00073.wav,92.28515625,0.3004069626331329,0.0856210423917246,2566.8514348864305,5932.039406902552,-78.18128967285156,70.1856918334961,45.90097427368164,42.075721740722656,15.084789276123049,10.688773155212402,-0.6933446526527405,-0.6089441776275635,0.3691287636756897,-0.35866180062294,1.0923657417297363,-0.6725346446037292,-0.8135375380516052
gtzan_00474,hiphop_00074_wav,hiphop.00074.wav,GTZAN,hiphop,gtzan,hiphop.00074.wav,data\raw\gtzan\genres_original\hiphop\hiphop.00074.wav,99.38401442307692,0.2083721756935119,0.1107424140806264,2774.6105233551893,5968.152903404148,-68.87376403808594,62.403133392333984,24.278759002685547,53.77426528930664,-1.94188129901886,12.818270683288574,-4.356025695800781,12.355116844177246,-0.2179548889398574,9.06057834625244,-0.9766165018081664,3.934460401535034,1.9141303300857544
gtzan_00475,hiphop_00075_wav,hiphop.00075.wav,GTZAN,hiphop,gtzan,hiphop.00075.wav,data\raw\gtzan\genres_original\hiphop\hiphop.00075.wav,92.28515625,0.1916459500789642,0.1468144274458623,3140.810674260539,6336.698754259716,-94.52528381347656,51.680442810058594,17.540300369262695,28.929256439208984,2.059515953063965,3.734972715377808,-1.8432074785232544,4.375653266906738,8.774710655212402,2.1317803859710693,-1.3839855194091797,4.682648658752441,4.072360038757324
gtzan_00476,hiphop_00076_wav,hiphop.00076.wav,GTZAN,hiphop,gtzan,hiphop.00076.wav,data\raw\gtzan\genres_original\hiphop\hiphop.00076.wav,95.703125,0.2371995151042938,0.0966524978248259,2327.6845787701927,4932.1693508918215,-111.34971618652344,89.9479751586914,4.45532751083374,14.538813591003418,9.924243927001951,-9.492939949035645,2.883218050003052,-0.170286625623703,-3.093302965164185,3.247295379638672,-1.5047531127929688,1.577309250831604,2.399165153503418
gtzan_00477,hiphop_00077_wav,hiphop.00077.wav,GTZAN,hiphop,gtzan,hiphop.00077.wav,data\raw\gtzan\genres_original\hiphop\hiphop.00077.wav,117.45383522727272,0.2386341094970703,0.1376235619682908,2987.6246315223584,6404.878903984194,-25.80898666381836,70.88471221923828,9.561946868896484,17.49679183959961,-1.621172308921814,-0.5381935834884644,0.2628038227558136,-4.631948471069336,-0.5711362361907959,-3.06335711479187,-2.4071171283721924,0.382313072681427,-2.143044233322144
gtzan_00478,hiphop_00078_wav,hiphop.00078.wav,GTZAN,hiphop,gtzan,hiphop.00078.wav,data\raw\gtzan\genres_original\hiphop\hiphop.00078.wav,95.703125,0.2371995151042938,0.0966524978248259,2327.6845787701927,4932.1693508918215,-111.34971618652344,89.9479751586914,4.45532751083374,14.538813591003418,9.924243927001951,-9.492939949035645,2.883218050003052,-0.170286625623703,-3.093302965164185,3.247295379638672,-1.5047531127929688,1.577309250831604,2.399165153503418
gtzan_00479,hiphop_00079_wav,hiphop.00079.wav,GTZAN,hiphop,gtzan,hiphop.00079.wav,data\raw\gtzan\genres_original\hiphop\hiphop.00079.wav,103.359375,0.1548399329185485,0.172292663621423,3211.823402843967,6310.344311919954,-79.68350219726562,62.3143424987793,-5.130023956298828,18.231996536254883,12.873764038085938,-14.08976936340332,4.909448623657227,1.678433179855347,-5.769087314605713,0.821000337600708,-3.798630952835083,2.016664266586304,3.4210457801818848
gtzan_00480,hiphop_00080_wav,hiphop.00080.wav,GTZAN,hiphop,gtzan,hiphop.00080.wav,data\raw\gtzan\genres_original\hiphop\hiphop.00080.wav,95.703125,0.141423150897026,0.1549313007540603,3377.753402234906,6893.997369398927,-63.99711227416992,50.78820037841797,6.6285271644592285,27.827550888061523,6.646674633026123,0.3034535944461822,2.832393884658813,3.226691007614136,0.1585435569286346,0.6111366152763367,0.1015074104070663,-5.055798530578613,2.670644521713257
gtzan_00481,hiphop_00081_wav,hiphop.00081.wav,GTZAN,hiphop,gtzan,hiphop.00081.wav,data\raw\gtzan\genres_original\hiphop\hiphop.00081.wav,103.359375,0.0864637717604637,0.0518216327097834,1470.3116285520296,3279.08383256598,-215.96435546875,122.52888488769533,0.9082871675491332,39.3405647277832,9.275824546813965,26.04186248779297,-4.047353267669678,18.25506401062012,-6.520185947418213,13.917143821716309,-3.07489013671875,8.88948917388916,-4.348292350769043
gtzan_00482,hiphop_00082_wav,hiphop.00082.wav,GTZAN,hiphop,gtzan,hiphop.00082.wav,data\raw\gtzan\genres_original\hiphop\hiphop.00082.wav,107.666015625,0.1023021712899208,0.1133099502126836,2291.140721366169,4820.747931318881,-122.75896453857422,94.9986343383789,-29.362812042236328,46.77067184448242,-15.98686408996582,27.09646987915039,-13.115314483642578,20.23798179626465,-5.375624656677246,15.450762748718262,-6.9075927734375,15.635311126708984,-6.700710296630859
gtzan_00483,hiphop_00083_wav,hiphop.00083.wav,GTZAN,hiphop,gtzan,hiphop.00083.wav,data\raw\gtzan\genres_original\hiphop\hiphop.00083.wav,103.359375,0.1106709912419319,0.1108368226749806,2367.6617218034994,5016.411971160818,-121.97274780273438,89.62176513671875,-25.7911376953125,40.963356018066406,-4.292482852935791,27.567527770996094,-15.56951904296875,22.40624046325684,-10.84062957763672,19.813447952270508,-8.64547348022461,19.086763381958008,-8.475627899169922
gtzan_00484,hiphop_00084_wav,hiphop.00084.wav,GTZAN,hiphop,gtzan,hiphop.00084.wav,data\raw\gtzan\genres_original\hiphop\hiphop.00084.wav,112.34714673913044,0.0658933073282241,0.1051096197070765,2044.0534128740003,4074.030404854264,-214.26043701171875,100.34649658203124,-33.47946548461914,47.24863052368164,-8.95387077331543,12.979668617248535,-17.307899475097656,11.074848175048828,-11.711506843566896,8.799296379089355,-7.8369221687316895,6.261741638183594,-0.1033417731523513
gtzan_00485,hiphop_00085_wav,hiphop.00085.wav,GTZAN,hiphop,gtzan,hiphop.00085.wav,data\raw\gtzan\genres_original\hiphop\hiphop.00085.wav,112.34714673913044,0.1062449067831039,0.1272167137954369,2607.8277416961105,5534.641062300609,-114.28501892089844,80.85198974609375,-18.193130493164062,50.67269134521485,-14.911636352539062,29.256879806518555,-20.06427383422852,18.56434631347656,-17.681547164916992,16.675500869750977,-11.422698974609377,16.291648864746094,-4.455135345458984
gtzan_00486,hiphop_00086_wav,hiphop.00086.wav,GTZAN,hiphop,gtzan,hiphop.00086.wav,data\raw\gtzan\genres_original\hiphop\hiphop.00086.wav,99.38401442307692,0.0790707245469093,0.0798439916860015,2083.43225029786,4479.430840795389,-198.93521118164065,92.61386108398438,-19.531051635742188,39.53272247314453,-0.6446527242660522,33.59038543701172,-6.467283248901367,27.53230667114257,-2.398014068603516,15.002975463867188,-2.991628885269165,14.894031524658203,-3.3877029418945312
gtzan_00487,hiphop_00087_wav,hiphop.00087.wav,GTZAN,hiphop,gtzan,hiphop.00087.wav,data\raw\gtzan\genres_original\hiphop\hiphop.00087.wav,135.99917763157896,0.1080398634076118,0.0877750688805104,2473.157340416126,5509.635567720417,-168.25819396972656,70.93019104003906,-3.05056381225586,54.82121276855469,-12.121472358703612,30.50674629211425,-1.5390982627868652,28.832740783691406,-8.93963623046875,18.75934219360352,-6.604994297027588,14.598828315734863,-3.585846185684204
gtzan_00488,hiphop_00088_wav,hiphop.00088.wav,GTZAN,hiphop,gtzan,hiphop.00088.wav,data\raw\gtzan\genres_original\hiphop\hiphop.00088.wav,117.45383522727272,0.1185619458556175,0.1498857278373936,2694.8775197799505,5599.98176025957,-89.87409973144531,79.76212310791016,-25.73105812072754,47.734352111816406,-10.015048027038574,31.550270080566406,-22.2029972076416,26.63608741760254,-10.967957496643066,18.826704025268555,-15.545071601867676,14.418344497680664,-10.03194522857666
gtzan_00489,hiphop_00089_wav,hiphop.00089.wav,GTZAN,hiphop,gtzan,hiphop.00089.wav,data\raw\gtzan\genres_original\hiphop\hiphop.00089.wav,123.046875,0.1207509040832519,0.1175723094305877,2669.979675748535,5526.430800010876,-103.10894012451172,74.08576965332031,-22.43933486938477,51.5796127319336,-7.073058128356934,32.655548095703125,-14.975664138793944,19.621967315673828,-7.054649829864502,22.25325965881348,-7.310432910919189,17.61212730407715,-0.0291179697960615
gtzan_00490,hiphop_00090_wav,hiphop.00090.wav,GTZAN,hiphop,gtzan,hiphop.00090.wav,data\raw\gtzan\genres_original\hiphop\hiphop.00090.wav,151.99908088235293,0.1092228144407272,0.1044393186871616,2272.772901637457,4964.435848227233,-109.48844909667967,97.37297821044922,-20.622846603393555,37.36312103271485,-3.108972787857056,28.59839630126953,-14.160019874572754,23.83970260620117,-8.729604721069336,19.891530990600582,-11.281407356262209,17.9326171875,-3.467763662338257
gtzan_00491,hiphop_00091_wav,hiphop.00091.wav,GTZAN,hiphop,gtzan,hiphop.00091.wav,data\raw\gtzan\genres_original\hiphop\hiphop.00091.wav,103.359375,0.1136025935411453,0.1385510319992266,2628.952414651704,5411.512108468677,-105.50631713867188,76.67886352539062,-24.787670135498047,55.21344375610352,-8.263178825378418,28.9028549194336,-15.746755599975586,26.30093574523925,-8.48373031616211,20.452775955200195,-8.148473739624023,13.913886070251465,-6.560669422149658
gtzan_00492,hiphop_00092_wav,hiphop.00092.wav,GTZAN,hiphop,gtzan,hiphop.00092.wav,data\raw\gtzan\genres_original\hiphop\hiphop.00092.wav,112.34714673913044,0.1226314529776573,0.0725922787364655,2329.947060659082,5835.606295769287,-145.02239990234375,84.0694808959961,10.87080192565918,43.617862701416016,6.294728755950928,36.13408660888672,-14.657153129577637,26.80626678466797,-10.331995010375977,24.70380973815918,-8.714691162109375,18.79141616821289,-4.398910999298096
gtzan_00493,hiphop_00093_wav,hiphop.00093.wav,GTZAN,hiphop,gtzan,hiphop.00093.wav,data\raw\gtzan\genres_original\hiphop\hiphop.00093.wav,117.45383522727272,0.0672507137060165,0.1521315194798917,3185.47779595642,6278.377580753336,-191.6221160888672,41.31249237060547,5.009900093078613,65.468505859375,-4.319690227508545,42.643367767333984,-12.26132106781006,23.81619453430176,-4.2664408683776855,16.03441619873047,-5.092076778411865,16.43678092956543,-9.366230964660645
gtzan_00494,hiphop_00094_wav,hiphop.00094.wav,GTZAN,hiphop,gtzan,hiphop.00094.wav,data\raw\gtzan\genres_original\hiphop\hiphop.00094.wav,151.99908088235293,0.1107695326209068,0.0541818475686388,1929.734081365856,4412.291545823666,-169.89024353027344,98.03752899169922,-11.322620391845703,38.25639724731445,5.076866149902344,25.4087142944336,-11.839295387268066,25.134597778320312,-5.5407915115356445,19.219350814819336,-2.913844585418701,18.2128963470459,6.093847751617432
gtzan_00495,hiphop_00095_wav,hiphop.00095.wav,GTZAN,hiphop,gtzan,hiphop.00095.wav,data\raw\gtzan\genres_original\hiphop\hiphop.00095.wav,112.34714673913044,0.1034677624702453,0.1575562373114849,2735.775141441868,5419.955522223027,-92.60459899902344,77.39359283447266,-32.74525833129883,54.56872177124024,-13.190122604370115,33.64670181274414,-12.060784339904783,28.014591217041016,-11.942490577697754,18.82566261291504,-6.64793586730957,13.038723945617676,-7.003042221069336
gtzan_00496,hiphop_00096_wav,hiphop.00096.wav,GTZAN,hiphop,gtzan,hiphop.00096.wav,data\raw\gtzan\genres_original\hiphop\hiphop.00096.wav,107.666015625,0.1108286008238792,0.0831173264694508,1752.6267888161806,3490.710420896172,-128.158203125,124.5376434326172,-37.17137145996094,43.8835334777832,-12.751360893249512,18.993831634521484,-9.269932746887209,19.77154922485352,-6.873636722564697,13.46364402770996,-5.966474533081055,12.313365936279297,-4.637643337249756
gtzan_00497,hiphop_00097_wav,hiphop.00097.wav,GTZAN,hiphop,gtzan,hiphop.00097.wav,data\raw\gtzan\genres_original\hiphop\hiphop.00097.wav,151.99908088235293,0.1184973493218422,0.1160051267643078,2582.20395396858,5731.928835556844,-111.16287231445312,80.6155014038086,-0.8804294466972351,50.62040328979492,-13.462736129760742,35.314022064208984,-14.83436393737793,21.186935424804688,-13.571440696716309,19.61630821228028,-11.755929946899414,16.965011596679688,-9.35546588897705
gtzan_00498,hiphop_00098_wav,hiphop.00098.wav,GTZAN,hiphop,gtzan,hiphop.00098.wav,data\raw\gtzan\genres_original\hiphop\hiphop.00098.wav,107.666015625,0.1191109344363212,0.1007060252320185,2538.74738820736,5353.807120975928,-129.82090759277344,71.99823760986328,-23.265764236450195,63.21123504638672,-6.867464065551758,34.38985061645508,-12.197354316711426,30.476762771606445,-7.588455677032471,20.5866928100586,-6.206892967224121,14.665266036987305,-2.943977832794189
gtzan_00499,hiphop_00099_wav,hiphop.00099.wav,GTZAN,hiphop,gtzan,hiphop.00099.wav,data\raw\gtzan\genres_original\hiphop\hiphop.00099.wav,107.666015625,0.1536910384893417,0.1015149180684454,1962.680819465492,3797.75424612094,-138.8605499267578,100.21755981445312,-31.455039978027344,32.47090148925781,-2.7582244873046875,13.106352806091309,-14.511356353759766,13.95823097229004,-15.179475784301758,8.19560718536377,-4.92645788192749,3.518244743347168,-7.986110687255859
gtzan_00500,jazz_00000_wav,jazz.00000.wav,GTZAN,jazz,gtzan,jazz.00000.wav,data\raw\gtzan\genres_original\jazz\jazz.00000.wav,123.046875,0.046746551990509,0.0784165337393658,1503.8694855583212,2799.283098897912,-252.0731811523437,137.9031982421875,-11.130971908569336,8.365116119384766,0.7300726771354675,1.59043288230896,-3.729429960250856,-4.132515907287598,-5.499070167541504,-2.6341662406921387,-3.537999153137207,-3.1476900577545166,-1.8493623733520508
gtzan_00501,jazz_00001_wav,jazz.00001.wav,GTZAN,jazz,gtzan,jazz.00001.wav,data\raw\gtzan\genres_original\jazz\jazz.00001.wav,135.99917763157896,0.0227950103580951,0.0592938841357308,1266.5828637839495,2410.8277783316416,-345.7215270996094,146.97283935546875,-0.5235283374786377,22.641019821166992,5.81040096282959,10.366903305053713,-0.149165078997612,-1.714682936668396,-6.115182399749756,-0.5192573666572571,1.035226345062256,1.221232533454895,-1.930119276046753
gtzan_00502,jazz_00002_wav,jazz.00002.wav,GTZAN,jazz,gtzan,jazz.00002.wav,data\raw\gtzan\genres_original\jazz\jazz.00002.wav,151.99908088235293,0.0808471515774726,0.0578573629640371,1064.6686670420763,1895.729578288138,-256.9590148925781,175.3587646484375,-44.82228469848633,25.650611877441406,-4.255734920501709,-0.2227638810873031,-11.312748908996582,-9.189111709594728,-4.095359325408936,-8.308259010314941,-22.548215866088867,-7.608587265014648,-7.651290893554687
gtzan_00503,jazz_00003_wav,jazz.00003.wav,GTZAN,jazz,gtzan,jazz.00003.wav,data\raw\gtzan\genres_original\jazz\jazz.00003.wav,92.28515625,0.0594671815633773,0.0446499782482598,813.063333673506,1416.5533574717228,-297.3196105957031,193.097396850586,10.208951950073242,-1.6283810138702393,3.388405561447144,9.98655891418457,-7.244643688201904,4.684893131256104,-5.383337497711182,-2.861783266067505,-10.222763061523438,0.3698989152908325,-4.964565753936768
gtzan_00504,jazz_00004_wav,jazz.00004.wav,GTZAN,jazz,gtzan,jazz.00004.wav,data\raw\gtzan\genres_original\jazz\jazz.00004.wav,64.599609375,0.1087761297821998,0.0477503564868522,1039.2631062071569,1837.4583658098893,-270.26434326171875,137.61294555664062,5.667617321014404,42.45900344848633,-7.94635009765625,9.91973114013672,-6.785465717315674,8.242963790893555,-6.182401180267334,5.477773189544678,-5.427682876586914,-5.185214519500732,-6.988831043243408
gtzan_00505,jazz_00005_wav,jazz.00005.wav,GTZAN,jazz,gtzan,jazz.00005.wav,data\raw\gtzan\genres_original\jazz\jazz.00005.wav,107.666015625,0.107565127313137,0.0578751117797757,1268.3253083918871,2486.6269848462875,-246.23489379882807,120.19255065917967,-0.9656111001968384,30.689916610717773,0.1807248592376709,23.15737533569336,0.447277694940567,9.16493034362793,-0.555827796459198,5.710789680480957,-3.751720905303955,4.221992492675781,-0.2785744667053222
gtzan_00506,jazz_00006_wav,jazz.00006.wav,GTZAN,jazz,gtzan,jazz.00006.wav,data\raw\gtzan\genres_original\jazz\jazz.00006.wav,135.99917763157896,0.0986246615648269,0.0480396244199535,1219.4930134424178,2416.148627827726,-234.35919189453125,142.73463439941406,-14.274724006652832,51.95100402832031,-8.182988166809082,12.759842872619627,-4.2694196701049805,12.074122428894045,-13.695992469787598,-1.566616773605347,-3.968916893005371,4.919240474700928,-3.942621946334839
gtzan_00507,jazz_00007_wav,jazz.00007.wav,GTZAN,jazz,gtzan,jazz.00007.wav,data\raw\gtzan\genres_original\jazz\jazz.00007.wav,61.5234375,0.0938271284103393,0.0648266053992652,1169.7404087068087,1958.1725366154287,-291.9437866210937,137.73483276367188,2.6662521362304688,35.63227844238281,-12.302241325378418,15.558950424194336,-6.778074741363525,-2.8267104625701904,-3.763538122177124,-3.4631271362304688,-1.7178491353988647,10.41382122039795,8.311741828918457
gtzan_00508,jazz_00008_wav,jazz.00008.wav,GTZAN,jazz,gtzan,jazz.00008.wav,data\raw\gtzan\genres_original\jazz\jazz.00008.wav,107.666015625,0.118549533188343,0.0462670086523588,1304.5886176531867,2723.9835026645883,-189.94781494140625,134.41722106933594,-25.64155006408692,45.71974182128906,8.195152282714844,21.436254501342773,-4.572855949401856,14.384241104125977,-12.655512809753418,10.276116371154783,-7.929920196533203,-1.1402016878128052,-5.044784069061279
gtzan_00509,jazz_00009_wav,jazz.00009.wav,GTZAN,jazz,gtzan,jazz.00009.wav,data\raw\gtzan\genres_original\jazz\jazz.00009.wav,107.666015625,0.0853575393557548,0.0316865453402938,749.3539040730334,1133.5491136165892,-296.6900939941406,172.36590576171875,16.885541915893555,18.925905227661133,1.3705644607543943,14.39584255218506,1.0138992071151731,9.515990257263184,-7.399952411651611,3.514572858810425,-7.649578094482422,-0.109132744371891,-7.932107448577881
gtzan_00510,jazz_00010_wav,jazz.00010.wav,GTZAN,jazz,gtzan,jazz.00010.wav,data\raw\gtzan\genres_original\jazz\jazz.00010.wav,112.34714673913044,0.0641705393791198,0.0330603792053364,829.4674018361079,1554.1710094620069,-318.74493408203125,162.66497802734375,-16.497026443481445,39.13897705078125,31.44058418273925,15.266573905944824,-0.6841127872467041,5.809783458709717,-8.635685920715332,-4.00496244430542,1.357895851135254,0.0544140934944152,-3.1113951206207275
gtzan_00511,jazz_00011_wav,jazz.00011.wav,GTZAN,jazz,gtzan,jazz.00011.wav,data\raw\gtzan\genres_original\jazz\jazz.00011.wav,99.38401442307692,0.0712074339389801,0.0768886250483372,1825.673656909545,4010.871338457077,-192.5005798339844,113.18048858642578,-6.334553241729736,39.571102142333984,-9.164302825927734,17.202394485473633,-19.082422256469727,12.19111442565918,-15.467872619628906,9.675312995910645,-10.940625190734863,12.93224811553955,-7.265087127685547
gtzan_00512,jazz_00012_wav,jazz.00012.wav,GTZAN,jazz,gtzan,jazz.00012.wav,data\raw\gtzan\genres_original\jazz\jazz.00012.wav,112.34714673913044,0.0375516451895237,0.0636895482888631,1650.852353802679,3658.429592336137,-253.17459106445312,122.69451141357422,-5.663681983947754,40.56266784667969,-5.824800491333008,18.39704704284668,-16.65726089477539,14.585357666015623,-15.15600872039795,8.203471183776855,-13.888676643371582,8.284746170043945,-7.301112651824951
gtzan_00513,jazz_00013_wav,jazz.00013.wav,GTZAN,jazz,gtzan,jazz.00013.wav,data\raw\gtzan\genres_original\jazz\jazz.00013.wav,99.38401442307692,0.0554824024438858,0.061075940762761,1789.9827260904644,4397.319891060035,-217.6234588623047,112.63628387451172,12.684657096862791,39.51863479614258,-9.821474075317385,17.374677658081055,-12.360323905944824,20.70203971862793,-18.3026123046875,16.34987449645996,-10.017828941345217,9.043352127075195,-6.87489652633667
gtzan_00514,jazz_00014_wav,jazz.00014.wav,GTZAN,jazz,gtzan,jazz.00014.wav,data\raw\gtzan\genres_original\jazz\jazz.00014.wav,129.19921875,0.0393267087638378,0.0649183705529775,1171.5565678358992,2018.525458599188,-358.2769775390625,137.98109436035156,-10.983363151550291,20.82501602172852,1.9816148281097408,-3.427600622177124,-11.525944709777832,-3.2584681510925293,-11.018876075744627,-8.427175521850586,-7.464491844177246,-0.9940949082374572,-6.710111141204834
gtzan_00515,jazz_00015_wav,jazz.00015.wav,GTZAN,jazz,gtzan,jazz.00015.wav,data\raw\gtzan\genres_original\jazz\jazz.00015.wav,117.45383522727272,0.0623952411115169,0.0735563793020108,1782.2239999032215,3811.943178110499,-199.9759826660156,117.2345962524414,-12.375934600830078,39.11137008666992,-6.351594924926758,16.529190063476562,-17.303377151489258,13.62555694580078,-17.663639068603516,14.037738800048828,-10.203922271728516,12.18307876586914,-6.708655834197998
gtzan_00516,jazz_00016_wav,jazz.00016.wav,GTZAN,jazz,gtzan,jazz.00016.wav,data\raw\gtzan\genres_original\jazz\jazz.00016.wav,73.828125,0.0605603568255901,0.0698449886407579,1465.857446498189,2822.406728085122,-259.8767395019531,123.18716430664062,-6.390842437744141,37.5703353881836,-2.97765588760376,13.057894706726074,-14.083035469055176,5.310006141662598,-11.961548805236816,3.524627685546875,-9.633517265319824,5.333287239074707,-7.843499183654785
gtzan_00517,jazz_00017_wav,jazz.00017.wav,GTZAN,jazz,gtzan,jazz.00017.wav,data\raw\gtzan\genres_original\jazz\jazz.00017.wav,215.33203125,0.0498622171580791,0.0841437367072699,1934.1648175694995,4326.8581877175175,-233.11151123046875,105.91509246826172,-2.662992238998413,37.43234252929688,-8.161620140075684,15.732985496520996,-15.069360733032228,8.364773750305176,-16.37989044189453,8.640556335449219,-9.369956016540527,7.103403091430664,-5.988559246063232
gtzan_00518,jazz_00018_wav,jazz.00018.wav,GTZAN,jazz,gtzan,jazz.00018.wav,data\raw\gtzan\genres_original\jazz\jazz.00018.wav,103.359375,0.0522635839879512,0.0877082275957076,1993.352765988369,4248.1945489232885,-192.07293701171875,105.57013702392578,-26.0205078125,40.16646957397461,-6.661609172821045,26.50360679626465,-10.378771781921388,18.47354316711425,-14.002912521362305,14.932207107543944,-12.696288108825684,9.580199241638184,-5.197940826416016
gtzan_00519,jazz_00019_wav,jazz.00019.wav,GTZAN,jazz,gtzan,jazz.00019.wav,data\raw\gtzan\genres_original\jazz\jazz.00019.wav,184.5703125,0.0502115897834301,0.0554506990767594,1352.8036058269497,2712.967095961427,-267.27880859375,129.04966735839844,-14.720129013061523,41.26748275756836,-1.014707326889038,22.958131790161133,-8.130001068115234,11.18309211730957,-9.07856273651123,11.321145057678224,-5.504739761352539,13.569753646850586,-1.1838815212249756
gtzan_00520,jazz_00020_wav,jazz.00020.wav,GTZAN,jazz,gtzan,jazz.00020.wav,data\raw\gtzan\genres_original\jazz\jazz.00020.wav,107.666015625,0.0271197240799665,0.0329633271703402,1171.224447700379,2579.629438714472,-376.7320251464844,119.15052032470705,-2.9521560668945312,48.51025390625,13.16558837890625,21.25240135192871,0.0192777160555124,8.011802673339844,-0.3983315825462341,2.379533767700196,-0.0287791863083839,0.90335214138031,1.6668227910995483
gtzan_00521,jazz_00021_wav,jazz.00021.wav,GTZAN,jazz,gtzan,jazz.00021.wav,data\raw\gtzan\genres_original\jazz\jazz.00021.wav,123.046875,0.0479769669473171,0.1813721269576566,2915.0177020585525,5864.933419282917,-174.67982482910156,75.89472961425781,-12.79903507232666,52.61588668823242,-29.401138305664062,22.75975227355957,-22.36270904541016,18.626195907592773,-24.7115478515625,21.167016983032227,-13.805631637573242,13.012531280517578,-7.862577438354492
gtzan_00522,jazz_00022_wav,jazz.00022.wav,GTZAN,jazz,gtzan,jazz.00022.wav,data\raw\gtzan\genres_original\jazz\jazz.00022.wav,129.19921875,0.0505065098404884,0.0512242151247099,1451.871047146894,3047.5644282011312,-298.7573547363281,112.05682373046876,6.487096786499023,28.405059814453125,-6.753927230834961,16.659887313842773,-11.79957103729248,12.75235080718994,-8.345207214355469,13.884088516235352,-4.242343902587891,2.323410987854004,-4.319737911224365
gtzan_00523,jazz_00023_wav,jazz.00023.wav,GTZAN,jazz,gtzan,jazz.00023.wav,data\raw\gtzan\genres_original\jazz\jazz.00023.wav,86.1328125,0.0878012329339981,0.0801377912316318,1988.66227247294,4316.990884661398,-188.0823211669922,98.61334228515624,-11.28542709350586,47.21876907348633,-20.33642768859864,18.78944969177246,-15.790518760681152,13.69087028503418,-15.469745635986328,17.422107696533203,1.004363179206848,18.28682327270508,4.639675617218018
gtzan_00524,jazz_00024_wav,jazz.00024.wav,GTZAN,jazz,gtzan,jazz.00024.wav,data\raw\gtzan\genres_original\jazz\jazz.00024.wav,103.359375,0.058865163475275,0.093222822409126,2034.4791911403088,4342.462682170823,-202.58477783203125,105.84423065185548,-20.55630111694336,43.88285827636719,-14.273112297058104,25.29083824157715,-15.587921142578123,15.316717147827148,-13.287264823913574,12.272204399108888,-8.763045310974121,10.15810775756836,-1.858266234397888
gtzan_00525,jazz_00025_wav,jazz.00025.wav,GTZAN,jazz,gtzan,jazz.00025.wav,data\raw\gtzan\genres_original\jazz\jazz.00025.wav,103.359375,0.0693780854344368,0.0635985384039056,1697.83624497918,3805.639761727813,-237.63870239257807,108.31951141357422,2.031357288360596,41.76508712768555,-10.455889701843262,16.944995880126953,-8.590911865234375,12.800403594970703,-9.111098289489746,15.943170547485352,-6.5256028175354,7.172115802764893,-8.255851745605469
gtzan_00526,jazz_00026_wav,jazz.00026.wav,GTZAN,jazz,gtzan,jazz.00026.wav,data\raw\gtzan\genres_original\jazz\jazz.00026.wav,151.99908088235293,0.0319660268723964,0.0586103659126063,1367.327324534305,2631.2808149651974,-414.0352783203125,104.86470794677734,-7.839935302734375,37.85240936279297,0.1760414391756057,23.40921211242676,-7.302677154541016,5.758042335510254,-1.0568649768829346,8.495794296264648,-5.505836009979248,0.8668827414512634,-1.4607385396957395
gtzan_00527,jazz_00027_wav,jazz.00027.wav,GTZAN,jazz,gtzan,jazz.00027.wav,data\raw\gtzan\genres_original\jazz\jazz.00027.wav,143.5546875,0.0406178161501884,0.0626808868667826,1769.3925049758589,3966.339408715197,-262.0606689453125,108.98975372314452,-6.337935924530029,55.16640090942383,-10.659159660339355,18.51910400390625,-4.244628429412842,18.54484748840332,-19.70284080505371,17.573423385620117,-10.977035522460938,11.927486419677734,-3.432398796081543
gtzan_00528,jazz_00028_wav,jazz.00028.wav,GTZAN,jazz,gtzan,jazz.00028.wav,data\raw\gtzan\genres_original\jazz\jazz.00028.wav,99.38401442307692,0.0487620569765567,0.0749049116637664,1854.0264978659409,4031.2887452871214,-233.7652282714844,108.4536361694336,-10.68267059326172,38.70037460327149,-10.768120765686035,14.159406661987305,-16.256103515625,10.375396728515623,-20.81399917602539,10.080611228942873,-12.01349925994873,7.767667293548584,-12.031627655029297
gtzan_00529,jazz_00029_wav,jazz.00029.wav,GTZAN,jazz,gtzan,jazz.00029.wav,data\raw\gtzan\genres_original\jazz\jazz.00029.wav,112.34714673913044,0.0363426692783832,0.0993737311484918,2235.3435388941803,4683.929655778712,-232.9287567138672,93.8222427368164,-16.178241729736328,49.586082458496094,-13.944541931152344,13.493356704711914,-11.8251314163208,13.293219566345217,-25.817182540893555,17.37531852722168,-13.314111709594728,9.283910751342772,-5.486600399017334
gtzan_00530,jazz_00030_wav,jazz.00030.wav,GTZAN,jazz,gtzan,jazz.00030.wav,data\raw\gtzan\genres_original\jazz\jazz.00030.wav,215.33203125,0.0295979473739862,0.084649389138631,1687.8695513922864,3354.658214454031,-318.9999389648437,115.66468811035156,-23.019874572753903,52.594215393066406,-12.798248291015623,14.616498947143556,-8.204508781433105,0.2982088029384613,-23.83980369567871,10.854394912719728,-9.56308937072754,7.470179080963135,-4.24943733215332
gtzan_00531,jazz_00031_wav,jazz.00031.wav,GTZAN,jazz,gtzan,jazz.00031.wav,data\raw\gtzan\genres_original\jazz\jazz.00031.wav,112.34714673913044,0.0435978695750236,0.0723762718725831,1752.7591105362628,3734.070588928365,-237.5023651123047,115.93069458007812,-15.409917831420898,47.10355758666992,-13.5059232711792,18.19352149963379,-13.942014694213867,15.340446472167969,-17.52718734741211,13.400240898132324,-6.2344465255737305,8.629508972167969,-7.238369464874268
gtzan_00532,jazz_00032_wav,jazz.00032.wav,GTZAN,jazz,gtzan,jazz.00032.wav,data\raw\gtzan\genres_original\jazz\jazz.00032.wav,129.19921875,0.0405316762626171,0.0613810693397138,1521.904428660079,3251.2721935723607,-305.44488525390625,121.93346405029295,2.606407642364502,36.94224166870117,-8.558878898620605,17.920360565185547,-9.269380569458008,10.571826934814451,-9.92961883544922,2.3252546787261963,-12.683234214782717,0.31159108877182,-8.622395515441895
gtzan_00533,jazz_00033_wav,jazz.00033.wav,GTZAN,jazz,gtzan,jazz.00033.wav,data\raw\gtzan\genres_original\jazz\jazz.00033.wav,95.703125,0.0697943046689033,0.0423331913428074,1169.1448171797706,2443.177544047274,-261.8205261230469,139.55001831054688,-17.10653305053711,49.89031219482422,-5.859791278839111,19.839075088500977,1.865228176116944,5.707027435302734,-7.827316284179687,-0.4331482350826263,-1.2523294687271118,-2.196244716644287,4.468629360198975
gtzan_00534,jazz_00034_wav,jazz.00034.wav,GTZAN,jazz,gtzan,jazz.00034.wav,data\raw\gtzan\genres_original\jazz\jazz.00034.wav,95.703125,0.1300726234912872,0.0793492906515854,1759.4867450719505,3574.10370368692,-146.3341064453125,118.2020492553711,-34.683128356933594,58.77826690673828,-14.961312294006348,34.30592346191406,-6.58311939239502,13.893939018249512,-14.636038780212402,9.191147804260254,-11.325636863708496,1.0963257551193235,-5.498028755187988
gtzan_00535,jazz_00035_wav,jazz.00035.wav,GTZAN,jazz,gtzan,jazz.00035.wav,data\raw\gtzan\genres_original\jazz\jazz.00035.wav,71.77734375,0.0914916545152664,0.0377256743039443,844.084418057831,1608.4869738797854,-261.8926696777344,182.5381317138672,-16.89169692993164,49.85009765625,-1.2053024768829346,6.324243068695068,6.012868881225586,-8.899389266967773,-10.305131912231444,-3.210122585296631,-5.35858154296875,-3.5506887435913086,-2.89333724975586
gtzan_00536,jazz_00036_wav,jazz.00036.wav,GTZAN,jazz,gtzan,jazz.00036.wav,data\raw\gtzan\genres_original\jazz\jazz.00036.wav,123.046875,0.0805591121315956,0.0995028821055684,1481.5685870584466,2657.35214481221,-196.9113922119141,152.8286895751953,-36.86233139038086,41.79342651367188,-8.679532051086426,4.397470951080322,-11.549312591552734,1.4114859104156494,-14.725289344787598,0.4664428830146789,-10.162415504455566,-6.92650032043457,-6.243959903717041
gtzan_00537,jazz_00037_wav,jazz.00037.wav,GTZAN,jazz,gtzan,jazz.00037.wav,data\raw\gtzan\genres_original\jazz\jazz.00037.wav,95.703125,0.1066372096538543,0.0515006434889791,1276.1951764985067,2467.2837401210845,-198.4867248535156,140.71710205078125,-18.420883178710938,30.511249542236328,-6.689789772033691,15.721616744995115,-0.7275952696800232,7.2931227684021,-6.586988925933838,6.065773010253906,-5.121785640716553,3.455958843231201,-2.8346827030181885
gtzan_00538,jazz_00038_wav,jazz.00038.wav,GTZAN,jazz,gtzan,jazz.00038.wav,data\raw\gtzan\genres_original\jazz\jazz.00038.wav,151.99908088235293,0.0977999866008758,0.0663941656999226,1554.62361446986,3216.7741036470416,-179.5712432861328,124.31078338623048,-29.72732734680176,45.35098648071289,-10.183350563049316,17.756450653076172,-8.799443244934082,12.740392684936523,-10.742956161499023,8.603838920593262,-12.38860034942627,3.381596803665161,-12.022496223449709
gtzan_00539,jazz_00039_wav,jazz.00039.wav,GTZAN,jazz,gtzan,jazz.00039.wav,data\raw\gtzan\genres_original\jazz\jazz.00039.wav,99.38401442307692,0.0822723060846328,0.0764856891676334,1310.9313477916075,2723.5671607634863,-237.3220672607422,146.84085083007812,-24.41936111450196,64.2713394165039,-10.810474395751951,3.2754409313201904,-1.3197530508041382,2.6961731910705566,5.142400741577148,0.3944287300109863,9.634404182434082,2.508662700653076,3.1253278255462646
gtzan_00540,jazz_00040_wav,jazz.00040.wav,GTZAN,jazz,gtzan,jazz.00040.wav,data\raw\gtzan\genres_original\jazz\jazz.00040.wav,99.38401442307692,0.1380760669708252,0.0548472393416473,1316.853502123741,2778.407715976653,-179.78761291503906,147.77670288085938,-20.47399139404297,58.61892318725586,-23.796518325805664,2.4591312408447266,-3.192256212234497,-9.32533073425293,-5.75728702545166,-0.4283934831619262,-8.355325698852539,3.0898444652557373,-6.853476524353027
gtzan_00541,jazz_00041_wav,jazz.00041.wav,GTZAN,jazz,gtzan,jazz.00041.wav,data\raw\gtzan\genres_original\jazz\jazz.00041.wav,95.703125,0.0782661959528923,0.100587825671887,1617.4430355139357,3103.6123749274943,-216.309799194336,135.01405334472656,-35.4796257019043,61.60260009765625,-14.553433418273926,11.037166595458984,1.213509440422058,10.95398235321045,-8.293707847595215,-1.4459264278411863,0.1209804117679596,8.271980285644531,-4.579763889312744
gtzan_00542,jazz_00042_wav,jazz.00042.wav,GTZAN,jazz,gtzan,jazz.00042.wav,data\raw\gtzan\genres_original\jazz\jazz.00042.wav,73.828125,0.0995189324021339,0.0611858323665893,1344.255958961266,2771.762899235064,-206.8230438232422,141.83993530273438,-13.786540031433104,49.328163146972656,-24.796384811401367,11.786920547485352,-12.778189659118652,-16.56585121154785,-8.377785682678223,-1.223886013031006,-7.656799793243408,-1.3779547214508057,-9.349437713623049
gtzan_00543,jazz_00043_wav,jazz.00043.wav,GTZAN,jazz,gtzan,jazz.00043.wav,data\raw\gtzan\genres_original\jazz\jazz.00043.wav,151.99908088235293,0.1117653548717498,0.0857196049642304,1761.3227471160717,3463.1069528531034,-173.17636108398438,111.63435363769533,-35.9067268371582,45.838829040527344,-11.407395362854004,19.69548988342285,-8.062451362609863,17.943744659423828,-8.935471534729004,14.706585884094238,-10.31837558746338,4.674612998962402,-11.80590534210205
gtzan_00544,jazz_00044_wav,jazz.00044.wav,GTZAN,jazz,gtzan,jazz.00044.wav,data\raw\gtzan\genres_original\jazz\jazz.00044.wav,103.359375,0.086513765156269,0.0496683614897525,1004.6109540451954,1809.963146661108,-247.0444183349609,168.026123046875,-19.707693099975582,21.936885833740234,-0.7276302576065063,15.072904586791992,-1.2399539947509766,4.7362895011901855,-2.029942274093628,6.52989673614502,-1.3924553394317627,5.610149383544922,-0.2933576107025146
gtzan_00545,jazz_00045_wav,jazz.00045.wav,GTZAN,jazz,gtzan,jazz.00045.wav,data\raw\gtzan\genres_original\jazz\jazz.00045.wav,73.828125,0.1003565266728401,0.0426217040071539,937.421761556774,1763.0164338928364,-231.2989959716797,174.37901306152344,-19.72311782836914,47.3483772277832,-1.9432785511016848,6.657070159912109,-1.0884840488433838,-5.514930248260498,-13.738749504089355,-3.7104525566101074,-6.3078813552856445,-1.504774808883667,-2.62427306175232
gtzan_00546,jazz_00046_wav,jazz.00046.wav,GTZAN,jazz,gtzan,jazz.00046.wav,data\raw\gtzan\genres_original\jazz\jazz.00046.wav,107.666015625,0.1105082482099533,0.0586360450502706,1295.1814266977444,2695.613965523492,-204.18394470214844,147.60635375976562,-25.214662551879883,49.34016418457031,-15.659563064575195,2.700343132019043,-7.840692043304443,-10.64350700378418,-4.793737411499023,-3.6701748371124254,-3.513326644897461,1.560358643531799,1.479550838470459
gtzan_00547,jazz_00047_wav,jazz.00047.wav,GTZAN,jazz,gtzan,jazz.00047.wav,data\raw\gtzan\genres_original\jazz\jazz.00047.wav,69.83741554054055,0.0539100803434848,0.0935358813080046,1981.662203208472,4261.342626160093,-201.76953125,109.304931640625,-15.516271591186523,44.27642822265625,-11.048357963562012,18.844453811645508,-11.311322212219238,18.402002334594727,-18.91156578063965,11.21572971343994,-11.906082153320312,6.960718631744385,-11.65368938446045
gtzan_00548,jazz_00048_wav,jazz.00048.wav,GTZAN,jazz,gtzan,jazz.00048.wav,data\raw\gtzan\genres_original\jazz\jazz.00048.wav,129.19921875,0.058675967156887,0.0793024639887857,1748.4005518696763,3685.44185487964,-204.75439453125,117.43120574951172,-20.93976783752441,42.01603317260742,-10.348180770874023,19.23233413696289,-11.634732246398926,7.984093189239502,-20.270893096923828,8.783560752868652,-11.705145835876465,5.171061038970947,-11.23264503479004
gtzan_00549,jazz_00049_wav,jazz.00049.wav,GTZAN,jazz,gtzan,jazz.00049.wav,data\raw\gtzan\genres_original\jazz\jazz.00049.wav,184.5703125,0.1843590587377548,0.064768449705143,2049.640520145851,4562.174630220417,-165.48443603515625,87.2777328491211,24.829330444335938,28.397113800048828,-2.771612405776977,-1.3289486169815063,-14.07545280456543,-4.764649868011475,-19.206525802612305,-0.6028441786766052,-11.943278312683104,-8.325477600097656,-8.230436325073242
gtzan_00550,jazz_00050_wav,jazz.00050.wav,GTZAN,jazz,gtzan,jazz.00050.wav,data\raw\gtzan\genres_original\jazz\jazz.00050.wav,151.99908088235293,0.1905163824558258,0.0812629909690366,2485.940907807433,5797.386911374713,-54.857234954833984,77.31853485107422,8.344057083129883,31.68655586242676,11.311710357666016,11.73536491394043,7.878113269805908,13.474247932434082,-2.216510534286499,5.5890655517578125,1.5253971815109253,7.421084403991699,-0.924475908279419
gtzan_00551,jazz_00051_wav,jazz.00051.wav,GTZAN,jazz,gtzan,jazz.00051.wav,data\raw\gtzan\genres_original\jazz\jazz.00051.wav,95.703125,0.0697959139943122,0.0424355302590873,1193.266213463629,2479.1744648165604,-260.927734375,138.55923461914062,-16.339527130126953,49.155948638916016,-5.259302616119385,19.34958267211914,2.204603910446167,5.5511651039123535,-7.879703044891357,-0.2085878998041153,-1.6205707788467407,-1.7244220972061155,3.94454288482666
gtzan_00552,jazz_00052_wav,jazz.00052.wav,GTZAN,jazz,gtzan,jazz.00052.wav,data\raw\gtzan\genres_original\jazz\jazz.00052.wav,107.666015625,0.1884319931268692,0.0772550261817832,2289.574755840761,5243.624608174001,-91.5029067993164,82.65945434570312,12.088582992553713,36.69757461547852,-0.7664414644241333,13.452943801879885,5.649839878082275,9.66515064239502,-3.7486281394958496,1.8064285516738887,1.4970061779022217,1.2616078853607178,0.8102231025695801
gtzan_00553,jazz_00053_wav,jazz.00053.wav,GTZAN,jazz,gtzan,jazz.00053.wav,data\raw\gtzan\genres_original\jazz\jazz.00053.wav,95.703125,0.13009575009346,0.0795233800995746,1804.590752965,3646.3640040421983,-141.02537536621094,110.77957916259766,-27.50605773925781,51.98480987548828,-8.675413131713867,28.63490295410156,-1.6098471879959106,9.671142578125,-11.189146041870115,6.521961688995361,-9.410140991210938,-0.1117634922266006,-4.934309959411621
gtzan_00554,jazz_00054_wav,jazz.00054.wav,GTZAN,jazz,gtzan,jazz.00054.wav,data\raw\gtzan\genres_original\jazz\jazz.00054.wav,161.4990234375,0.1623940020799636,0.0648266941170788,1670.233116562232,3464.041727293036,-111.64136505126952,121.76639556884766,-3.1201417446136475,20.95214462280273,2.5438055992126465,5.57656192779541,-3.244173765182495,2.6070303916931152,-2.3018298149108887,3.930259943008423,-3.640291690826416,-0.1636515706777572,-3.8900513648986816
gtzan_00555,jazz_00055_wav,jazz.00055.wav,GTZAN,jazz,gtzan,jazz.00055.wav,data\raw\gtzan\genres_original\jazz\jazz.00055.wav,71.77734375,0.0914908722043037,0.0377785431167826,871.4359865873053,1631.9769839399653,-260.3973693847656,180.6517333984375,-15.38526725769043,48.57170104980469,-0.0922462567687034,5.435179233551025,6.592422962188721,-9.165672302246094,-10.289590835571287,-2.9855434894561768,-5.814958572387695,-2.929379463195801,-3.6206088066101074
gtzan_00556,jazz_00056_wav,jazz.00056.wav,GTZAN,jazz,gtzan,jazz.00056.wav,data\raw\gtzan\genres_original\jazz\jazz.00056.wav,123.046875,0.198367491364479,0.1147404597355769,2976.3467583667048,6860.793231670673,-37.88875579833984,65.09345245361328,14.328890800476074,21.305299758911133,7.496687412261963,6.31797456741333,1.8994460105896,6.556881904602051,-2.916606903076172,5.564050674438477,2.438794612884521,2.9935364723205566,0.5917785167694092
gtzan_00557,jazz_00057_wav,jazz.00057.wav,GTZAN,jazz,gtzan,jazz.00057.wav,data\raw\gtzan\genres_original\jazz\jazz.00057.wav,95.703125,0.0781357884407043,0.0618587768271461,1378.5242743547162,2584.908654020446,-248.0308837890625,125.9562530517578,-12.608919143676758,30.273462295532227,-1.0752094984054563,-2.2263877391815186,1.928532361984253,0.2294031530618667,2.7007546424865723,-4.399659156799316,-6.444573879241943,-6.496407985687256,-3.991488456726074
gtzan_00558,jazz_00058_wav,jazz.00058.wav,GTZAN,jazz,gtzan,jazz.00058.wav,data\raw\gtzan\genres_original\jazz\jazz.00058.wav,123.046875,0.080562025308609,0.099600311774942,1545.494758082446,2721.4188365538,-190.61631774902344,144.0543670654297,-28.410999298095703,33.816864013671875,-1.2972025871276855,-2.2945632934570312,-5.644637584686279,-3.6427037715911865,-10.533876419067385,-2.848160743713379,-7.70797061920166,-8.58215618133545,-5.298099517822266
gtzan_00559,jazz_00059_wav,jazz.00059.wav,GTZAN,jazz,gtzan,jazz.00059.wav,data\raw\gtzan\genres_original\jazz\jazz.00059.wav,107.666015625,0.182438462972641,0.0380171393040746,1391.4736421751793,2913.813022866289,-179.77041625976562,114.68792724609376,28.3916015625,36.07065582275391,11.151985168457031,12.771337509155272,3.799590826034546,8.48492431640625,-0.0534515492618083,5.394354820251465,1.0119028091430664,2.6756606101989746,-3.7310831546783447
gtzan_00560,jazz_00060_wav,jazz.00060.wav,GTZAN,jazz,gtzan,jazz.00060.wav,data\raw\gtzan\genres_original\jazz\jazz.00060.wav,95.703125,0.1066514924168586,0.0524107423385537,1427.4008895726513,2728.9046639356147,-190.42306518554688,129.54205322265625,-7.845529556274414,20.72606468200684,2.2027947902679443,7.79785680770874,6.192283153533936,1.350951075553894,-1.5977308750152588,2.0146255493164062,-1.9861778020858765,1.1769087314605713,-1.3470838069915771
gtzan_00561,jazz_00061_wav,jazz.00061.wav,GTZAN,jazz,gtzan,jazz.00061.wav,data\raw\gtzan\genres_original\jazz\jazz.00061.wav,172.265625,0.2318897992372512,0.0942592664764006,2454.9053024959994,5469.10307643419,-23.783523559570312,82.97753143310547,2.332536697387696,29.47382926940918,6.6176347732543945,6.471293926239014,-0.7131461501121521,6.219242572784424,-3.3741493225097656,5.666733741760254,-0.3564958870410919,3.199480056762696,-0.2204165458679199
gtzan_00562,jazz_00062_wav,jazz.00062.wav,GTZAN,jazz,gtzan,jazz.00062.wav,data\raw\gtzan\genres_original\jazz\jazz.00062.wav,151.99908088235293,0.0978209674358367,0.0675157398008507,1725.4169334350547,3504.4330499564967,-168.12301635742188,108.28652954101562,-14.16461944580078,30.451074600219727,3.8777341842651367,4.671604156494141,3.1896064281463623,1.918519139289856,-1.141935110092163,0.2344266474246978,-5.25400972366333,-2.5569310188293457,-7.229942321777344
gtzan_00563,jazz_00063_wav,jazz.00063.wav,GTZAN,jazz,gtzan,jazz.00063.wav,data\raw\gtzan\genres_original\jazz\jazz.00063.wav,123.046875,0.1625447869300842,0.0987462968272171,2481.389015092891,5553.607345721043,-50.56663131713867,85.05270385742188,3.5541439056396484,22.80799102783203,-1.5852786302566528,6.1171159744262695,2.355463981628418,3.6481335163116455,-1.87341570854187,4.319544792175293,1.041117548942566,0.800035297870636,-0.7808219790458679
gtzan_00564,jazz_00064_wav,jazz.00064.wav,GTZAN,jazz,gtzan,jazz.00064.wav,data\raw\gtzan\genres_original\jazz\jazz.00064.wav,99.38401442307692,0.2121071219444275,0.0558423059261407,1574.6463671829852,3338.7955880220416,-69.56848907470703,126.00577545166016,-5.152335166931152,30.78400611877441,8.31467056274414,5.089993953704834,-3.911701440811157,5.379870891571045,-10.785662651062012,9.033116340637209,-8.263830184936523,4.794731616973877,-5.12715482711792
gtzan_00565,jazz_00065_wav,jazz.00065.wav,GTZAN,jazz,gtzan,jazz.00065.wav,data\raw\gtzan\genres_original\jazz\jazz.00065.wav,99.38401442307692,0.0822727605700492,0.0764913536832946,1337.4754415369662,2754.218251522622,-235.7680053710937,144.79299926757812,-22.586729049682617,62.56858444213867,-9.311702728271484,2.041313648223877,-0.3344381153583526,1.9954767227172847,5.5275983810424805,0.3063407838344574,9.45729637145996,2.8999714851379395,2.5643601417541504
gtzan_00566,jazz_00066_wav,jazz.00066.wav,GTZAN,jazz,gtzan,jazz.00066.wav,data\raw\gtzan\genres_original\jazz\jazz.00066.wav,129.19921875,0.1729393452405929,0.0883246111723543,1579.4904385281918,2967.528042471482,-118.42057800292967,122.29996490478516,-12.955240249633787,26.843900680541992,4.373145580291748,6.901013851165772,-6.818572044372559,-0.3913218379020691,-8.270934104919434,-5.011241912841797,-4.350816249847412,0.3212630748748779,-4.542603492736816
gtzan_00567,jazz_00067_wav,jazz.00067.wav,GTZAN,jazz,gtzan,jazz.00067.wav,data\raw\gtzan\genres_original\jazz\jazz.00067.wav,99.38401442307692,0.1380803883075714,0.0549322070765661,1353.6838211633806,2829.7093650304523,-177.2891082763672,144.35586547851562,-17.27964210510254,55.69905853271485,-21.246427536010746,0.3600078821182251,-1.5879892110824585,-10.414144515991213,-5.185567855834961,-0.5061215758323669,-8.73398494720459,3.863238096237183,-7.962100505828857
gtzan_00568,jazz_00068_wav,jazz.00068.wav,GTZAN,jazz,gtzan,jazz.00068.wav,data\raw\gtzan\genres_original\jazz\jazz.00068.wav,73.828125,0.0995205119252204,0.0612043364510827,1381.9736111236975,2830.4671072904584,-204.45587158203125,138.61685180664062,-10.798212051391602,46.56222915649414,-22.315174102783203,9.679131507873535,-11.097612380981444,-17.79602813720703,-7.582522392272949,-1.612269401550293,-7.660362243652344,-1.02308452129364,-9.98172092437744
gtzan_00569,jazz_00069_wav,jazz.00069.wav,GTZAN,jazz,gtzan,jazz.00069.wav,data\raw\gtzan\genres_original\jazz\jazz.00069.wav,151.99908088235293,0.1118093505501747,0.0875024168600154,2011.4676640409407,3914.221729535238,-159.1635284423828,91.98928833007812,-16.739978790283203,27.382221221923828,6.128925800323486,3.251192569732666,7.155528545379639,4.033526420593262,3.607133388519287,3.5579121112823486,-0.5649102330207825,-3.718338489532471,-4.729242324829102
gtzan_00570,jazz_00070_wav,jazz.00070.wav,GTZAN,jazz,gtzan,jazz.00070.wav,data\raw\gtzan\genres_original\jazz\jazz.00070.wav,103.359375,0.086521066725254,0.0500403313515081,1116.2165448685432,1954.125693336717,-238.00814819335932,155.9166259765625,-9.195623397827148,13.170736312866213,6.585514545440674,8.898472785949707,4.001019477844238,0.27070352435112,1.7672127485275269,3.357363700866699,1.1744951009750366,3.6113204956054688,1.1503392457962036
gtzan_00571,jazz_00071_wav,jazz.00071.wav,GTZAN,jazz,gtzan,jazz.00071.wav,data\raw\gtzan\genres_original\jazz\jazz.00071.wav,151.99908088235293,0.1003571823239326,0.0425707233662026,970.8828229986416,1794.2837106656032,-228.41830444335932,170.47239685058594,-16.10466766357422,43.98448944091797,1.099852442741394,4.012329578399658,1.0950074195861816,-7.203383445739746,-12.534754753112791,-4.426027297973633,-6.071396350860596,-1.3284560441970823,-3.147653818130493
gtzan_00572,jazz_00072_wav,jazz.00072.wav,GTZAN,jazz,gtzan,jazz.00072.wav,data\raw\gtzan\genres_original\jazz\jazz.00072.wav,107.666015625,0.1105086132884025,0.058720635150812,1336.1537045530652,2751.820122172274,-202.78819274902344,145.76976013183594,-23.58351325988769,47.85332107543945,-14.36994457244873,1.656523823738098,-7.067866802215576,-11.121252059936523,-4.602235794067383,-3.605165243148804,-3.799314498901367,2.0405139923095703,0.850409984588623
gtzan_00573,jazz_00073_wav,jazz.00073.wav,GTZAN,jazz,gtzan,jazz.00073.wav,data\raw\gtzan\genres_original\jazz\jazz.00073.wav,112.34714673913044,0.1332083791494369,0.1297000374613302,2967.7774637881503,6414.554689765806,-84.02204132080078,63.09621047973633,5.6135735511779785,24.928369522094727,6.19007682800293,-2.911646842956543,-0.3655358552932739,-1.0756995677947998,-4.244709968566895,-2.319594621658325,1.5784739255905151,1.9404984712600708,1.5413185358047483
gtzan_00574,jazz_00074_wav,jazz.00074.wav,GTZAN,jazz,gtzan,jazz.00074.wav,data\raw\gtzan\genres_original\jazz\jazz.00074.wav,83.35433467741936,0.1127549186348915,0.0955369658739365,2415.0343920865366,5135.902096777118,-149.1818389892578,79.08159637451172,2.028721332550049,27.620101928710938,0.3151356279850006,1.7298067808151243,-3.6065456867218018,-0.1525049954652786,-5.030524253845215,1.245247483253479,1.1495234966278076,-0.6124314069747925,1.823458194732666
gtzan_00575,jazz_00075_wav,jazz.00075.wav,GTZAN,jazz,gtzan,jazz.00075.wav,data\raw\gtzan\genres_original\jazz\jazz.00075.wav,103.359375,0.1469711363315582,0.1264890123501546,2902.086088336836,6196.62468505293,-78.16747283935547,63.23966217041016,-1.6747180223464966,21.018932342529297,4.4549336433410645,-3.600541114807129,-1.5584204196929932,-3.072726011276245,-6.074428558349609,-1.953154683113098,1.784447193145752,-1.205538272857666,0.9507341980934144
gtzan_00576,jazz_00076_wav,jazz.00076.wav,GTZAN,jazz,gtzan,jazz.00076.wav,data\raw\gtzan\genres_original\jazz\jazz.00076.wav,117.45383522727272,0.1191559806466102,0.0687003788428074,1733.471675696404,3379.5887674920245,-154.32351684570312,110.69579315185548,-22.30696678161621,21.16939163208008,4.263514995574951,4.7524495124816895,-4.099985599517822,-1.0060592889785769,-6.405926704406738,-9.242156982421877,-3.631922721862793,-5.505253314971924,0.5474013090133667
gtzan_00577,jazz_00077_wav,jazz.00077.wav,GTZAN,jazz,gtzan,jazz.00077.wav,data\raw\gtzan\genres_original\jazz\jazz.00077.wav,184.5703125,0.1457840502262115,0.1308816554282676,2777.8587057732875,5813.731692285382,-77.01703643798828,64.53250885009766,-2.856184720993042,28.520580291748047,4.688070774078369,-2.8038084506988525,-5.939004421234131,1.909650444984436,-5.196979522705078,-2.318242311477661,-2.9398386478424072,-6.155029296875,-0.7599706053733826
gtzan_00578,jazz_00078_wav,jazz.00078.wav,GTZAN,jazz,gtzan,jazz.00078.wav,data\raw\gtzan\genres_original\jazz\jazz.00078.wav,80.74951171875,0.1192288845777511,0.0958692841260634,2503.275005368403,5155.661683403422,-141.4669189453125,70.87911224365234,-0.5296332240104675,33.574066162109375,1.4310346841812134,-9.16224765777588,0.7941303253173828,0.5658749938011169,-9.17290496826172,-2.565255880355835,4.063343048095703,-2.2322769165039062,-0.6875852346420288
gtzan_00579,jazz_00079_wav,jazz.00079.wav,GTZAN,jazz,gtzan,jazz.00079.wav,data\raw\gtzan\genres_original\jazz\jazz.00079.wav,107.666015625,0.0698500722646713,0.1078452031370843,2634.0430299917653,5561.653324844113,-163.5303497314453,65.97244262695312,5.347550392150879,41.90553665161133,7.031604766845703,5.499666213989258,8.924788475036621,2.679376602172852,-0.1756577640771865,5.169557094573975,10.489633560180664,3.3396964073181152,3.841381072998047
gtzan_00580,jazz_00080_wav,jazz.00080.wav,GTZAN,jazz,gtzan,jazz.00080.wav,data\raw\gtzan\genres_original\jazz\jazz.00080.wav,135.99917763157896,0.0757411792874336,0.1403485716357308,3029.3823831428363,6201.978841901102,-117.23739624023438,56.984413146972656,-2.100040435791016,35.61288833618164,4.705498695373535,3.8964319229125977,11.594325065612791,6.076797008514404,0.5786885023117065,2.273552656173706,2.703758716583252,-1.8503674268722528,1.6781407594680786
gtzan_00581,jazz_00081_wav,jazz.00081.wav,GTZAN,jazz,gtzan,jazz.00081.wav,data\raw\gtzan\genres_original\jazz\jazz.00081.wav,117.45383522727272,0.0432482883334159,0.1001274893658159,3026.6071391311207,7277.081879440981,-228.3341522216797,67.55115509033203,37.06314468383789,21.315364837646484,17.055187225341797,10.133660316467283,10.78442096710205,8.017327308654785,2.0406041145324707,0.2791903913021087,2.485170602798462,3.8445773124694815,1.585923194885254
gtzan_00582,jazz_00082_wav,jazz.00082.wav,GTZAN,jazz,gtzan,jazz.00082.wav,data\raw\gtzan\genres_original\jazz\jazz.00082.wav,99.38401442307692,0.047837384045124,0.2066977988447409,3905.044386155029,8036.839234248115,-158.33206176757812,49.620635986328125,21.609712600708008,16.522764205932617,11.428733825683594,6.256601810455322,5.637961387634277,-0.1874720901250839,-0.2382984757423401,-1.987752914428711,2.0332980155944824,2.692450523376465,-1.4582583904266355
gtzan_00583,jazz_00083_wav,jazz.00083.wav,GTZAN,jazz,gtzan,jazz.00083.wav,data\raw\gtzan\genres_original\jazz\jazz.00083.wav,107.666015625,0.0743442177772522,0.1496451747389791,3392.946994330004,7233.074540494489,-125.94739532470705,56.63225173950195,23.4712142944336,23.711071014404297,-0.2973290979862213,7.155765056610107,0.1818109452724456,-0.8402938842773438,-4.153738021850586,-1.8898333311080933,2.524744987487793,0.5211715698242188,0.921902358531952
gtzan_00584,jazz_00084_wav,jazz.00084.wav,GTZAN,jazz,gtzan,jazz.00084.wav,data\raw\gtzan\genres_original\jazz\jazz.00084.wav,123.046875,0.051700159907341,0.1183124728103248,2875.0816780868668,6139.161175862819,-178.01138305664062,61.93067932128906,1.4841166734695437,36.043983459472656,7.582530498504639,5.155580043792725,-0.9078323841094972,2.9519970417022705,1.449449062347412,2.139715671539306,5.175337314605713,2.027747869491577,0.5200147032737732
gtzan_00585,jazz_00085_wav,jazz.00085.wav,GTZAN,jazz,gtzan,jazz.00085.wav,data\raw\gtzan\genres_original\jazz\jazz.00085.wav,80.74951171875,0.0714314505457878,0.1475591224381283,2860.571859084941,5605.169380347303,-131.87435913085938,61.60850524902344,-12.673341751098633,35.08202362060547,-2.137193441390991,-0.9554194808006288,-4.83950662612915,-4.106919288635254,-3.2717599868774414,2.5085697174072266,6.401942729949951,3.41199803352356,-2.9023823738098145
gtzan_00586,jazz_00086_wav,jazz.00086.wav,GTZAN,jazz,gtzan,jazz.00086.wav,data\raw\gtzan\genres_original\jazz\jazz.00086.wav,135.99917763157896,0.0524224266409873,0.2616371809744779,4135.664563787816,8257.12573412123,-156.61805725097656,22.76470184326172,10.472748756408691,24.15121459960937,10.134651184082031,2.967156410217285,2.4885144233703613,0.48511403799057,2.693063974380493,1.234040379524231,3.3271408081054688,-7.809596538543701,1.1046868562698364
gtzan_00587,jazz_00087_wav,jazz.00087.wav,GTZAN,jazz,gtzan,jazz.00087.wav,data\raw\gtzan\genres_original\jazz\jazz.00087.wav,135.99917763157896,0.0458120107650756,0.042834689796017,1846.4665678239703,4330.014059327871,-340.9809265136719,89.77674102783203,44.56942367553711,28.885936737060547,16.333358764648438,10.61583423614502,6.9958367347717285,0.8437709808349609,6.093809127807617,7.135113716125488,5.440108776092529,2.73931622505188,9.364577293395996
gtzan_00588,jazz_00088_wav,jazz.00088.wav,GTZAN,jazz,gtzan,jazz.00088.wav,data\raw\gtzan\genres_original\jazz\jazz.00088.wav,129.19921875,0.0915928557515144,0.069027032579273,2427.985227066133,5925.810932062065,-192.5074615478516,80.97054290771484,25.695173263549805,18.540184020996094,14.171231269836426,1.2574199438095093,4.08661413192749,-1.414908766746521,2.667311191558838,5.245386600494385,3.723577737808228,0.2895186841487884,7.333014488220215
gtzan_00589,jazz_00089_wav,jazz.00089.wav,GTZAN,jazz,gtzan,jazz.00089.wav,data\raw\gtzan\genres_original\jazz\jazz.00089.wav,54.978390957446805,0.0450529716908931,0.062751882129737,1787.421408534767,3904.471002211427,-322.4306945800781,90.68418884277344,27.027721405029297,37.84936141967773,19.69342041015625,4.613142967224121,3.071574449539185,7.978131294250488,1.9327789545059204,2.09258246421814,0.4449012577533722,4.884690284729004,13.051313400268556
gtzan_00590,jazz_00090_wav,jazz.00090.wav,GTZAN,jazz,gtzan,jazz.00090.wav,data\raw\gtzan\genres_original\jazz\jazz.00090.wav,135.99917763157896,0.0613810829818248,0.0541418183246326,1875.0101213777216,4292.060331623405,-217.62921142578125,105.63174438476562,19.31632804870605,28.35385513305664,8.658822059631348,0.1473314017057418,6.3797783851623535,-2.528024673461914,-12.983210563659668,-11.144978523254396,-6.159603595733643,-7.746043682098389,0.4135424494743347
gtzan_00591,jazz_00091_wav,jazz.00091.wav,GTZAN,jazz,gtzan,jazz.00091.wav,data\raw\gtzan\genres_original\jazz\jazz.00091.wav,112.34714673913044,0.040928941220045,0.1514797225444702,2959.1430079205684,6065.526947233904,-299.3326416015625,60.76070785522461,32.089752197265625,25.69325828552246,7.443336486816406,-1.2973521947860718,1.858911633491516,5.258048534393311,-5.5391950607299805,-3.093576192855835,3.649505138397217,-2.304440259933472,0.8978360891342163
gtzan_00592,jazz_00092_wav,jazz.00092.wav,GTZAN,jazz,gtzan,jazz.00092.wav,data\raw\gtzan\genres_original\jazz\jazz.00092.wav,117.45383522727272,0.0535671785473823,0.0754766501111755,2215.1958084364232,5026.595694061775,-294.04205322265625,84.62509155273438,39.08671569824219,28.61971664428711,14.118711471557615,1.0194352865219116,7.341592788696289,5.205275058746338,-3.7385640144348153,-5.043100833892822,2.218534469604492,-0.5735867619514465,4.209569454193115
gtzan_00593,jazz_00093_wav,jazz.00093.wav,GTZAN,jazz,gtzan,jazz.00093.wav,data\raw\gtzan\genres_original\jazz\jazz.00093.wav,83.35433467741936,0.045303538441658,0.0817204569073859,2152.894239308219,5015.995629259716,-215.3440704345703,100.9331512451172,17.104785919189453,12.98179817199707,16.058067321777344,4.762521266937256,4.5677595138549805,-3.135995626449585,-4.154349327087402,-2.299647331237793,-4.923635482788086,-3.344082355499268,-1.4227477312088013
gtzan_00594,jazz_00094_wav,jazz.00094.wav,GTZAN,jazz,gtzan,jazz.00094.wav,data\raw\gtzan\genres_original\jazz\jazz.00094.wav,123.046875,0.0397918000817298,0.0415008851749806,1077.231527758896,2111.5612198194603,-366.3855895996094,131.6950225830078,16.516376495361328,36.308555603027344,5.07753324508667,14.66619873046875,-6.155358791351318,4.708173751831055,-9.590351104736328,-1.3121750354766846,-2.6869547367095947,1.5721321105957031,-2.269956588745117
gtzan_00595,jazz_00095_wav,jazz.00095.wav,GTZAN,jazz,gtzan,jazz.00095.wav,data\raw\gtzan\genres_original\jazz\jazz.00095.wav,117.45383522727272,0.0681818127632141,0.0633625169180201,1854.556905314616,4282.076452834976,-219.77029418945312,100.83650207519533,-1.4205063581466677,41.265621185302734,-0.9400961399078368,23.37167739868164,-11.502771377563477,20.008197784423828,-15.970746994018556,13.943514823913574,-7.9791741371154785,5.733324527740479,-6.874853610992432
gtzan_00596,jazz_00096_wav,jazz.00096.wav,GTZAN,jazz,gtzan,jazz.00096.wav,data\raw\gtzan\genres_original\jazz\jazz.00096.wav,135.99917763157896,0.0444198995828628,0.0777167772380123,1873.8333017207992,4008.6314190291473,-277.26141357421875,95.77638244628906,-2.937321186065674,43.9078254699707,1.9365460872650144,22.260120391845703,-6.12611198425293,22.453048706054688,-12.84494972229004,10.758666038513184,-7.537839889526367,3.587660551071167,-5.07186222076416
gtzan_00597,jazz_00097_wav,jazz.00097.wav,GTZAN,jazz,gtzan,jazz.00097.wav,data\raw\gtzan\genres_original\jazz\jazz.00097.wav,86.1328125,0.0211866870522499,0.0399076457366589,1176.1814458173892,2343.555253951566,-413.6199340820313,118.26568603515624,31.12332344055176,40.14469528198242,13.122529983520508,13.936635971069336,-3.7045857906341553,4.748744964599609,-9.875986099243164,-3.073426008224488,-6.276643753051758,-3.622530698776245,-5.281047821044922
gtzan_00598,jazz_00098_wav,jazz.00098.wav,GTZAN,jazz,gtzan,jazz.00098.wav,data\raw\gtzan\genres_original\jazz\jazz.00098.wav,80.74951171875,0.0601615123450756,0.0581311478876643,1885.6010988665785,4357.067956061485,-222.9824066162109,102.86214447021484,-1.651836395263672,45.21669006347656,-6.746564865112305,25.35336875915528,-14.375471115112305,24.238428115844727,-10.418004989624023,11.157498359680176,-9.138480186462402,6.635825157165527,-7.827935218811035
gtzan_00599,jazz_00099_wav,jazz.00099.wav,GTZAN,jazz,gtzan,jazz.00099.wav,data\raw\gtzan\genres_original\jazz\jazz.00099.wav,135.99917763157896,0.0392688773572444,0.0461790198424207,1492.234676256941,3375.924958762326,-315.0259094238281,112.73625946044922,9.76694393157959,38.97482681274414,3.932959794998169,20.02737045288086,-7.211987495422363,15.291823387145996,-13.685927391052246,10.15584945678711,-4.880475521087647,4.704836368560791,-2.706321954727173
gtzan_00600,metal_00000_wav,metal.00000.wav,GTZAN,metal,gtzan,metal.00000.wav,data\raw\gtzan\genres_original\metal\metal.00000.wav,95.703125,0.1161254942417144,0.1830193681119489,3274.488271384068,6407.968160890371,-52.88402557373047,50.08953475952149,-11.489731788635254,46.3227767944336,6.538486003875732,10.112269401550291,5.484859943389893,8.84922981262207,5.935591697692871,6.628324508666992,-4.032498836517334,9.778782844543455,-3.1140618324279785
gtzan_00601,metal_00001_wav,metal.00001.wav,GTZAN,metal,gtzan,metal.00001.wav,data\raw\gtzan\genres_original\metal\metal.00001.wav,78.30255681818181,0.0972979962825775,0.1528407168406806,2922.845195379586,6037.074141712587,-80.14115905761719,64.837890625,-15.453774452209473,46.84407806396485,7.920761108398437,21.7662353515625,-2.1763362884521484,21.980255126953125,-7.708771228790283,11.143335342407228,-4.284613132476807,11.440834045410156,-10.363936424255373
gtzan_00602,metal_00002_wav,metal.00002.wav,GTZAN,metal,gtzan,metal.00002.wav,data\raw\gtzan\genres_original\metal\metal.00002.wav,112.34714673913044,0.1328103244304657,0.1283409313370069,2198.91800633662,4447.489090142836,-62.17747116088867,115.16429901123048,-42.779571533203125,54.29420471191406,-24.86427497863769,20.12844657897949,-21.62540626525879,20.843505859375,-8.390746116638184,20.320781707763672,-10.730496406555176,9.66100025177002,-14.543566703796388
gtzan_00603,metal_00003_wav,metal.00003.wav,GTZAN,metal,gtzan,metal.00003.wav,data\raw\gtzan\genres_original\metal\metal.00003.wav,99.38401442307692,0.1501832157373428,0.1666734640854601,2752.2646167726643,5234.8415861550175,-43.04721450805664,75.3641128540039,-47.8205680847168,53.02225875854492,-12.319859504699709,36.86349105834961,-8.280259132385254,28.38590240478516,-14.520615577697754,22.090686798095703,-7.341967582702637,15.969264030456545,-13.12972640991211
gtzan_00604,metal_00004_wav,metal.00004.wav,GTZAN,metal,gtzan,metal.00004.wav,data\raw\gtzan\genres_original\metal\metal.00004.wav,135.99917763157896,0.0634756162762641,0.1923507135779195,3403.073174163196,6903.007008138776,-107.10684967041016,47.65484619140625,-8.622631072998047,38.40585708618164,8.468853950500488,9.543785095214844,1.011904239654541,20.75159454345703,0.7121797204017639,11.783197402954102,1.167447805404663,11.064705848693848,-2.5375847816467285
gtzan_00605,metal_00005_wav,metal.00005.wav,GTZAN,metal,gtzan,metal.00005.wav,data\raw\gtzan\genres_original\metal\metal.00005.wav,151.99908088235293,0.1218812093138694,0.1343192611658932,2464.467489365532,4951.895630166038,-79.57911682128906,93.47066497802734,-27.74530601501465,64.08795166015625,-18.81016540527344,23.332847595214844,-10.551626205444336,13.373515129089355,-17.545560836791992,16.405353546142578,-10.048683166503906,8.958029747009277,-16.08633041381836
gtzan_00606,metal_00006_wav,metal.00006.wav,GTZAN,metal,gtzan,metal.00006.wav,data\raw\gtzan\genres_original\metal\metal.00006.wav,123.046875,0.0504724979400634,0.1980427965487239,3236.9253404981546,6227.983557043938,-140.72940063476562,55.93773651123047,-12.313356399536133,44.34432220458984,-10.599382400512695,10.875732421875,-0.949338436126709,22.253337860107425,-9.380370140075684,15.242427825927734,-3.0619051456451416,9.060860633850098,-8.804058074951172
gtzan_00607,metal_00007_wav,metal.00007.wav,GTZAN,metal,gtzan,metal.00007.wav,data\raw\gtzan\genres_original\metal\metal.00007.wav,151.99908088235293,0.069499060511589,0.1683108867459396,2939.4668442664474,5806.520650558295,-108.04985809326172,65.76787567138672,-20.83878898620605,47.5578727722168,0.8694352507591248,8.991188049316406,-3.1999082565307617,20.97174453735352,-10.341424942016602,7.8692450523376465,-8.12166690826416,12.047483444213867,-9.14629077911377
gtzan_00608,metal_00008_wav,metal.00008.wav,GTZAN,metal,gtzan,metal.00008.wav,data\raw\gtzan\genres_original\metal\metal.00008.wav,117.45383522727272,0.0584056191146373,0.1405615574245939,2966.078583206234,6189.380335973753,-149.94891357421875,67.86278533935547,-6.666633605957031,32.07483673095703,6.0940423011779785,12.236635208129885,9.147768020629885,10.189322471618652,3.774291038513184,10.60115909576416,0.7705873847007751,7.719432830810547,-1.1538492441177368
gtzan_00609,metal_00009_wav,metal.00009.wav,GTZAN,metal,gtzan,metal.00009.wav,data\raw\gtzan\genres_original\metal\metal.00009.wav,112.34714673913044,0.3128473162651062,0.0946472592807424,2250.699842376685,5112.145627900232,3.686080932617188,104.75929260253906,-0.8379945755004883,55.92549514770508,-29.23756599426269,31.2514705657959,-14.190140724182127,20.22561454772949,-8.274617195129395,15.182636260986328,-14.596808433532717,15.665143966674805,-12.99365234375
gtzan_00610,metal_00010_wav,metal.00010.wav,GTZAN,metal,gtzan,metal.00010.wav,data\raw\gtzan\genres_original\metal\metal.00010.wav,184.5703125,0.118153840303421,0.1964922297950502,3048.820089168163,5662.899348354118,-58.7025146484375,70.5301742553711,-19.41768264770508,73.60441589355469,-27.75742530822754,23.76865577697754,-17.904600143432617,21.22724342346192,-16.95365333557129,16.13277816772461,-15.233860969543455,14.869462013244627,-18.704551696777344
gtzan_00611,metal_00011_wav,metal.00011.wav,GTZAN,metal,gtzan,metal.00011.wav,data\raw\gtzan\genres_original\metal\metal.00011.wav,161.4990234375,0.2307636886835098,0.1714403428315932,2699.885484322395,5157.401992550029,8.829273223876953,82.81376647949219,-30.56112289428711,66.70136260986328,-16.352951049804688,16.554189682006836,-10.741829872131348,29.528793334960938,-25.085508346557617,16.808006286621094,-11.381452560424805,12.773307800292969,-13.338685035705566
gtzan_00612,metal_00012_wav,metal.00012.wav,GTZAN,metal,gtzan,metal.00012.wav,data\raw\gtzan\genres_original\metal\metal.00012.wav,172.265625,0.1143190711736679,0.1768272972254447,2803.03178756064,5262.320151627755,-64.12176513671875,74.50848388671875,-45.9664421081543,65.87425994873047,-14.652138710021973,23.854951858520508,-13.76839828491211,37.75226974487305,-10.578368186950684,21.38804817199707,-9.330748558044434,17.9119873046875,-10.78159999847412
gtzan_00613,metal_00013_wav,metal.00013.wav,GTZAN,metal,gtzan,metal.00013.wav,data\raw\gtzan\genres_original\metal\metal.00013.wav,135.99917763157896,0.0863340124487876,0.2035226489994199,3047.5527888502347,5735.526029582366,-84.86763000488281,64.65375518798828,-36.336692810058594,65.38064575195312,-13.876864433288574,22.866601943969727,-15.565428733825684,36.297096252441406,-13.67021369934082,21.264772415161133,-9.249845504760742,19.172468185424805,-10.606014251708984
gtzan_00614,metal_00014_wav,metal.00014.wav,GTZAN,metal,gtzan,metal.00014.wav,data\raw\gtzan\genres_original\metal\metal.00014.wav,151.99908088235293,0.0775967389345169,0.1852523201856148,2877.389183798178,5198.361708780452,-117.85633850097656,65.4421615600586,-51.41939163208008,74.09527587890625,-13.757644653320312,25.73512458801269,-13.12990665435791,32.22340393066406,-10.344037055969238,21.69994354248047,-7.793069839477539,12.351001739501951,-14.443892478942873
gtzan_00615,metal_00015_wav,metal.00015.wav,GTZAN,metal,gtzan,metal.00015.wav,data\raw\gtzan\genres_original\metal\metal.00015.wav,172.265625,0.1109639182686805,0.1692092789298143,2986.7188508507816,5817.87845762036,-76.77144622802734,67.99773406982422,-11.244680404663086,76.37576293945312,-17.467941284179688,25.336326599121094,-17.893569946289062,20.366390228271484,-21.40997886657715,14.216507911682127,-15.764153480529783,12.513736724853516,-18.49928092956543
gtzan_00616,metal_00016_wav,metal.00016.wav,GTZAN,metal,gtzan,metal.00016.wav,data\raw\gtzan\genres_original\metal\metal.00016.wav,92.28515625,0.2697980403900146,0.1795621253866976,2743.48907620867,5129.67362193663,26.7117919921875,79.7894287109375,-52.05177688598633,51.31947326660156,-16.364473342895508,22.018957138061523,-17.458364486694336,30.918073654174805,-15.993586540222168,16.132658004760742,-12.187926292419434,11.309331893920898,-12.450722694396973
gtzan_00617,metal_00017_wav,metal.00017.wav,GTZAN,metal,gtzan,metal.00017.wav,data\raw\gtzan\genres_original\metal\metal.00017.wav,107.666015625,0.113819919526577,0.1587151972157772,2657.012956530189,5327.344429741879,-75.47697448730469,81.86127471923828,-22.029685974121094,69.8648452758789,-11.71549129486084,25.72983741760254,-18.510498046875,27.01939010620117,-14.065855979919434,22.131277084350582,-12.088315963745115,14.934556007385254,-13.510132789611816
gtzan_00618,metal_00018_wav,metal.00018.wav,GTZAN,metal,gtzan,metal.00018.wav,data\raw\gtzan\genres_original\metal\metal.00018.wav,99.38401442307692,0.1184369996190071,0.1802607489849187,2291.64900273961,3885.993748640516,-76.32471466064453,123.24823760986328,-89.87019348144531,76.42559814453125,-21.256561279296875,22.30077743530273,-13.654284477233888,14.645462989807127,-6.313652515411377,9.90427589416504,-3.9252943992614746,5.3933305740356445,-2.4842352867126465
gtzan_00619,metal_00019_wav,metal.00019.wav,GTZAN,metal,gtzan,metal.00019.wav,data\raw\gtzan\genres_original\metal\metal.00019.wav,112.34714673913044,0.1009232029318809,0.1614273673143851,2699.282252821042,5384.782958417924,-89.31015014648438,82.35723876953125,-23.25255012512207,68.115478515625,-13.074508666992188,22.44872283935547,-18.519193649291992,26.229637145996094,-14.348670959472656,21.50331115722656,-13.876069068908691,12.479294776916504,-14.113012313842772
gtzan_00620,metal_00020_wav,metal.00020.wav,GTZAN,metal,gtzan,metal.00020.wav,data\raw\gtzan\genres_original\metal\metal.00020.wav,99.38401442307692,0.1173624247312545,0.1523490368812838,2657.912854405968,5358.26197931772,-74.96539306640625,81.18478393554688,-20.2100772857666,68.3102035522461,-11.356796264648438,23.660812377929688,-19.83358192443848,24.198318481445312,-13.164820671081545,22.288618087768555,-11.55654525756836,13.557034492492676,-15.054388046264648
gtzan_00621,metal_00021_wav,metal.00021.wav,GTZAN,metal,gtzan,metal.00021.wav,data\raw\gtzan\genres_original\metal\metal.00021.wav,107.666015625,0.1084671169519424,0.1915459747196442,3046.5780317888,5734.843228864559,-76.26451110839844,61.77223587036133,-37.133544921875,62.455265045166016,-14.841279029846191,34.573394775390625,-11.499728202819824,30.96905899047852,-12.281004905700684,22.320714950561523,-7.511743545532227,17.853303909301758,-11.12944221496582
gtzan_00622,metal_00022_wav,metal.00022.wav,GTZAN,metal,gtzan,metal.00022.wav,data\raw\gtzan\genres_original\metal\metal.00022.wav,135.99917763157896,0.1988551318645477,0.1069520978344934,2218.7437059827034,4780.212883827581,-45.80070114135742,108.00016784667967,-11.739300727844238,66.32606506347656,-30.21012115478516,9.240031242370604,-25.782838821411133,21.872127532958984,-17.935958862304688,10.276899337768556,-14.11439323425293,18.744993209838867,-14.23591423034668
gtzan_00623,metal_00023_wav,metal.00023.wav,GTZAN,metal,gtzan,metal.00023.wav,data\raw\gtzan\genres_original\metal\metal.00023.wav,143.5546875,0.1952975541353225,0.131706408908546,2575.0973006339213,5056.588964617169,-43.77534484863281,82.79747009277344,-29.634504318237305,70.4264907836914,-21.615732192993164,31.16362190246582,2.07140588760376,28.895235061645508,-2.701939582824707,19.904191970825195,-6.939985752105713,19.14306640625,-7.378290176391602
gtzan_00624,metal_00024_wav,metal.00024.wav,GTZAN,metal,gtzan,metal.00024.wav,data\raw\gtzan\genres_original\metal\metal.00024.wav,112.34714673913044,0.2315323054790496,0.1282888177929234,2410.798727286869,4949.930496392836,-16.679000854492188,94.11322784423828,-32.80900573730469,61.48679733276367,-10.092522621154783,34.2433967590332,-11.96597385406494,28.19967460632324,-15.330178260803224,19.32777404785156,-8.292202949523926,17.948532104492188,-7.453794002532959
gtzan_00625,metal_00025_wav,metal.00025.wav,GTZAN,metal,gtzan,metal.00025.wav,data\raw\gtzan\genres_original\metal\metal.00025.wav,135.99917763157896,0.1004830226302146,0.1260732369006187,2384.552716223428,4583.907677457946,-120.1001205444336,91.3110580444336,-38.84381484985352,75.01148986816406,-3.8139278888702393,22.671260833740234,-8.12301254272461,23.65962791442871,-14.634571075439451,13.37652587890625,-9.411834716796877,13.70866584777832,-9.32038688659668
gtzan_00626,metal_00026_wav,metal.00026.wav,GTZAN,metal,gtzan,metal.00026.wav,data\raw\gtzan\genres_original\metal\metal.00026.wav,129.19921875,0.1382115483283996,0.1981458907337587,2870.818646828689,5186.229505782338,-61.51149368286133,71.77092742919922,-46.31328582763672,75.43179321289062,-18.529436111450195,35.94541549682617,-12.688474655151367,28.38584899902344,-9.360641479492188,14.509379386901855,-4.273232936859131,11.87320613861084,-16.0354061126709
gtzan_00627,metal_00027_wav,metal.00027.wav,GTZAN,metal,gtzan,metal.00027.wav,data\raw\gtzan\genres_original\metal\metal.00027.wav,129.19921875,0.1650902032852172,0.1282435016676334,2398.074361760819,4866.020949644721,-36.47113800048828,94.80391693115234,-36.59895706176758,54.99755859375,-8.219815254211426,29.66993522644043,-13.693941116333008,28.70633888244629,-11.989297866821287,19.369325637817383,-15.65830421447754,13.937970161437988,-11.961556434631348
gtzan_00628,metal_00028_wav,metal.00028.wav,GTZAN,metal,gtzan,metal.00028.wav,data\raw\gtzan\genres_original\metal\metal.00028.wav,135.99917763157896,0.1441461592912674,0.1798887791231631,2789.3767914768746,5346.3046399180685,-28.051645278930664,84.02332305908203,-43.710731506347656,47.97641754150391,-22.45586585998535,19.91448211669922,-25.1895809173584,24.79342460632324,-13.114463806152344,24.66841125488281,-16.413455963134766,17.555133819580078,-15.41427993774414
gtzan_00629,metal_00029_wav,metal.00029.wav,GTZAN,metal,gtzan,metal.00029.wav,data\raw\gtzan\genres_original\metal\metal.00029.wav,123.046875,0.0890285894274711,0.1632804192043696,2954.9848088733656,5928.167427222303,-103.59989166259766,73.84547424316406,-16.14215660095215,53.16826248168945,-25.080453872680664,33.99704360961914,-13.657198905944824,25.98594665527344,-18.905122756958008,18.667659759521484,-12.78647518157959,9.54708194732666,-16.15406608581543
gtzan_00630,metal_00030_wav,metal.00030.wav,GTZAN,metal,gtzan,metal.00030.wav,data\raw\gtzan\genres_original\metal\metal.00030.wav,129.19921875,0.230341151356697,0.051180787171307,1525.0429798194884,3500.311265135586,-77.4571762084961,130.9364776611328,-23.32906150817871,62.038970947265625,0.8841663002967834,30.534162521362305,-8.763601303100586,19.45333480834961,-2.2423646450042725,13.115852355957031,-3.307833671569824,8.944350242614746,-8.969597816467285
gtzan_00631,metal_00031_wav,metal.00031.wav,GTZAN,metal,gtzan,metal.00031.wav,data\raw\gtzan\genres_original\metal\metal.00031.wav,135.99917763157896,0.2205635011196136,0.1251472774071926,2566.8139525492043,5444.511367550029,-12.477860450744627,91.32667541503906,-23.095582962036133,50.99450302124024,-12.102985382080078,30.93854522705078,-15.00855541229248,23.06844139099121,-14.287132263183594,23.08097076416016,-17.698715209960938,13.163323402404783,-15.20588493347168
gtzan_00632,metal_00032_wav,metal.00032.wav,GTZAN,metal,gtzan,metal.00032.wav,data\raw\gtzan\genres_original\metal\metal.00032.wav,117.45383522727272,0.1365538239479065,0.1481127344354215,2502.8708397269183,4762.784811847448,-61.86215591430664,93.01879119873048,-39.950660705566406,56.14815902709961,-19.6737003326416,23.396631240844727,-7.6465888023376465,17.718299865722656,-19.325746536254883,17.790008544921875,-13.089517593383787,14.30447769165039,-13.079073905944824
gtzan_00633,metal_00033_wav,metal.00033.wav,GTZAN,metal,gtzan,metal.00033.wav,data\raw\gtzan\genres_original\metal\metal.00033.wav,123.046875,0.2568500638008117,0.0999983384087393,2030.38171552848,4224.113333363544,-35.669246673583984,115.45772552490234,-40.657936096191406,75.38602447509766,-12.575759887695312,21.851253509521484,1.790057897567749,15.625015258789062,-0.1879140734672546,10.25429630279541,-11.769209861755373,15.413077354431152,-12.474472045898438
gtzan_00634,metal_00034_wav,metal.00034.wav,GTZAN,metal,gtzan,metal.00034.wav,data\raw\gtzan\genres_original\metal\metal.00034.wav,161.4990234375,0.0905107855796814,0.1608273062886697,2706.984946217761,5291.114357507976,-104.6753921508789,87.75094604492188,-33.251312255859375,48.48087692260742,-28.9110164642334,22.51913833618164,-24.98364448547364,20.53900718688965,-12.067500114440918,18.2504825592041,-15.188066482543944,10.300732612609863,-13.888822555541992
gtzan_00635,metal_00035_wav,metal.00035.wav,GTZAN,metal,gtzan,metal.00035.wav,data\raw\gtzan\genres_original\metal\metal.00035.wav,117.45383522727272,0.2708441317081451,0.1627532416134957,2836.907115108013,5615.203220163863,13.521512985229492,78.02088165283203,-32.99618911743164,55.545257568359375,-9.967193603515623,35.40666198730469,-17.641979217529297,29.054088592529297,-11.24433135986328,14.013154983520508,-10.087664604187012,16.531084060668945,-8.481301307678223
gtzan_00636,metal_00036_wav,metal.00036.wav,GTZAN,metal,gtzan,metal.00036.wav,data\raw\gtzan\genres_original\metal\metal.00036.wav,143.5546875,0.1122196242213249,0.1604334336330239,2685.529888139436,5331.0748531757545,-71.25566864013672,82.35173797607422,-30.17868423461914,56.47988128662109,-10.879721641540527,26.828502655029297,-15.818696022033691,25.34568977355957,-15.6370267868042,17.77132225036621,-13.064862251281738,14.62252426147461,-14.286724090576172
gtzan_00637,metal_00037_wav,metal.00037.wav,GTZAN,metal,gtzan,metal.00037.wav,data\raw\gtzan\genres_original\metal\metal.00037.wav,135.99917763157896,0.1120336204767227,0.1236008646316705,2292.3824232586726,4819.981862220852,-79.0542984008789,106.82528686523438,-38.750370025634766,39.86202621459961,-26.75839805603028,32.47764587402344,-15.028121948242188,29.70882225036621,-11.373498916625977,13.7748441696167,-14.504782676696776,16.166759490966797,-3.073824167251587
gtzan_00638,metal_00038_wav,metal.00038.wav,GTZAN,metal,gtzan,metal.00038.wav,data\raw\gtzan\genres_original\metal\metal.00038.wav,95.703125,0.1459657251834869,0.1482577460363495,2690.6585796166046,5088.539042107744,-122.09358978271484,62.30724334716797,-34.47746658325195,75.64954376220703,6.247753620147705,22.057994842529297,-10.96976375579834,23.25006866455078,-12.3013916015625,5.6289544105529785,-7.00933837890625,5.626246929168701,-14.407463073730469
gtzan_00639,metal_00039_wav,metal.00039.wav,GTZAN,metal,gtzan,metal.00039.wav,data\raw\gtzan\genres_original\metal\metal.00039.wav,117.45383522727272,0.1543120890855789,0.0882346499178267,2097.998518671556,4447.8388173397625,-99.89219665527344,102.19483184814452,-23.65568733215332,63.061824798583984,-8.748607635498047,30.714889526367188,-9.63326644897461,14.163620948791504,0.374184787273407,13.223077774047852,-10.084261894226074,9.194865226745604,-4.923093318939209
gtzan_00640,metal_00040_wav,metal.00040.wav,GTZAN,metal,gtzan,metal.00040.wav,data\raw\gtzan\genres_original\metal\metal.00040.wav,107.666015625,0.1046234518289566,0.1665242985063805,2710.794744860545,5083.209865773637,-74.08352661132812,80.06875610351562,-46.953800201416016,51.01090621948242,-9.1249361038208,31.770938873291016,-6.378966808319092,24.85518264770508,-19.13465881347656,20.784421920776367,-11.671113967895508,13.84178066253662,-16.46728515625
gtzan_00641,metal_00041_wav,metal.00041.wav,GTZAN,metal,gtzan,metal.00041.wav,data\raw\gtzan\genres_original\metal\metal.00041.wav,117.45383522727272,0.0976094603538513,0.1373478888727765,2269.128008899588,4186.459371827871,-100.38411712646484,104.68810272216795,-57.247859954833984,56.56850051879883,-5.551697254180908,22.8248348236084,-6.1652655601501465,23.091785430908203,-19.065330505371094,17.791446685791016,-13.772540092468262,9.95872402191162,-14.852402687072754
gtzan_00642,metal_00042_wav,metal.00042.wav,GTZAN,metal,gtzan,metal.00042.wav,data\raw\gtzan\genres_original\metal\metal.00042.wav,129.19921875,0.0936629250645637,0.1518611332656612,2464.278689901676,4549.00989930757,-93.55591583251952,89.8649673461914,-55.88470458984375,51.63796615600586,-5.57456111907959,28.790754318237305,-13.896739959716797,27.358028411865234,-15.317933082580566,22.837038040161133,-12.410518646240234,9.704618453979492,-19.733619689941406
gtzan_00643,metal_00043_wav,metal.00043.wav,GTZAN,metal,gtzan,metal.00043.wav,data\raw\gtzan\genres_original\metal\metal.00043.wav,95.703125,0.0904983580112457,0.1772645978344934,2683.280386988599,4972.387978538283,-110.85163116455078,83.16172790527344,-45.2518424987793,56.573848724365234,-7.481556415557861,19.966596603393555,-13.375374794006348,21.20569229125977,-15.699871063232422,18.08465003967285,-18.10215377807617,12.92955493927002,-17.236316680908203
gtzan_00644,metal_00044_wav,metal.00044.wav,GTZAN,metal,gtzan,metal.00044.wav,data\raw\gtzan\genres_original\metal\metal.00044.wav,117.45383522727272,0.0954359248280525,0.1712058318832173,2759.977419555069,5259.455719348173,-86.2079086303711,76.77991485595703,-42.3754997253418,54.0017204284668,-8.341035842895508,29.413942337036133,-7.907389163970947,26.66766929626465,-14.235710144042969,18.46707534790039,-17.957172393798828,9.872359275817873,-19.031312942504883
gtzan_00645,metal_00045_wav,metal.00045.wav,GTZAN,metal,gtzan,metal.00045.wav,data\raw\gtzan\genres_original\metal\metal.00045.wav,61.5234375,0.0880644395947456,0.1443216629205336,2390.2572245084216,4449.795624274942,-135.43704223632812,93.33584594726562,-43.29352188110352,59.21974182128906,-8.516697883605957,20.95394897460937,-6.527886867523193,21.897661209106445,-18.97167205810547,17.045286178588867,-15.880412101745604,11.067681312561035,-18.481130599975582
gtzan_00646,metal_00046_wav,metal.00046.wav,GTZAN,metal,gtzan,metal.00046.wav,data\raw\gtzan\genres_original\metal\metal.00046.wav,117.45383522727272,0.2124964147806167,0.1636799563756767,2795.223326642268,5455.028163971868,0.3937269747257232,79.70980834960938,-30.64588165283203,61.07865524291992,-17.460142135620117,26.7060546875,-21.251319885253903,22.3626651763916,-13.020526885986328,17.87908172607422,-13.371533393859863,19.26209259033203,-10.97928524017334
gtzan_00647,metal_00047_wav,metal.00047.wav,GTZAN,metal,gtzan,metal.00047.wav,data\raw\gtzan\genres_original\metal\metal.00047.wav,103.359375,0.2175908237695694,0.1781082330336427,2908.2814309477026,5405.808224423579,-1.881807804107666,72.67928314208984,-32.79029083251953,63.60359954833984,-18.550764083862305,25.871620178222656,-13.852072715759276,18.07798957824707,-11.944108963012695,19.6692008972168,-13.953140258789062,18.75240707397461,-11.1851224899292
gtzan_00648,metal_00048_wav,metal.00048.wav,GTZAN,metal,gtzan,metal.00048.wav,data\raw\gtzan\genres_original\metal\metal.00048.wav,107.666015625,0.224511831998825,0.1765742821925754,2889.194292081924,5484.996454013196,9.625916481018066,76.33102416992188,-31.26097297668457,56.87249755859375,-20.73594856262207,27.22788619995117,-16.627784729003906,19.355600357055664,-13.902420997619627,19.6545639038086,-16.051170349121094,17.4805908203125,-12.937999725341797
gtzan_00649,metal_00049_wav,metal.00049.wav,GTZAN,metal,gtzan,metal.00049.wav,data\raw\gtzan\genres_original\metal\metal.00049.wav,99.38401442307692,0.2176125645637512,0.1939877586040216,2980.0103977749773,5461.84784431192,10.046751022338867,74.12583923339844,-32.239402770996094,62.77353286743164,-23.3281307220459,30.03577041625977,-14.879454612731934,20.16207504272461,-12.150338172912598,19.191312789916992,-14.97523307800293,18.804697036743164,-12.281502723693848
gtzan_00650,metal_00050_wav,metal.00050.wav,GTZAN,metal,gtzan,metal.00050.wav,data\raw\gtzan\genres_original\metal\metal.00050.wav,112.34714673913044,0.249073639512062,0.1774496386794277,2986.747383116985,5628.326316886601,16.51337432861328,71.18852996826172,-22.356430053710938,60.28390884399414,-18.555540084838867,27.63103675842285,-12.416349411010742,16.95655632019043,-8.735030174255371,17.8745174407959,-13.471067428588867,18.92974853515625,-11.029473304748535
gtzan_00651,metal_00051_wav,metal.00051.wav,GTZAN,metal,gtzan,metal.00051.wav,data\raw\gtzan\genres_original\metal\metal.00051.wav,107.666015625,0.226272776722908,0.2283804318928847,3400.9162889767745,6163.383947668938,9.631224632263184,54.676414489746094,-21.032777786254883,60.16301727294922,-21.079174041748047,32.13755416870117,-15.84116268157959,21.44365692138672,-8.720701217651367,19.36607360839844,-12.374608993530272,19.749191284179688,-10.801613807678224
gtzan_00652,metal_00052_wav,metal.00052.wav,GTZAN,metal,gtzan,metal.00052.wav,data\raw\gtzan\genres_original\metal\metal.00052.wav,161.4990234375,0.2399416863918304,0.1621916992942768,2716.988683950551,5123.137054089327,4.065234661102295,83.25507354736328,-37.23687744140625,62.32441329956055,-14.838736534118652,23.394330978393555,-10.45684051513672,16.78327751159668,-7.942461967468262,16.281415939331055,-11.248371124267578,13.311285972595217,-7.810474395751953
gtzan_00653,metal_00053_wav,metal.00053.wav,GTZAN,metal,gtzan,metal.00053.wav,data\raw\gtzan\genres_original\metal\metal.00053.wav,123.046875,0.2274986058473587,0.1725668261794277,2906.766678996684,5519.011587333237,4.947689533233643,75.06167602539062,-24.72662353515625,57.00703430175781,-21.77793502807617,26.02824783325196,-12.553945541381836,17.4333553314209,-10.230241775512695,18.599140167236328,-13.013099670410156,18.95201873779297,-9.686113357543944
gtzan_00654,metal_00054_wav,metal.00054.wav,GTZAN,metal,gtzan,metal.00054.wav,data\raw\gtzan\genres_original\metal\metal.00054.wav,123.046875,0.2071897685527801,0.1957180793213457,3113.6998168246023,5829.202957330336,1.1893787384033203,66.6648941040039,-23.700925827026367,60.967071533203125,-18.881383895874023,29.7578067779541,-17.54413604736328,21.037220001220703,-11.19346523284912,18.81350326538086,-13.070274353027344,19.959867477416992,-10.569751739501951
gtzan_00655,metal_00055_wav,metal.00055.wav,GTZAN,metal,gtzan,metal.00055.wav,data\raw\gtzan\genres_original\metal\metal.00055.wav,172.265625,0.2325936704874038,0.1968404086910286,3108.487824305776,5699.221015806264,10.493659019470217,63.70228958129883,-28.410043716430664,62.59739303588867,-19.588254928588867,28.817317962646484,-15.219562530517578,19.29532241821289,-10.682764053344728,18.855424880981445,-12.698031425476074,18.031557083129883,-10.820112228393556
gtzan_00656,metal_00056_wav,metal.00056.wav,GTZAN,metal,gtzan,metal.00056.wav,data\raw\gtzan\genres_original\metal\metal.00056.wav,107.666015625,0.24293814599514,0.1793064669131863,3010.9544455574965,5633.347400213892,11.982242584228516,69.409912109375,-23.26618003845215,60.70101165771485,-20.81352996826172,25.097755432128903,-16.18758773803711,15.542733192443848,-10.504573822021484,18.77070426940918,-13.39543914794922,17.37061882019043,-11.051234245300291
gtzan_00657,metal_00057_wav,metal.00057.wav,GTZAN,metal,gtzan,metal.00057.wav,data\raw\gtzan\genres_original\metal\metal.00057.wav,129.19921875,0.2071970850229263,0.1437182031854215,2718.60916253544,5228.721360208817,-24.949142456054688,77.52435302734375,-30.36921119689941,68.36117553710938,-6.501951694488525,24.69286155700684,-9.801251411437988,19.5128116607666,-11.454039573669434,18.59421730041504,-14.156014442443848,14.444585800170898,-5.919558048248291
gtzan_00658,metal_00058_wav,metal.00058.wav,GTZAN,metal,gtzan,metal.00058.wav,data\raw\gtzan\genres_original\metal\metal.00058.wav,143.5546875,0.1845526844263076,0.1428334058391338,2459.4994227321545,5024.264179415603,-15.52408218383789,99.9170913696289,-37.429176330566406,45.791595458984375,-20.603975296020508,25.47589874267578,-18.47053337097168,26.34449958801269,-20.00874328613281,20.96514320373535,-13.49651336669922,10.81645679473877,-15.384136199951172
gtzan_00659,metal_00059_wav,metal.00059.wav,GTZAN,metal,gtzan,metal.00059.wav,data\raw\gtzan\genres_original\metal\metal.00059.wav,99.38401442307692,0.1823669821023941,0.1498219076276102,2442.474784578183,4728.569834414879,-15.587641716003418,99.13541412353516,-45.62350082397461,55.00850677490234,-18.01473999023437,23.89165306091309,-19.59729385375977,27.336565017700195,-15.095514297485352,18.794754028320312,-16.145137786865234,9.208406448364258,-16.216148376464844
gtzan_00660,metal_00060_wav,metal.00060.wav,GTZAN,metal,gtzan,metal.00060.wav,data\raw\gtzan\genres_original\metal\metal.00060.wav,89.10290948275862,0.1257605850696563,0.1394849218145785,2315.317248126811,4615.982657518852,-58.2271614074707,105.84019470214844,-43.88441467285156,58.44003677368164,-18.423309326171875,27.96684455871582,-17.959604263305664,21.0407657623291,-15.545891761779783,13.387969017028809,-15.680116653442385,9.359065055847168,-15.315593719482422
gtzan_00661,metal_00061_wav,metal.00061.wav,GTZAN,metal,gtzan,metal.00061.wav,data\raw\gtzan\genres_original\metal\metal.00061.wav,107.666015625,0.1046234518289566,0.1665242985063805,2710.794744860545,5083.209865773637,-74.08352661132812,80.06875610351562,-46.953800201416016,51.01090621948242,-9.1249361038208,31.770938873291016,-6.378966808319092,24.85518264770508,-19.13465881347656,20.784421920776367,-11.671113967895508,13.84178066253662,-16.46728515625
gtzan_00662,metal_00062_wav,metal.00062.wav,GTZAN,metal,gtzan,metal.00062.wav,data\raw\gtzan\genres_original\metal\metal.00062.wav,117.45383522727272,0.0976094603538513,0.1373478888727765,2269.128008899588,4186.459371827871,-100.38411712646484,104.68810272216795,-57.247859954833984,56.56850051879883,-5.551697254180908,22.8248348236084,-6.1652655601501465,23.091785430908203,-19.065330505371094,17.791446685791016,-13.772540092468262,9.95872402191162,-14.852402687072754
gtzan_00663,metal_00063_wav,metal.00063.wav,GTZAN,metal,gtzan,metal.00063.wav,data\raw\gtzan\genres_original\metal\metal.00063.wav,129.19921875,0.0936629250645637,0.1518611332656612,2464.278689901676,4549.00989930757,-93.55591583251952,89.8649673461914,-55.88470458984375,51.63796615600586,-5.57456111907959,28.790754318237305,-13.896739959716797,27.358028411865234,-15.317933082580566,22.837038040161133,-12.410518646240234,9.704618453979492,-19.733619689941406
gtzan_00664,metal_00064_wav,metal.00064.wav,GTZAN,metal,gtzan,metal.00064.wav,data\raw\gtzan\genres_original\metal\metal.00064.wav,95.703125,0.0904983580112457,0.1772645978344934,2683.280386988599,4972.387978538283,-110.85163116455078,83.16172790527344,-45.2518424987793,56.573848724365234,-7.481556415557861,19.966596603393555,-13.375374794006348,21.20569229125977,-15.699871063232422,18.08465003967285,-18.10215377807617,12.92955493927002,-17.236316680908203
gtzan_00665,metal_00065_wav,metal.00065.wav,GTZAN,metal,gtzan,metal.00065.wav,data\raw\gtzan\genres_original\metal\metal.00065.wav,117.45383522727272,0.0954359248280525,0.1712058318832173,2759.977419555069,5259.455719348173,-86.2079086303711,76.77991485595703,-42.3754997253418,54.0017204284668,-8.341035842895508,29.413942337036133,-7.907389163970947,26.66766929626465,-14.235710144042969,18.46707534790039,-17.957172393798828,9.872359275817873,-19.031312942504883
gtzan_00666,metal_00066_wav,metal.00066.wav,GTZAN,metal,gtzan,metal.00066.wav,data\raw\gtzan\genres_original\metal\metal.00066.wav,61.5234375,0.0880644395947456,0.1443216629205336,2390.2572245084216,4449.795624274942,-135.43704223632812,93.33584594726562,-43.29352188110352,59.21974182128906,-8.516697883605957,20.95394897460937,-6.527886867523193,21.897661209106445,-18.97167205810547,17.045286178588867,-15.880412101745604,11.067681312561035,-18.481130599975582
gtzan_00667,metal_00067_wav,metal.00067.wav,GTZAN,metal,gtzan,metal.00067.wav,data\raw\gtzan\genres_original\metal\metal.00067.wav,135.99917763157896,0.1362957805395126,0.1201160545968677,2254.453491483354,4381.340688895737,-82.4714584350586,97.357421875,-34.385929107666016,71.42520141601562,-3.3021013736724854,17.390716552734375,-9.032851219177246,16.02745246887207,-19.0193099975586,12.088814735412598,-9.57392120361328,13.961496353149414,-14.460366249084473
gtzan_00668,metal_00068_wav,metal.00068.wav,GTZAN,metal,gtzan,metal.00068.wav,data\raw\gtzan\genres_original\metal\metal.00068.wav,161.4990234375,0.0983773991465568,0.1307011461958623,2302.4995638302203,4598.871005383556,-99.90235137939452,106.37437438964844,-40.66899108886719,52.71951675415039,-20.739320755004883,25.278778076171875,-11.826800346374512,22.088520050048828,-12.476812362670898,13.769083023071287,-14.385024070739746,15.969761848449709,-11.720372200012209
gtzan_00669,metal_00069_wav,metal.00069.wav,GTZAN,metal,gtzan,metal.00069.wav,data\raw\gtzan\genres_original\metal\metal.00069.wav,161.4990234375,0.173666700720787,0.0537588970659319,1740.722850474946,4109.344524905742,-111.65028381347656,111.15766143798828,-10.658143997192385,69.70529174804688,-4.912100791931152,29.84325790405273,-10.40529727935791,21.2654037475586,-6.654609680175781,20.096052169799805,-7.231291770935059,16.24365997314453,-10.129572868347168
gtzan_00670,metal_00070_wav,metal.00070.wav,GTZAN,metal,gtzan,metal.00070.wav,data\raw\gtzan\genres_original\metal\metal.00070.wav,117.45383522727272,0.0488493032753467,0.1428466230423433,2743.0559849236097,5626.1113779727375,-197.20687866210932,74.13288879394531,-10.733116149902344,54.71052169799805,-7.596105098724365,18.41120719909668,-18.88080406188965,11.593008041381836,-14.56201171875,18.41675567626953,-16.466646194458008,12.573149681091309,-10.466948509216309
gtzan_00671,metal_00071_wav,metal.00071.wav,GTZAN,metal,gtzan,metal.00071.wav,data\raw\gtzan\genres_original\metal\metal.00071.wav,86.1328125,0.1153501942753791,0.1537296681651198,2807.79446083876,5673.874120867169,-78.59347534179688,80.88268280029297,-24.586641311645508,47.03153991699219,-23.745147705078125,27.427143096923828,-17.416675567626953,22.27780532836914,-13.531970977783203,21.57195281982422,-11.102301597595217,15.58421230316162,-9.702315330505373
gtzan_00672,metal_00072_wav,metal.00072.wav,GTZAN,metal,gtzan,metal.00072.wav,data\raw\gtzan\genres_original\metal\metal.00072.wav,123.046875,0.19440858066082,0.1167702140129543,2339.71490773828,4707.994217662413,-35.1910285949707,93.95523834228516,-35.185909271240234,62.80712127685547,-11.726480484008787,27.009069442749023,-10.755823135375977,24.08240127563477,-13.042168617248535,13.611610412597656,-12.416935920715332,13.576593399047852,-12.251751899719238
gtzan_00673,metal_00073_wav,metal.00073.wav,GTZAN,metal,gtzan,metal.00073.wav,data\raw\gtzan\genres_original\metal\metal.00073.wav,143.5546875,0.2935759425163269,0.1212886093387471,2642.018426218921,5566.907559636021,2.8363523483276367,77.0696029663086,-17.556447982788086,57.95838928222656,0.7397462129592896,28.834903717041016,-7.863948822021484,27.614389419555664,-13.545915603637695,17.287534713745117,-7.578127861022949,13.037583351135254,-8.744357109069824
gtzan_00674,metal_00074_wav,metal.00074.wav,GTZAN,metal,gtzan,metal.00074.wav,data\raw\gtzan\genres_original\metal\metal.00074.wav,123.046875,0.0408509783446788,0.1349835200357695,2725.2945982809947,5496.820564004495,-201.1456451416016,76.78046417236328,-14.79818344116211,68.73930358886719,-12.943648338317873,36.959747314453125,-10.978657722473145,23.694074630737305,-12.26632022857666,16.67232322692871,-11.07651138305664,15.567449569702148,-11.19101619720459
gtzan_00675,metal_00075_wav,metal.00075.wav,GTZAN,metal,gtzan,metal.00075.wav,data\raw\gtzan\genres_original\metal\metal.00075.wav,112.34714673913044,0.2447736859321594,0.0888585019093194,2068.35558669801,4439.170578958817,-40.44196701049805,105.30111694335938,-14.108837127685549,54.84885025024414,-1.1962867975234983,20.08409118652344,-11.69879913330078,22.18394088745117,-10.23362159729004,14.19419288635254,-6.912938594818115,13.348496437072754,-9.255789756774902
gtzan_00676,metal_00076_wav,metal.00076.wav,GTZAN,metal,gtzan,metal.00076.wav,data\raw\gtzan\genres_original\metal\metal.00076.wav,143.5546875,0.0969377681612968,0.1624915409899458,2792.4885971477734,5321.340779527987,-100.84020233154295,76.13404083251953,-29.543500900268555,69.71678161621094,-17.33548355102539,21.39774513244629,-12.915929794311523,22.00691795349121,-9.839856147766112,18.426612854003903,-12.04290771484375,8.984484672546387,-20.867881774902344
gtzan_00677,metal_00077_wav,metal.00077.wav,GTZAN,metal,gtzan,metal.00077.wav,data\raw\gtzan\genres_original\metal\metal.00077.wav,151.99908088235293,0.1491502523422241,0.1599187179766047,2740.9209907125605,5408.656003027118,-42.01068115234375,86.98981475830078,-27.53012657165528,62.618125915527344,-27.00097846984864,32.33559799194336,-18.953332901000977,22.130353927612305,-14.31927490234375,19.503925323486328,-10.96179485321045,16.75982093811035,-12.376791954040527
gtzan_00678,metal_00078_wav,metal.00078.wav,GTZAN,metal,gtzan,metal.00078.wav,data\raw\gtzan\genres_original\metal\metal.00078.wav,99.38401442307692,0.2696712017059326,0.1317906213747099,2814.9780630970536,5897.208243456352,-1.6397855281829834,73.39337158203125,-15.90272617340088,55.79780578613281,-1.8974473476409912,34.02405548095703,-8.308772087097168,32.75825119018555,-9.702256202697754,20.82928276062012,-9.034416198730469,13.95517921447754,-9.579517364501951
gtzan_00679,metal_00079_wav,metal.00079.wav,GTZAN,metal,gtzan,metal.00079.wav,data\raw\gtzan\genres_original\metal\metal.00079.wav,123.046875,0.1274256110191345,0.1438552844644238,2710.543163287028,5323.505757413718,-74.863525390625,79.10015106201172,-40.88932037353516,54.715126037597656,-9.671937942504885,37.261260986328125,-14.969293594360352,20.931621551513672,-17.422040939331055,16.571136474609375,-11.093770027160645,15.46259593963623,-11.128450393676758
gtzan_00680,metal_00080_wav,metal.00080.wav,GTZAN,metal,gtzan,metal.00080.wav,data\raw\gtzan\genres_original\metal\metal.00080.wav,161.4990234375,0.1399349868297577,0.1440546754156999,2847.5704575460013,5929.383145573521,-73.48675537109375,74.66875457763672,-16.45473861694336,55.65730667114258,-7.745397567749023,36.549896240234375,-18.313873291015625,27.829578399658203,-11.9318265914917,20.07413101196289,-11.367047309875488,14.720760345458984,-7.300177097320557
gtzan_00681,metal_00081_wav,metal.00081.wav,GTZAN,metal,gtzan,metal.00081.wav,data\raw\gtzan\genres_original\metal\metal.00081.wav,151.99908088235293,0.1904101967811584,0.1219354970272621,2137.9207709952907,4200.714918521607,-19.127593994140625,118.86357879638672,-52.16912460327149,42.72018814086914,-21.5936279296875,27.69035148620605,-14.631335258483888,27.03351211547852,-17.137454986572266,18.97886848449707,-10.77491283416748,9.388788223266602,-4.6718430519104
gtzan_00682,metal_00082_wav,metal.00082.wav,GTZAN,metal,gtzan,metal.00082.wav,data\raw\gtzan\genres_original\metal\metal.00082.wav,123.046875,0.1316424757242202,0.1412658455384764,2378.350841949206,4748.254479498985,-57.636661529541016,101.43338775634766,-41.50156021118164,55.1284065246582,-23.351640701293945,28.156450271606445,-12.139837265014648,18.15192604064941,-15.433671951293944,11.893074989318848,-10.8097505569458,9.398394584655762,-12.281661987304688
gtzan_00683,metal_00083_wav,metal.00083.wav,GTZAN,metal,gtzan,metal.00083.wav,data\raw\gtzan\genres_original\metal\metal.00083.wav,117.45383522727272,0.2087118625640869,0.1228716526488785,2340.639542263814,4716.087904219838,-29.34223365783692,101.89610290527344,-29.127410888671875,69.75513458251953,-16.183670043945312,19.45838737487793,-18.355363845825195,19.084449768066406,-18.29456901550293,15.29870319366455,-8.258439064025879,2.50203800201416,-14.805109024047852
gtzan_00684,metal_00084_wav,metal.00084.wav,GTZAN,metal,gtzan,metal.00084.wav,data\raw\gtzan\genres_original\metal\metal.00084.wav,151.99908088235293,0.229849100112915,0.1385170449052591,2522.065033455784,5088.713905706207,0.3017767071723938,94.19457244873048,-32.41297912597656,45.461368560791016,-15.214055061340332,25.891441345214844,-12.40335178375244,19.62790298461914,-6.8119425773620605,17.236003875732422,-12.992229461669922,13.689072608947754,-8.692625999450684
gtzan_00685,metal_00085_wav,metal.00085.wav,GTZAN,metal,gtzan,metal.00085.wav,data\raw\gtzan\genres_original\metal\metal.00085.wav,103.359375,0.1519908308982849,0.1577129555781129,2646.949772161141,5304.662122969838,-46.57212448120117,86.8102798461914,-34.78874206542969,49.90347671508789,-18.17745018005371,28.7326774597168,-23.48413276672364,15.673083305358888,-8.938902854919434,10.606465339660645,-18.19027709960937,12.443072319030762,-13.559921264648438
gtzan_00686,metal_00086_wav,metal.00086.wav,GTZAN,metal,gtzan,metal.00086.wav,data\raw\gtzan\genres_original\metal\metal.00086.wav,123.046875,0.0883041843771934,0.1590101296645398,2629.810643069209,5190.867554560615,-96.2648696899414,90.9442901611328,-32.215126037597656,54.3292236328125,-23.029579162597656,27.711843490600582,-16.946332931518555,21.046560287475582,-18.194618225097656,22.611995697021484,-9.000283241271973,14.270716667175291,-10.992925643920898
gtzan_00687,metal_00087_wav,metal.00087.wav,GTZAN,metal,gtzan,metal.00087.wav,data\raw\gtzan\genres_original\metal\metal.00087.wav,95.703125,0.2673795223236084,0.1867394443638824,3338.581900165852,6670.863090922274,22.877513885498047,60.81078338623047,-6.400491714477539,53.16094970703125,-13.248945236206056,27.904651641845703,-14.30879020690918,29.682109832763672,-17.33079719543457,20.30077362060547,-9.739601135253906,17.126056671142578,-8.249524116516113
gtzan_00688,metal_00088_wav,metal.00088.wav,GTZAN,metal,gtzan,metal.00088.wav,data\raw\gtzan\genres_original\metal\metal.00088.wav,117.45383522727272,0.133361130952835,0.0923920267788089,1988.223472858787,4148.006033842083,-129.63287353515625,104.04136657714844,-26.99212646484375,68.26171875,2.4140429496765137,22.605283737182617,-12.098685264587402,17.06077766418457,-5.684248447418213,13.672845840454102,-2.801075220108032,5.394861221313477,-2.9979488849639893
gtzan_00689,metal_00089_wav,metal.00089.wav,GTZAN,metal,gtzan,metal.00089.wav,data\raw\gtzan\genres_original\metal\metal.00089.wav,151.99908088235293,0.2661418318748474,0.0465377725009667,1443.3314125513104,3285.628727251305,-90.73606872558594,128.06625366210938,-34.78204727172852,73.78156280517578,4.333497047424316,28.11095428466797,-0.5374404788017273,17.345291137695312,4.388393402099609,12.316690444946287,2.278533935546875,5.6893415451049805,-6.749617099761963
gtzan_00690,metal_00090_wav,metal.00090.wav,GTZAN,metal,gtzan,metal.00090.wav,data\raw\gtzan\genres_original\metal\metal.00090.wav,89.10290948275862,0.1466410607099533,0.0846350390322892,2141.4053031675107,4682.888801025957,-93.50012969970705,100.65209197998048,-23.34760093688965,52.50229644775391,-7.752994060516357,39.60092926025391,-7.773789405822754,26.73513603210449,-12.48575210571289,11.751595497131348,-10.549671173095703,23.03485870361328,-9.959189414978027
gtzan_00691,metal_00091_wav,metal.00091.wav,GTZAN,metal,gtzan,metal.00091.wav,data\raw\gtzan\genres_original\metal\metal.00091.wav,92.28515625,0.116040863096714,0.1200435487964037,2323.458546158964,5018.485353828306,-96.6126708984375,101.7375259399414,-16.849163055419922,47.305782318115234,-27.1021785736084,28.294376373291016,-17.193653106689453,21.65167999267578,-17.89978790283203,7.0296173095703125,-14.6117525100708,15.236000061035156,-16.015682220458984
gtzan_00692,metal_00092_wav,metal.00092.wav,GTZAN,metal,gtzan,metal.00092.wav,data\raw\gtzan\genres_original\metal\metal.00092.wav,117.45383522727272,0.166333869099617,0.0932858873501546,2089.9710575936288,4392.698495957801,-67.87825012207031,108.95140075683594,-33.83414459228516,50.50548553466797,-21.36688804626465,21.50659370422364,-14.86942195892334,11.63504409790039,-19.261098861694336,10.539436340332031,-13.91814422607422,5.559652805328369,-14.440614700317385
gtzan_00693,metal_00093_wav,metal.00093.wav,GTZAN,metal,gtzan,metal.00093.wav,data\raw\gtzan\genres_original\metal\metal.00093.wav,172.265625,0.0920236930251121,0.1416087375531709,2644.6969887497257,5176.728583599188,-104.97423553466795,80.7178955078125,-28.533945083618164,66.81829071044922,-20.70883750915528,29.131053924560547,-9.36349868774414,22.357738494873047,-12.051944732666016,13.602468490600586,-14.737640380859377,11.062686920166016,-15.274255752563477
gtzan_00694,metal_00094_wav,metal.00094.wav,GTZAN,metal,gtzan,metal.00094.wav,data\raw\gtzan\genres_original\metal\metal.00094.wav,161.4990234375,0.0905107855796814,0.1608273062886697,2706.984946217761,5291.114357507976,-104.6753921508789,87.75094604492188,-33.251312255859375,48.48087692260742,-28.9110164642334,22.51913833618164,-24.98364448547364,20.53900718688965,-12.067500114440918,18.2504825592041,-15.188066482543944,10.300732612609863,-13.888822555541992
gtzan_00695,metal_00095_wav,metal.00095.wav,GTZAN,metal,gtzan,metal.00095.wav,data\raw\gtzan\genres_original\metal\metal.00095.wav,151.99908088235293,0.1854469627141952,0.1211167856970224,2446.267670780378,5192.80770781975,-35.43549346923828,94.09585571289062,-24.216127395629883,43.31142425537109,-16.380199432373047,29.510290145874023,-5.861135005950928,28.444475173950195,-13.959360122680664,13.7431058883667,-9.195682525634766,15.589109420776367,-8.493427276611328
gtzan_00696,metal_00096_wav,metal.00096.wav,GTZAN,metal,gtzan,metal.00096.wav,data\raw\gtzan\genres_original\metal\metal.00096.wav,161.4990234375,0.1882441043853759,0.1281732616734338,2493.5017806909627,5104.8929519830335,-51.58193206787109,86.16007232666016,-20.266433715820312,59.05467987060547,-10.86151123046875,27.523950576782227,-11.249031066894531,23.93390464782715,-11.554366111755373,13.288494110107422,-9.005915641784668,13.91643238067627,-10.727798461914062
gtzan_00697,metal_00097_wav,metal.00097.wav,GTZAN,metal,gtzan,metal.00097.wav,data\raw\gtzan\genres_original\metal\metal.00097.wav,112.34714673913044,0.1860910356044769,0.0862260126643464,1983.7690774970563,4242.107630329177,-82.09658813476562,98.27715301513672,-16.516347885131836,68.43086242675781,1.4337214231491089,29.853160858154297,-5.276234149932861,24.397754669189453,-10.47532081604004,14.393987655639648,-7.893584728240967,10.023252487182615,-8.496158599853516
gtzan_00698,metal_00098_wav,metal.00098.wav,GTZAN,metal,gtzan,metal.00098.wav,data\raw\gtzan\genres_original\metal\metal.00098.wav,151.99908088235293,0.139011725783348,0.115697354746713,2241.000417992825,4490.522189040748,-95.36450958251952,92.07968139648438,-28.03165435791016,52.79044723510742,-3.017643928527832,25.40249824523925,-6.129295825958252,20.092641830444336,-10.224361419677734,12.40439796447754,-8.270609855651855,11.691970825195312,-9.264479637145996
gtzan_00699,metal_00099_wav,metal.00099.wav,GTZAN,metal,gtzan,metal.00099.wav,data\raw\gtzan\genres_original\metal\metal.00099.wav,143.5546875,0.1701881736516952,0.1079656685034802,2375.608157469717,4898.537252120795,-66.65435028076172,88.3421401977539,-27.536609649658203,53.17520523071289,-9.175246238708496,27.96004676818848,-8.094718933105469,26.28515625,-8.230619430541992,12.675470352172852,-7.123948574066162,13.669851303100586,-8.359406471252441
gtzan_00700,pop_00000_wav,pop.00000.wav,GTZAN,pop,gtzan,pop.00000.wav,data\raw\gtzan\genres_original\pop\pop.00000.wav,89.10290948275862,0.1859171986579895,0.1267201245891338,3421.887738231055,7952.938014338022,-94.4774398803711,55.655704498291016,29.27738380432129,27.05503273010254,20.058979034423828,1.1853243112564087,12.943341255187988,-0.7949455976486206,8.872692108154297,-0.6816242933273315,-5.346005916595459,2.202065944671631,-4.618988990783691
gtzan_00701,pop_00001_wav,pop.00001.wav,GTZAN,pop,gtzan,pop.00001.wav,data\raw\gtzan\genres_original\pop\pop.00001.wav,107.666015625,0.2625790238380432,0.1493944255123743,3702.1051113435374,8072.977711263776,-59.14175033569336,45.27807235717773,36.841270446777344,15.692758560180664,15.667404174804688,1.682377576828003,7.309103488922119,8.831474304199219,5.851649284362793,8.013450622558594,-2.256030797958374,1.9182459115982056,-0.9173870086669922
gtzan_00702,pop_00002_wav,pop.00002.wav,GTZAN,pop,gtzan,pop.00002.wav,data\raw\gtzan\genres_original\pop\pop.00002.wav,83.35433467741936,0.2151719182729721,0.1188660848076179,3214.086840224995,7424.433605079032,-59.56503677368164,62.96931838989258,31.13347625732422,16.92937660217285,8.885163307189941,10.805135726928713,10.556962013244627,5.164029598236084,5.386290550231934,6.145825386047363,2.265177011489868,4.245294094085693,4.119544506072998
gtzan_00703,pop_00003_wav,pop.00003.wav,GTZAN,pop,gtzan,pop.00003.wav,data\raw\gtzan\genres_original\pop\pop.00003.wav,92.28515625,0.1294217556715011,0.0853230888679427,1836.9566906485368,3670.803273636891,-125.8783721923828,126.62882232666016,-23.190065383911133,36.25013732910156,20.952167510986328,-1.1985386610031128,16.505041122436523,-3.659069299697876,6.528484344482422,9.339898109436035,-6.404713153839111,3.876359462738037,-7.953990459442139
gtzan_00704,pop_00004_wav,pop.00004.wav,GTZAN,pop,gtzan,pop.00004.wav,data\raw\gtzan\genres_original\pop\pop.00004.wav,107.666015625,0.2111753672361374,0.1237088680636117,2753.1207913397066,5986.68011800319,-20.897735595703125,83.23895263671875,5.046143054962158,16.36243438720703,9.404126167297363,-0.5634063482284546,4.042762756347656,6.208808898925781,9.12296199798584,5.869026184082031,-3.4980664253234863,-0.6332533359527588,-3.170406103134156
gtzan_00705,pop_00005_wav,pop.00005.wav,GTZAN,pop,gtzan,pop.00005.wav,data\raw\gtzan\genres_original\pop\pop.00005.wav,172.265625,0.1396899372339248,0.1067315593580819,2289.8507818925104,4747.105375851943,-113.54022979736328,90.02792358398438,-5.533843517303467,25.57697486877441,2.630635499954224,3.182216167449951,1.1369234323501587,6.1472368240356445,2.814769983291626,-1.8445305824279783,-7.121129989624023,-3.443433284759521,-5.923428535461426
gtzan_00706,pop_00006_wav,pop.00006.wav,GTZAN,pop,gtzan,pop.00006.wav,data\raw\gtzan\genres_original\pop\pop.00006.wav,92.28515625,0.0939896553754806,0.067680010755027,2125.0853874551503,4977.775442738544,-169.06431579589844,94.66462707519533,24.48021507263184,27.37761688232422,11.63002872467041,14.898478507995604,4.251136779785156,12.379402160644531,10.704941749572754,5.125445365905762,-0.341239869594574,1.2530707120895386,-4.145343780517578
gtzan_00707,pop_00007_wav,pop.00007.wav,GTZAN,pop,gtzan,pop.00007.wav,data\raw\gtzan\genres_original\pop\pop.00007.wav,129.19921875,0.0843669176101684,0.0823005033110982,1967.7656068674155,4125.765049485209,-224.35223388671875,107.34815216064452,-1.589529514312744,13.88600254058838,8.120070457458496,-9.368736267089844,8.117420196533203,9.288798332214355,9.098779678344728,6.026246547698975,-6.656484127044678,2.068609476089477,6.185361862182617
gtzan_00708,pop_00008_wav,pop.00008.wav,GTZAN,pop,gtzan,pop.00008.wav,data\raw\gtzan\genres_original\pop\pop.00008.wav,172.265625,0.1955829262733459,0.1212565104166666,2884.5679581951435,6428.851870649652,-52.44399642944336,74.0455322265625,12.739832878112791,24.48033905029297,21.08440971374512,1.9083898067474363,6.810069561004639,4.73792839050293,8.409786224365234,8.242815971374512,-2.2756495475769043,-1.2036893367767334,-2.6922664642333984
gtzan_00709,pop_00009_wav,pop.00009.wav,GTZAN,pop,gtzan,pop.00009.wav,data\raw\gtzan\genres_original\pop\pop.00009.wav,107.666015625,0.1597499698400497,0.1727420485305491,3279.471504365256,6952.468425989704,-35.249176025390625,61.25497817993164,14.055295944213867,28.668041229248047,4.332963466644287,-1.3678035736083984,-0.7918456792831421,5.126027584075928,5.354616165161133,1.22882080078125,-7.258694648742676,-0.5163419842720032,0.2138324975967407
gtzan_00710,pop_00010_wav,pop.00010.wav,GTZAN,pop,gtzan,pop.00010.wav,data\raw\gtzan\genres_original\pop\pop.00010.wav,107.666015625,0.184090718626976,0.0661728719547563,1900.2750336540544,4189.565282410093,-111.16549682617188,103.1807098388672,10.89493465423584,34.35484313964844,22.330909729003903,17.87166404724121,6.811329364776611,6.3393754959106445,5.490728378295898,0.6110570430755615,0.3298882246017456,3.828000068664551,2.035029172897339
gtzan_00711,pop_00011_wav,pop.00011.wav,GTZAN,pop,gtzan,pop.00011.wav,data\raw\gtzan\genres_original\pop\pop.00011.wav,184.5703125,0.0558131970465183,0.0870847532385924,2199.986802126694,4625.267081913428,-240.6495513916016,97.15609741210938,0.4243424534797668,-0.2594075798988342,-10.465863227844238,-15.743002891540527,1.3926106691360474,-17.87472152709961,-9.086840629577637,-8.755207061767578,-14.258833885192873,-5.502763748168945,-8.367817878723145
gtzan_00712,pop_00012_wav,pop.00012.wav,GTZAN,pop,gtzan,pop.00012.wav,data\raw\gtzan\genres_original\pop\pop.00012.wav,99.38401442307692,0.164256751537323,0.1258851749806651,2679.202578399322,5533.533592843677,-50.78840255737305,80.22408294677734,-9.301154136657717,20.289772033691406,12.09799575805664,6.787006855010986,6.281122207641602,3.428860902786255,-3.957966327667236,2.572070360183716,-5.704004764556885,0.488589197397232,-0.5763106346130371
gtzan_00713,pop_00013_wav,pop.00013.wav,GTZAN,pop,gtzan,pop.00013.wav,data\raw\gtzan\genres_original\pop\pop.00013.wav,143.5546875,0.1731069982051849,0.0516445221867749,2149.8435530205134,5223.650315853393,-161.5891876220703,85.57363891601562,53.27796936035156,32.20023727416992,27.17443084716797,11.324312210083008,7.906429767608643,8.771122932434082,1.254192352294922,13.19212532043457,0.0723091438412666,4.82885217666626,3.094755887985229
gtzan_00714,pop_00014_wav,pop.00014.wav,GTZAN,pop,gtzan,pop.00014.wav,data\raw\gtzan\genres_original\pop\pop.00014.wav,117.45383522727272,0.0780896618962287,0.0880261957414926,1997.7080512535224,4138.69662893344,-135.29893493652344,107.82218170166016,-13.444283485412598,19.043407440185547,8.816502571105957,12.483909606933594,1.0159921646118164,11.324101448059082,2.5571112632751465,1.2326489686965942,-6.383339881896973,5.873013496398926,2.889362573623657
gtzan_00715,pop_00015_wav,pop.00015.wav,GTZAN,pop,gtzan,pop.00015.wav,data\raw\gtzan\genres_original\pop\pop.00015.wav,103.359375,0.1961047500371933,0.1415838136842614,3207.60813767593,7020.357136383411,-45.74795913696289,65.26445007324219,12.931638717651367,14.512699127197266,7.018777370452881,4.411069393157959,6.600704669952393,3.2877891063690186,7.73161506652832,4.052911281585693,3.659088611602783,2.599982023239136,4.048923492431641
gtzan_00716,pop_00016_wav,pop.00016.wav,GTZAN,pop,gtzan,pop.00016.wav,data\raw\gtzan\genres_original\pop\pop.00016.wav,107.666015625,0.1466253697872162,0.1533135150812065,3488.787937184916,7496.360831913428,-97.00973510742188,51.838008880615234,18.75263977050781,20.48722076416016,5.610599517822266,3.5819363594055176,5.581754207611084,0.7418772578239441,7.333603858947754,1.6513441801071167,-2.700589656829834,-0.4365870654582977,-1.081343412399292
gtzan_00717,pop_00017_wav,pop.00017.wav,GTZAN,pop,gtzan,pop.00017.wav,data\raw\gtzan\genres_original\pop\pop.00017.wav,107.666015625,0.14316326379776,0.1261634915168213,2789.486477414536,6113.356304832511,-53.05256652832031,78.305419921875,2.261536836624145,18.82889175415039,3.874927520751953,2.51530122756958,-3.8064136505126953,6.808802127838135,-0.8179872035980225,8.752706527709961,-4.801891803741455,-2.15233850479126,1.2919236421585083
gtzan_00718,pop_00018_wav,pop.00018.wav,GTZAN,pop,gtzan,pop.00018.wav,data\raw\gtzan\genres_original\pop\pop.00018.wav,123.046875,0.2076127082109451,0.1276717632202242,3433.855740239845,7932.545588022042,-48.92813491821289,62.62800979614258,34.241661071777344,12.326885223388672,16.56214141845703,8.609261512756348,8.76315689086914,5.252517223358154,6.796360015869141,9.062077522277832,-4.081604480743408,-0.7419595122337341,-0.3800866901874542
gtzan_00719,pop_00019_wav,pop.00019.wav,GTZAN,pop,gtzan,pop.00019.wav,data\raw\gtzan\genres_original\pop\pop.00019.wav,92.28515625,0.2110857665538787,0.1559867888389404,3131.346385563002,6553.529616353683,-25.065797805786133,70.80748748779297,2.926486015319824,7.521717071533203,1.446749210357666,2.852590084075928,1.913916110992432,-6.81845235824585,0.3029468059539795,-1.939453125,-6.649905681610107,-0.2511246800422668,-0.7599176168441772
gtzan_00720,pop_00020_wav,pop.00020.wav,GTZAN,pop,gtzan,pop.00020.wav,data\raw\gtzan\genres_original\pop\pop.00020.wav,107.666015625,0.2481066286563873,0.1796414286059551,3486.337770783213,7442.344633664443,13.48397731781006,58.23102951049805,-2.1779794692993164,5.023175239562988,8.061619758605957,-0.4968048334121704,4.089890003204346,2.248065710067749,4.302699089050293,3.603535652160645,-0.4967241287231445,2.4147915840148926,1.887107729911804
gtzan_00721,pop_00021_wav,pop.00021.wav,GTZAN,pop,gtzan,pop.00021.wav,data\raw\gtzan\genres_original\pop\pop.00021.wav,99.38401442307692,0.1936593502759933,0.1869195759619102,3501.713729028072,7199.642285835992,-23.22920608520508,53.78957748413086,-0.6408651471138,14.757179260253906,4.87762975692749,6.7347588539123535,4.859836578369141,4.956542491912842,4.267816066741943,3.114996910095215,2.5479178428649902,2.985845804214477,4.639784336090088
gtzan_00722,pop_00022_wav,pop.00022.wav,GTZAN,pop,gtzan,pop.00022.wav,data\raw\gtzan\genres_original\pop\pop.00022.wav,103.359375,0.1960965245962143,0.141530944871423,3206.738942875486,7019.990755510441,-45.6871452331543,65.26284790039062,12.92577075958252,14.527602195739746,7.0387349128723145,4.40075159072876,6.626700878143311,3.301464080810547,7.731817722320557,4.063941955566406,3.669017791748047,2.6065001487731934,4.047433376312256
gtzan_00723,pop_00023_wav,pop.00023.wav,GTZAN,pop,gtzan,pop.00023.wav,data\raw\gtzan\genres_original\pop\pop.00023.wav,103.359375,0.2108171731233596,0.1775614184551431,3758.647452676804,7853.7154124673725,-44.23769760131836,51.353153228759766,24.98299598693848,12.159592628479004,10.874250411987305,7.613763332366943,8.213783264160156,-0.7599893808364868,5.9525017738342285,4.756770133972168,-2.50754189491272,1.324472188949585,-1.9575486183166504
gtzan_00724,pop_00024_wav,pop.00024.wav,GTZAN,pop,gtzan,pop.00024.wav,data\raw\gtzan\genres_original\pop\pop.00024.wav,117.45383522727272,0.2075141668319702,0.1444462822650812,3300.9350734679483,7301.329631761166,-40.84976196289063,61.54216384887695,9.86902141571045,10.097552299499512,8.453919410705566,5.374486446380615,8.387451171875,3.5232908725738525,8.251686096191406,5.879449844360352,-0.0942690148949623,-0.5564109086990356,0.5585265755653381
gtzan_00725,pop_00025_wav,pop.00025.wav,GTZAN,pop,gtzan,pop.00025.wav,data\raw\gtzan\genres_original\pop\pop.00025.wav,151.99908088235293,0.1897238045930862,0.1056855121326372,2927.7783293727703,6814.684237238979,-106.77867889404295,81.04133605957031,47.81689453125,13.655077934265137,13.015089988708496,6.872175216674805,7.591493129730225,-2.6334574222564697,-2.508391857147217,1.8694514036178589,-5.137180805206299,-2.740578413009644,-3.6673974990844727
gtzan_00726,pop_00026_wav,pop.00026.wav,GTZAN,pop,gtzan,pop.00026.wav,data\raw\gtzan\genres_original\pop\pop.00026.wav,75.99954044117646,0.1957020461559295,0.1034944774748646,2525.419447006276,5552.776915512616,-73.32221221923828,97.48884582519533,16.858400344848633,-0.5870171785354614,7.188520908355713,4.874156475067139,0.7597466707229614,-5.546974182128906,1.0016083717346191,4.935908794403076,-5.822525024414063,-4.918010234832764,-0.025516802445054
gtzan_00727,pop_00027_wav,pop.00027.wav,GTZAN,pop,gtzan,pop.00027.wav,data\raw\gtzan\genres_original\pop\pop.00027.wav,83.35433467741936,0.1579975932836532,0.1018672509425754,2682.251387102456,5955.9124515117455,-75.31011962890625,83.35233306884766,10.692238807678224,14.464298248291016,14.244169235229492,7.392611503601074,5.275317192077637,-0.3945366442203522,5.729704856872559,3.368037939071656,-2.5240674018859863,-4.216263771057129,-1.8392581939697263
gtzan_00728,pop_00028_wav,pop.00028.wav,GTZAN,pop,gtzan,pop.00028.wav,data\raw\gtzan\genres_original\pop\pop.00028.wav,99.38401442307692,0.1946985870599746,0.1212074179476024,2945.8558943760954,6654.301010096433,-45.586212158203125,74.7278060913086,15.975804328918455,14.799959182739258,8.998905181884766,8.202152252197266,5.682154178619385,5.249433517456055,5.390201091766357,2.440849781036377,0.7830432653427124,1.1816105842590332,-2.354724884033203
gtzan_00729,pop_00029_wav,pop.00029.wav,GTZAN,pop,gtzan,pop.00029.wav,data\raw\gtzan\genres_original\pop\pop.00029.wav,161.4990234375,0.2342047095298767,0.1115192079949729,2988.388516235544,6919.086132359339,-40.47240447998047,73.48921203613281,22.623188018798828,12.353540420532228,14.864768028259276,8.937684059143066,5.2972259521484375,9.017930030822754,2.0864224433898926,4.29307746887207,-3.143282890319824,1.846654772758484,2.0350441932678223
gtzan_00730,pop_00030_wav,pop.00030.wav,GTZAN,pop,gtzan,pop.00030.wav,data\raw\gtzan\genres_original\pop\pop.00030.wav,95.703125,0.2032442837953567,0.1486791860015467,3070.608037938161,6653.02700387906,-18.11584854125977,72.2822036743164,-4.8904805183410645,-0.3786568343639374,1.685867428779602,-0.925049602985382,-1.3303344249725342,-0.3438519537448883,0.6519966721534729,-0.1863070577383041,-1.225008487701416,-1.0495669841766355,2.5267579555511475
gtzan_00731,pop_00031_wav,pop.00031.wav,GTZAN,pop,gtzan,pop.00031.wav,data\raw\gtzan\genres_original\pop\pop.00031.wav,95.703125,0.1984832882881164,0.1528573327532869,3110.8659582597097,6744.897007776247,-18.7935848236084,71.32501983642578,-3.760076522827149,-1.3984599113464355,0.709632158279419,-1.061902642250061,-1.0568854808807373,-0.2469188868999481,0.6303535103797913,0.4328188300132751,-1.5021382570266724,-1.0759683847427368,2.419939994812012
gtzan_00732,pop_00032_wav,pop.00032.wav,GTZAN,pop,gtzan,pop.00032.wav,data\raw\gtzan\genres_original\pop\pop.00032.wav,95.703125,0.0979264229536056,0.2286406219789249,4225.533439474343,8483.474172074391,-113.11221313476562,41.59604644775391,21.5180606842041,11.100333213806152,17.437881469726562,0.6109427213668823,3.0286965370178223,0.0860271677374839,3.4537453651428223,0.2898046970367431,0.6200562119483948,1.2606357336044312,2.9002022743225098
gtzan_00733,pop_00033_wav,pop.00033.wav,GTZAN,pop,gtzan,pop.00033.wav,data\raw\gtzan\genres_original\pop\pop.00033.wav,99.38401442307692,0.1400063037872314,0.1370099061049884,2835.1038145262232,5944.9793131888055,-68.92820739746094,73.75994873046875,-12.472087860107422,9.549262046813965,-0.0378142297267913,12.7262601852417,3.162044048309326,-0.0723494589328765,2.534840583801269,2.88288688659668,-1.6711935997009275,-3.015886306762696,1.6182937622070312
gtzan_00734,pop_00034_wav,pop.00034.wav,GTZAN,pop,gtzan,pop.00034.wav,data\raw\gtzan\genres_original\pop\pop.00034.wav,95.703125,0.1877147555351257,0.130993435203983,3141.45510448394,7236.921539660673,-59.55463790893555,77.29155731201172,26.39522933959961,3.1835415363311768,6.756015777587891,-0.043252732604742,-0.6142361164093018,-0.6829921007156372,4.141989707946777,-0.4366979897022247,-4.537819862365723,-3.560420036315918,-2.194912910461426
gtzan_00735,pop_00035_wav,pop.00035.wav,GTZAN,pop,gtzan,pop.00035.wav,data\raw\gtzan\genres_original\pop\pop.00035.wav,107.666015625,0.2824675738811493,0.15931563587587,3193.941233886228,6993.07008818518,24.372915267944336,68.96334075927734,-4.22551965713501,-1.0422039031982422,5.244323253631592,2.9928982257843018,4.334864139556885,4.276994228363037,6.426988124847412,3.629215955734253,0.1043992415070533,-0.0189284738153219,2.06019926071167
gtzan_00736,pop_00036_wav,pop.00036.wav,GTZAN,pop,gtzan,pop.00036.wav,data\raw\gtzan\genres_original\pop\pop.00036.wav,99.38401442307692,0.2567798197269439,0.1150565092082366,2944.261533132485,6877.94322569243,-44.11747741699219,76.1788330078125,22.90904235839844,16.796817779541016,22.9960994720459,3.279175281524658,6.908598899841309,0.0967160835862159,6.498071193695068,6.543870449066162,0.8568297624588013,2.7228598594665527,4.5157904624938965
gtzan_00737,pop_00037_wav,pop.00037.wav,GTZAN,pop,gtzan,pop.00037.wav,data\raw\gtzan\genres_original\pop\pop.00037.wav,103.359375,0.2409848719835281,0.1648056844547563,3238.2154715160823,6701.364298597013,4.7881388664245605,64.44132995605469,-2.4582788944244385,10.431461334228516,3.253141164779663,7.838728427886963,3.1081438064575195,1.4071444272994995,6.747917175292969,4.885579109191895,3.280028820037842,1.7580039501190186,3.3460886478424072
gtzan_00738,pop_00038_wav,pop.00038.wav,GTZAN,pop,gtzan,pop.00038.wav,data\raw\gtzan\genres_original\pop\pop.00038.wav,92.28515625,0.221757099032402,0.1465032567188708,3267.551920233531,6921.042939294519,-15.726634979248049,59.260066986083984,-1.590209722518921,12.556885719299316,8.741951942443848,3.973564863204956,2.0511064529418945,4.216808795928955,4.976961135864258,2.9008920192718506,2.329284429550171,1.9794785976409912,1.71421217918396
gtzan_00739,pop_00039_wav,pop.00039.wav,GTZAN,pop,gtzan,pop.00039.wav,data\raw\gtzan\genres_original\pop\pop.00039.wav,83.35433467741936,0.2798377573490143,0.1871117918600154,3934.518523690269,8525.333186811195,-19.40910720825196,51.92951202392578,36.985145568847656,13.086934089660645,14.584457397460938,3.2075085639953613,15.301484107971191,-0.7811979055404663,7.238179206848144,10.400900840759276,-0.3830800652503967,6.223987102508545,-1.1855580806732178
gtzan_00740,pop_00040_wav,pop.00040.wav,GTZAN,pop,gtzan,pop.00040.wav,data\raw\gtzan\genres_original\pop\pop.00040.wav,129.19921875,0.1993281692266464,0.095775630800464,1962.0368011629569,3820.419899216937,-76.88304901123047,113.30499267578124,-6.229106426239014,19.935264587402344,15.112640380859377,-3.2879812717437744,4.790294647216797,1.0196858644485474,2.2849316596984863,-0.0131782358512282,-3.760884523391724,4.256139755249023,2.298994302749634
gtzan_00741,pop_00041_wav,pop.00041.wav,GTZAN,pop,gtzan,pop.00041.wav,data\raw\gtzan\genres_original\pop\pop.00041.wav,107.666015625,0.0833805426955223,0.0753308832414926,2053.1429489030347,4505.077501903277,-204.681381225586,101.63787078857422,26.389652252197266,9.186354637145996,10.463384628295898,5.10814094543457,-9.463627815246582,9.31355094909668,-12.479069709777832,-2.4745020866394043,6.2255377769470215,-9.486675262451172,-2.53692889213562
gtzan_00742,pop_00042_wav,pop.00042.wav,GTZAN,pop,gtzan,pop.00042.wav,data\raw\gtzan\genres_original\pop\pop.00042.wav,92.28515625,0.2235752195119857,0.1436721317913766,3001.428507894371,6442.857612202726,-37.03823471069336,68.89542388916016,10.493158340454102,23.943458557128903,15.353755950927734,3.558678388595581,11.687371253967283,2.9273409843444824,2.5528690814971924,4.753003120422363,-1.5891332626342771,2.568721532821656,-1.0105559825897217
gtzan_00743,pop_00043_wav,pop.00043.wav,GTZAN,pop,gtzan,pop.00043.wav,data\raw\gtzan\genres_original\pop\pop.00043.wav,135.99917763157896,0.2544040381908417,0.1032505256670533,2702.8930022939903,5775.478198412123,-50.806671142578125,68.04430389404297,12.075757026672363,36.328399658203125,8.669477462768555,19.50098419189453,10.712940216064451,12.308708190917969,1.6595888137817385,10.159899711608888,4.832467079162598,1.697776198387146,2.7273592948913574
gtzan_00744,pop_00044_wav,pop.00044.wav,GTZAN,pop,gtzan,pop.00044.wav,data\raw\gtzan\genres_original\pop\pop.00044.wav,117.45383522727272,0.2228571474552154,0.1356051062209976,3145.6447945186555,6691.954971632105,-47.93637466430664,54.141387939453125,-3.9627199172973633,21.49372291564941,13.904775619506836,5.998189449310303,13.760640144348145,1.0694605112075806,6.737544059753418,6.2312116622924805,1.625078558921814,0.4609156847000122,2.417602777481079
gtzan_00745,pop_00045_wav,pop.00045.wav,GTZAN,pop,gtzan,pop.00045.wav,data\raw\gtzan\genres_original\pop\pop.00045.wav,117.45383522727272,0.2023292332887649,0.1249614812935034,2843.3425541211486,6480.969549829611,-71.57173156738281,81.10321044921875,16.35379409790039,8.941001892089844,13.819500923156738,-0.7638339400291443,12.504103660583496,-0.6585007905960083,3.03088116645813,3.0585427284240723,-3.225286960601806,-1.325891613960266,-0.6514247059822083
gtzan_00746,pop_00046_wav,pop.00046.wav,GTZAN,pop,gtzan,pop.00046.wav,data\raw\gtzan\genres_original\pop\pop.00046.wav,117.45383522727272,0.2034823894500732,0.1221488604505027,2838.4761119256373,6486.923239015371,-72.0947494506836,81.27792358398438,16.711997985839844,8.698406219482422,14.179035186767578,-1.0458242893218994,12.84293270111084,-0.5242656469345093,3.1475346088409424,3.162144422531128,-3.468463659286499,-1.1346495151519775,-0.6837556958198547
gtzan_00747,pop_00047_wav,pop.00047.wav,GTZAN,pop,gtzan,pop.00047.wav,data\raw\gtzan\genres_original\pop\pop.00047.wav,112.34714673913044,0.215909406542778,0.1273545503431941,3151.614023540828,7293.827150703306,-44.99627685546875,69.73478698730469,11.88373851776123,8.178459167480469,12.600215911865234,7.753453731536865,11.30078125,0.2496882379055023,9.666491508483888,2.812353134155273,3.851914405822754,-0.851094126701355,2.099615335464477
gtzan_00748,pop_00048_wav,pop.00048.wav,GTZAN,pop,gtzan,pop.00048.wav,data\raw\gtzan\genres_original\pop\pop.00048.wav,129.19921875,0.1566464155912399,0.2106100909947796,4052.6373591950255,8382.927602958236,-52.5997428894043,47.77341842651367,13.463850021362305,2.22934627532959,13.268141746520996,9.14907932281494,14.451732635498049,0.8654460310935974,9.461861610412598,7.000081539154053,-0.690011739730835,1.737168550491333,8.502920150756836
gtzan_00749,pop_00049_wav,pop.00049.wav,GTZAN,pop,gtzan,pop.00049.wav,data\raw\gtzan\genres_original\pop\pop.00049.wav,58.72691761363637,0.1475192159414291,0.0661139609918793,1988.137357503936,4267.004876015081,-170.86846923828125,105.89176177978516,31.07347297668457,22.249832153320312,12.814507484436035,-5.15697193145752,11.240875244140623,-2.098428249359131,-0.1514225155115127,5.079780578613281,-11.54861068725586,-3.615231275558472,1.387109637260437
gtzan_00750,pop_00050_wav,pop.00050.wav,GTZAN,pop,gtzan,pop.00050.wav,data\raw\gtzan\genres_original\pop\pop.00050.wav,143.5546875,0.2083773910999298,0.1186259093435808,3046.627866981101,6630.902595254495,-78.1138687133789,65.96903991699219,24.55376243591309,25.633913040161133,13.826997756958008,3.603007316589356,16.214088439941406,0.5780159831047058,3.310788869857788,4.1575927734375,2.716974258422852,3.649904251098633,1.3993970155715942
gtzan_00751,pop_00051_wav,pop.00051.wav,GTZAN,pop,gtzan,pop.00051.wav,data\raw\gtzan\genres_original\pop\pop.00051.wav,112.34714673913044,0.2132604718208313,0.2300956472351121,4157.906085846783,8677.672688424449,-14.141162872314451,44.353633880615234,12.703158378601074,10.149203300476074,11.267976760864258,3.9661741256713854,12.50235366821289,-2.16750717163086,10.71733570098877,2.2971396446228027,5.046890735626221,-0.8653548359870911,3.8057143688201904
gtzan_00752,pop_00052_wav,pop.00052.wav,GTZAN,pop,gtzan,pop.00052.wav,data\raw\gtzan\genres_original\pop\pop.00052.wav,103.359375,0.3216504454612732,0.1560256851798143,3663.415435795096,7777.583132431844,-39.87543869018555,35.55577087402344,8.913806915283203,15.082414627075195,15.22439670562744,10.571600914001465,21.82733917236328,10.018299102783203,13.978944778442385,16.571826934814453,1.4751025438308716,3.270617246627808,0.0760156288743019
gtzan_00753,pop_00053_wav,pop.00053.wav,GTZAN,pop,gtzan,pop.00053.wav,data\raw\gtzan\genres_original\pop\pop.00053.wav,161.4990234375,0.1722459942102432,0.1069275515999613,2638.5701272363926,5624.087956333382,-145.93206787109375,62.59426498413086,-23.04501914978028,-18.72754669189453,-14.724405288696287,-28.415910720825195,3.183218002319336,-24.91582298278809,-13.63675308227539,-4.618062973022461,-24.382339477539062,-15.796445846557615,-17.469194412231445
gtzan_00754,pop_00054_wav,pop.00054.wav,GTZAN,pop,gtzan,pop.00054.wav,data\raw\gtzan\genres_original\pop\pop.00054.wav,129.19921875,0.2734798491001129,0.135989538017208,3497.602315597327,7661.881718115575,-46.83040618896485,55.89410018920898,26.07917022705078,16.543621063232422,7.0948004722595215,-3.351806163787842,9.254180908203123,-0.8459504842758179,8.31436538696289,7.119853496551514,-0.5381418466567993,1.762763261795044,-1.824975728988648
gtzan_00755,pop_00055_wav,pop.00055.wav,GTZAN,pop,gtzan,pop.00055.wav,data\raw\gtzan\genres_original\pop\pop.00055.wav,103.359375,0.240791767835617,0.1674797134812451,3941.262858171091,8260.381527787848,-56.10266876220703,36.45064926147461,11.994296073913574,-6.398934364318848,3.791730165481568,5.293769359588623,3.404269218444824,4.276286602020264,8.005704879760742,5.865315914154053,1.5860166549682615,4.848071575164795,0.498843103647232
gtzan_00756,pop_00056_wav,pop.00056.wav,GTZAN,pop,gtzan,pop.00056.wav,data\raw\gtzan\genres_original\pop\pop.00056.wav,89.10290948275862,0.2500775456428528,0.1455535062596674,3682.386204716246,7567.930004712877,-80.40715789794922,35.95479202270508,20.420223236083984,26.353736877441406,17.407089233398438,4.593058109283447,13.513165473937988,3.630951404571533,7.324315547943115,5.479343414306641,3.968741416931152,5.336398124694824,3.5561556816101074
gtzan_00757,pop_00057_wav,pop.00057.wav,GTZAN,pop,gtzan,pop.00057.wav,data\raw\gtzan\genres_original\pop\pop.00057.wav,103.359375,0.3294355869293213,0.1540589653422273,3672.815530599328,7783.84491462442,-39.59480285644531,33.94216537475586,9.592606544494627,16.66863441467285,14.908291816711426,11.182397842407228,21.47152709960937,9.876922607421877,14.73919677734375,15.635722160339355,2.0572962760925293,2.591400146484375,0.3665365874767303
gtzan_00758,pop_00058_wav,pop.00058.wav,GTZAN,pop,gtzan,pop.00058.wav,data\raw\gtzan\genres_original\pop\pop.00058.wav,99.38401442307692,0.1674077808856964,0.1456660413041376,2938.985925234758,5748.532550572796,-87.7055892944336,64.3631362915039,-12.96831226348877,16.03704833984375,0.4931921064853668,0.4038332402706146,4.432536602020264,-2.722294569015503,-0.311243325471878,-0.0491513796150684,-5.933023929595947,-4.266999244689941,-3.506075382232666
gtzan_00759,pop_00059_wav,pop.00059.wav,GTZAN,pop,gtzan,pop.00059.wav,data\raw\gtzan\genres_original\pop\pop.00059.wav,89.10290948275862,0.2519808709621429,0.1447344172950502,3729.1849926827167,7635.160894902842,-77.92106628417969,32.33073043823242,20.09833717346192,27.60942268371582,16.277742385864258,5.332681655883789,13.49063205718994,3.4950404167175293,7.330965042114258,5.260755062103272,4.012107849121094,5.288136005401611,3.770464658737183
gtzan_00760,pop_00060_wav,pop.00060.wav,GTZAN,pop,gtzan,pop.00060.wav,data\raw\gtzan\genres_original\pop\pop.00060.wav,129.19921875,0.2734798491001129,0.135989538017208,3497.602315597327,7661.881718115575,-46.83040618896485,55.89410018920898,26.07917022705078,16.543621063232422,7.0948004722595215,-3.351806163787842,9.254180908203123,-0.8459504842758179,8.31436538696289,7.119853496551514,-0.5381418466567993,1.762763261795044,-1.824975728988648
gtzan_00761,pop_00061_wav,pop.00061.wav,GTZAN,pop,gtzan,pop.00061.wav,data\raw\gtzan\genres_original\pop\pop.00061.wav,95.703125,0.2208293229341507,0.1119383821539056,2949.6104932610165,6068.40803318953,-65.11878967285156,65.45196533203125,4.108839511871338,32.7412223815918,16.913299560546875,-5.8193769454956055,14.96421241760254,-0.2416553199291229,9.031883239746094,8.435174942016602,-6.576450347900391,-4.4802775382995605,-2.635362386703491
gtzan_00762,pop_00062_wav,pop.00062.wav,GTZAN,pop,gtzan,pop.00062.wav,data\raw\gtzan\genres_original\pop\pop.00062.wav,161.4990234375,0.3979733884334564,0.0981573708188321,2467.91237716609,5480.391712587007,-6.929049968719482,68.90324401855469,3.781282424926758,28.21685218811035,2.287718772888184,13.611767768859863,1.0292426347732544,6.003128528594971,2.7587242126464844,15.03958511352539,-8.761983871459961,0.7983435988426208,-7.220491886138916
gtzan_00763,pop_00063_wav,pop.00063.wav,GTZAN,pop,gtzan,pop.00063.wav,data\raw\gtzan\genres_original\pop\pop.00063.wav,80.74951171875,0.1261805742979049,0.0746156437306651,1826.475340966756,3796.013936974333,-125.9388198852539,117.32941436767578,-0.0654026865959167,10.217743873596191,4.4950714111328125,2.1813385486602783,-3.638608694076538,3.381030797958374,1.7363271713256836,4.555352687835693,0.843298614025116,2.430614233016968,-3.106297492980957
gtzan_00764,pop_00064_wav,pop.00064.wav,GTZAN,pop,gtzan,pop.00064.wav,data\raw\gtzan\genres_original\pop\pop.00064.wav,129.19921875,0.1692357659339904,0.2058738006332173,3647.752645607104,7113.700990610499,-88.33890533447266,34.353153228759766,-11.274896621704102,2.190363883972168,-4.858824729919434,-6.160793781280518,0.3179648816585541,2.447848081588745,-8.157174110412598,5.640648365020752,-9.39688205718994,-7.3545002937316895,-3.946218013763428
gtzan_00765,pop_00065_wav,pop.00065.wav,GTZAN,pop,gtzan,pop.00065.wav,data\raw\gtzan\genres_original\pop\pop.00065.wav,117.45383522727272,0.133531853556633,0.1001263564626836,2519.2288395541555,5497.686555158788,-111.5473861694336,85.55908203125,3.5264103412628174,16.3718318939209,2.211080312728882,5.973937511444092,-5.041325092315674,-3.961412668228149,-0.0992003977298736,1.5680047273635864,-5.790817737579346,-5.088468551635742,-0.217984065413475
gtzan_00766,pop_00066_wav,pop.00066.wav,GTZAN,pop,gtzan,pop.00066.wav,data\raw\gtzan\genres_original\pop\pop.00066.wav,80.74951171875,0.2434252649545669,0.0997370154195669,2844.878578612824,6840.997045388631,-63.524070739746094,79.0274429321289,42.74855422973633,16.095834732055664,15.270490646362305,10.789082527160645,13.312766075134276,3.687542676925659,4.92809534072876,10.66713809967041,-0.0183830522000789,3.472509384155273,3.4161176681518555
gtzan_00767,pop_00067_wav,pop.00067.wav,GTZAN,pop,gtzan,pop.00067.wav,data\raw\gtzan\genres_original\pop\pop.00067.wav,112.34714673913044,0.1915220618247985,0.1909561098221191,3888.8598067300495,8054.483804016821,-52.55636596679688,37.49519729614258,14.077943801879885,18.16997528076172,16.774320602416992,5.951344966888428,6.421493053436279,2.700420618057251,-0.4320295751094818,3.2393038272857666,-3.933267116546631,1.623088240623474,0.308309406042099
gtzan_00768,pop_00068_wav,pop.00068.wav,GTZAN,pop,gtzan,pop.00068.wav,data\raw\gtzan\genres_original\pop\pop.00068.wav,129.19921875,0.2456692904233932,0.1549981420388631,3263.0090728278155,6715.669806318881,-29.245819091796875,53.87722396850586,-1.6984022855758667,15.49032974243164,1.0909441709518433,0.537382185459137,4.901336193084717,-3.220335960388184,-1.6943256855010986,2.2263433933258057,-7.136984825134277,-5.994520664215088,-2.983496189117432
gtzan_00769,pop_00069_wav,pop.00069.wav,GTZAN,pop,gtzan,pop.00069.wav,data\raw\gtzan\genres_original\pop\pop.00069.wav,107.666015625,0.2156176418066024,0.0954452007202242,2327.2450003562485,4929.579704266967,-30.252960205078125,88.46551513671875,-6.566091537475586,32.79669189453125,8.5079984664917,8.389242172241211,2.051466226577759,6.864453315734863,3.5818004608154297,2.7229866981506348,1.2912869453430176,3.2902815341949463,1.56527841091156
gtzan_00770,pop_00070_wav,pop.00070.wav,GTZAN,pop,gtzan,pop.00070.wav,data\raw\gtzan\genres_original\pop\pop.00070.wav,123.046875,0.1677791476249694,0.1364041805636117,3141.673324808512,6824.601501323231,-91.87763214111328,56.67211532592773,13.821815490722656,15.0633544921875,0.9059741497039796,-4.0693864822387695,-0.2252168953418731,0.5573232769966125,-4.6027445793151855,-2.6176044940948486,-2.754709959030152,-3.0893495082855225,1.7991704940795898
gtzan_00771,pop_00071_wav,pop.00071.wav,GTZAN,pop,gtzan,pop.00071.wav,data\raw\gtzan\genres_original\pop\pop.00071.wav,112.34714673913044,0.1915220618247985,0.1909561098221191,3888.8598067300495,8054.483804016821,-52.55636596679688,37.49519729614258,14.077943801879885,18.16997528076172,16.774320602416992,5.951344966888428,6.421493053436279,2.700420618057251,-0.4320295751094818,3.2393038272857666,-3.933267116546631,1.623088240623474,0.308309406042099
gtzan_00772,pop_00072_wav,pop.00072.wav,GTZAN,pop,gtzan,pop.00072.wav,data\raw\gtzan\genres_original\pop\pop.00072.wav,117.45383522727272,0.2344370037317276,0.1315953844015854,2568.3949376929468,5349.810238725348,9.613273620605469,88.86186218261719,-20.3094539642334,5.121937274932861,-2.9060025215148926,-0.1713123321533203,0.3364729583263397,1.6108250617980957,-2.2684175968170166,-0.9532882571220398,-6.211015701293945,-2.9665560722351074,-1.8078746795654297
gtzan_00773,pop_00073_wav,pop.00073.wav,GTZAN,pop,gtzan,pop.00073.wav,data\raw\gtzan\genres_original\pop\pop.00073.wav,129.19921875,0.2599214315414428,0.1617966937354988,3669.7092208752665,7876.25616299304,-8.538214683532715,54.28880310058594,20.965049743652344,13.109703063964844,9.726937294006348,6.021225929260254,10.725290298461914,6.099407196044922,0.6931590437889099,5.000695705413818,-3.449490547180176,0.877963662147522,-1.931874394416809
gtzan_00774,pop_00074_wav,pop.00074.wav,GTZAN,pop,gtzan,pop.00074.wav,data\raw\gtzan\genres_original\pop\pop.00074.wav,83.35433467741936,0.2104721665382385,0.130859375,3420.34060300467,7790.523038718097,-93.55615234375,59.6922721862793,32.118751525878906,13.111077308654783,13.273323059082031,-6.875930309295654,2.3231239318847656,-7.897263050079346,2.282357215881348,4.483598709106445,-4.046753406524658,2.6728720664978027,-3.0834901332855225
gtzan_00775,pop_00075_wav,pop.00075.wav,GTZAN,pop,gtzan,pop.00075.wav,data\raw\gtzan\genres_original\pop\pop.00075.wav,95.703125,0.1857251524925232,0.1591457004060325,3644.694466254408,7658.167948357744,-68.85322570800781,40.46487808227539,25.37904167175293,35.773738861083984,13.394774436950684,2.84130597114563,12.763276100158691,4.492397308349609,3.3528082370758057,10.028461456298828,-2.3824121952056885,2.989766836166382,-1.7984614372253418
gtzan_00776,pop_00076_wav,pop.00076.wav,GTZAN,pop,gtzan,pop.00076.wav,data\raw\gtzan\genres_original\pop\pop.00076.wav,215.33203125,0.2454110383987426,0.1427405077822892,3543.2124126276863,7779.906320239994,-38.24236297607422,47.8429069519043,20.06359100341797,23.82526016235352,19.7797966003418,13.644572257995604,14.683595657348633,4.553460121154785,7.700620651245117,8.94621467590332,5.429808139801025,1.16673481464386,1.0909892320632937
gtzan_00777,pop_00077_wav,pop.00077.wav,GTZAN,pop,gtzan,pop.00077.wav,data\raw\gtzan\genres_original\pop\pop.00077.wav,112.34714673913044,0.2311342805624008,0.2138275358903712,4036.553102787921,8330.959806862675,-34.16489028930664,40.39558029174805,17.48751449584961,13.417412757873535,13.253479957580566,7.454609870910644,18.185043334960938,2.72615647315979,4.35752534866333,5.832928657531738,-1.1368768215179443,3.1180741786956787,2.4219717979431152
gtzan_00778,pop_00078_wav,pop.00078.wav,GTZAN,pop,gtzan,pop.00078.wav,data\raw\gtzan\genres_original\pop\pop.00078.wav,103.359375,0.2235710024833679,0.1426215529534029,3123.151409862749,6616.3056482018565,-42.75870513916016,62.833984375,4.770786285400391,24.05332946777344,9.651461601257324,-1.8745973110198968,9.28311824798584,-2.962564706802368,3.192147254943848,5.930965423583984,-4.768050193786621,3.0293450355529785,-1.2465428113937378
gtzan_00779,pop_00079_wav,pop.00079.wav,GTZAN,pop,gtzan,pop.00079.wav,data\raw\gtzan\genres_original\pop\pop.00079.wav,112.34714673913044,0.0375656075775623,0.0725258150860402,1994.8445931987608,4382.423177838602,-273.285888671875,103.15786743164062,8.7073335647583,31.72075080871582,12.51380729675293,3.4985430240631104,3.934246301651001,-0.1462344229221344,-3.9050490856170654,3.235659599304199,-6.364922523498535,-1.536952018737793,-3.218226194381714
gtzan_00780,pop_00080_wav,pop.00080.wav,GTZAN,pop,gtzan,pop.00080.wav,data\raw\gtzan\genres_original\pop\pop.00080.wav,112.34714673913044,0.2158303409814834,0.1275573400038669,3151.2673078835624,7294.301780470562,-44.953269958496094,69.7719955444336,11.84060764312744,8.122824668884277,12.643741607666016,7.814781665802002,11.3338623046875,0.186492919921875,9.652750015258787,2.836830139160156,3.844271898269653,-0.8576726913452148,2.128465414047241
gtzan_00781,pop_00081_wav,pop.00081.wav,GTZAN,pop,gtzan,pop.00081.wav,data\raw\gtzan\genres_original\pop\pop.00081.wav,143.5546875,0.0922275334596633,0.0859662002126836,2246.1650466896363,5154.071257341212,-137.71697998046875,100.26535034179688,14.408303260803224,15.416763305664062,2.325148582458496,-1.062703013420105,-2.1023855209350586,-1.684833288192749,-5.312328338623047,-1.7823843955993652,1.7386373281478882,-6.183144569396973,-3.0338611602783203
gtzan_00782,pop_00082_wav,pop.00082.wav,GTZAN,pop,gtzan,pop.00082.wav,data\raw\gtzan\genres_original\pop\pop.00082.wav,129.19921875,0.2079898566007614,0.1003438738640758,3168.8913468324995,7555.806128552784,-61.99423599243164,64.2042007446289,29.87209892272949,23.2656364440918,16.268896102905273,7.449303150177002,8.8706636428833,6.417976379394531,7.41462230682373,3.025486469268799,1.4738577604293823,2.980344533920288,1.8553775548934937
gtzan_00783,pop_00083_wav,pop.00083.wav,GTZAN,pop,gtzan,pop.00083.wav,data\raw\gtzan\genres_original\pop\pop.00083.wav,123.046875,0.1430311203002929,0.0842608033642691,2489.374962768822,5976.5297024543215,-104.42150115966795,86.86128234863281,28.750661849975582,26.61524772644043,8.905659675598145,5.668197154998779,7.755119323730469,0.4559645354747772,6.621964454650879,6.569268703460693,0.3812647759914398,2.154853820800781,-0.0111587652936577
gtzan_00784,pop_00084_wav,pop.00084.wav,GTZAN,pop,gtzan,pop.00084.wav,data\raw\gtzan\genres_original\pop\pop.00084.wav,99.38401442307692,0.1793378293514251,0.1358426382443928,3263.2254008092204,6830.005619199536,-112.44488525390624,59.74415588378906,14.493072509765623,19.168684005737305,15.129467964172363,-3.215716361999512,6.099432468414307,-6.691283702850342,1.4670741558074951,-1.1568607091903689,-1.2150760889053345,-0.7491883635520935,1.887656807899475
gtzan_00785,pop_00085_wav,pop.00085.wav,GTZAN,pop,gtzan,pop.00085.wav,data\raw\gtzan\genres_original\pop\pop.00085.wav,117.45383522727272,0.1954854130744934,0.1220257516434648,2516.409369986737,5087.656397277407,-81.699462890625,78.60006713867188,-17.25246238708496,24.490985870361328,8.399164199829102,2.1430740356445312,5.523108959197998,1.9554681777954104,8.806304931640625,-0.1262238174676895,0.5011935830116272,4.656897068023682,2.4108073711395264
gtzan_00786,pop_00086_wav,pop.00086.wav,GTZAN,pop,gtzan,pop.00086.wav,data\raw\gtzan\genres_original\pop\pop.00086.wav,129.19921875,0.132542073726654,0.1851541352474864,3593.788286205766,7634.70291881163,-50.414527893066406,56.432220458984375,12.57080364227295,11.272075653076172,-2.7397472858428955,1.3645118474960327,4.545487403869629,-0.959308385848999,2.2955963611602783,2.7451107501983643,-1.970252275466919,2.6032655239105225,-4.016292572021484
gtzan_00787,pop_00087_wav,pop.00087.wav,GTZAN,pop,gtzan,pop.00087.wav,data\raw\gtzan\genres_original\pop\pop.00087.wav,103.359375,0.1909877955913543,0.146459073496713,3588.133148349236,7948.008526228973,-46.99687194824219,55.77385330200195,27.64020156860352,19.18876266479492,15.18465518951416,3.1779918670654297,5.621517658233643,1.60425066947937,4.138134956359863,1.6238723993301392,-1.576547622680664,-2.9980499744415283,-7.629405498504639
gtzan_00788,pop_00088_wav,pop.00088.wav,GTZAN,pop,gtzan,pop.00088.wav,data\raw\gtzan\genres_original\pop\pop.00088.wav,99.38401442307692,0.234867051243782,0.1719573242942768,3510.331686060388,7255.46540793576,-42.8239631652832,54.88819122314453,17.041540145874023,19.79429817199707,6.863185882568359,2.7732064723968506,11.824328422546388,1.2092769145965576,7.944143295288086,1.1310867071151731,-4.079442024230957,0.1238927543163299,-4.240161895751953
gtzan_00789,pop_00089_wav,pop.00089.wav,GTZAN,pop,gtzan,pop.00089.wav,data\raw\gtzan\genres_original\pop\pop.00089.wav,99.38401442307692,0.2205909639596939,0.165640634063225,3399.94671576942,7052.190638141677,-47.71503448486328,55.567909240722656,19.238752365112305,24.484848022460938,4.051933288574219,1.5477622747421265,6.950829029083252,-1.0489764213562012,3.085978746414185,1.7827894687652588,-3.050233602523804,1.9347302913665767,-4.673789024353027
gtzan_00790,pop_00090_wav,pop.00090.wav,GTZAN,pop,gtzan,pop.00090.wav,data\raw\gtzan\genres_original\pop\pop.00090.wav,103.359375,0.1941543221473693,0.1475236248066512,3603.717671971776,7959.674426297854,-44.71455764770508,55.05048751831055,27.16301345825196,19.509435653686523,14.69277286529541,3.190221309661865,5.497241973876953,1.4277160167694092,4.497018814086914,1.3764660358428955,-1.6519683599472046,-3.523048162460327,-7.915640354156494
gtzan_00791,pop_00091_wav,pop.00091.wav,GTZAN,pop,gtzan,pop.00091.wav,data\raw\gtzan\genres_original\pop\pop.00091.wav,117.45383522727272,0.2653508484363556,0.1667410606390177,3694.8948636995938,7867.854383428799,-8.409947395324707,42.04533767700195,8.257078170776367,17.971824645996094,14.048518180847168,7.355556488037109,5.72085428237915,-1.896997213363648,4.610019207000732,2.083677053451538,-1.0589646100997925,-0.6514852046966553,-2.4346179962158203
gtzan_00792,pop_00092_wav,pop.00092.wav,GTZAN,pop,gtzan,pop.00092.wav,data\raw\gtzan\genres_original\pop\pop.00092.wav,107.666015625,0.2271140366792678,0.145285008217324,3270.0834291515685,6880.6744285636605,-25.983625411987305,60.92125701904297,5.989222526550293,17.734783172607422,5.110966205596924,10.423497200012209,2.4750900268554688,4.931050777435303,8.135924339294434,3.858799457550049,-0.1809902191162109,7.254120826721191,4.970824718475342
gtzan_00793,pop_00093_wav,pop.00093.wav,GTZAN,pop,gtzan,pop.00093.wav,data\raw\gtzan\genres_original\pop\pop.00093.wav,135.99917763157896,0.2458421736955642,0.1316335254737045,3259.390158151669,7269.504456840922,-20.19750213623047,57.75763702392578,16.79887580871582,18.26435852050781,8.969554901123047,14.907032012939451,2.6759796142578125,3.7541701793670654,1.109391212463379,1.8421334028244016,-5.983576774597168,-3.6081223487854,-3.652497529983521
gtzan_00794,pop_00094_wav,pop.00094.wav,GTZAN,pop,gtzan,pop.00094.wav,data\raw\gtzan\genres_original\pop\pop.00094.wav,151.99908088235293,0.1987637430429458,0.1285184194943928,2806.820283529045,6103.572270156613,-42.19792556762695,82.16001892089844,-2.232454299926758,19.91509056091309,13.868115425109863,0.8637810349464417,7.926279544830322,-0.7117241024971008,6.869167804718018,-1.9082465171813965,-4.697375297546387,-3.178647756576538,-2.9437015056610107
gtzan_00795,pop_00095_wav,pop.00095.wav,GTZAN,pop,gtzan,pop.00095.wav,data\raw\gtzan\genres_original\pop\pop.00095.wav,103.359375,0.3038273453712463,0.1064026398153518,3047.54489379022,7386.155130691705,-36.625267028808594,73.0599594116211,39.15820693969727,20.333044052124023,12.510729789733888,2.154659509658813,11.72903823852539,-2.4213943481445312,6.6415300369262695,3.165004253387451,-5.399322032928467,-3.15093731880188,-5.771765232086182
gtzan_00796,pop_00096_wav,pop.00096.wav,GTZAN,pop,gtzan,pop.00096.wav,data\raw\gtzan\genres_original\pop\pop.00096.wav,92.28515625,0.2512606978416443,0.1053082553895978,3126.642118893024,6932.026038645592,-59.02925109863281,60.9859504699707,27.739709854125977,23.84553909301757,12.294418334960938,7.38167667388916,12.328516006469728,7.153814792633057,13.425379753112791,2.5030171871185303,-1.961268663406372,-2.4025990962982178,-4.512378215789795
gtzan_00797,pop_00097_wav,pop.00097.wav,GTZAN,pop,gtzan,pop.00097.wav,data\raw\gtzan\genres_original\pop\pop.00097.wav,99.38401442307692,0.2043813019990921,0.13715000845901,3508.7865369019805,7585.133252066415,-125.47938537597656,51.22457504272461,38.498653411865234,14.48755931854248,16.236156463623047,4.636129856109619,12.310096740722656,1.1741844415664673,1.7326912879943848,9.77337646484375,-2.8207995891571045,2.079874038696289,0.8553149700164795
gtzan_00798,pop_00098_wav,pop.00098.wav,GTZAN,pop,gtzan,pop.00098.wav,data\raw\gtzan\genres_original\pop\pop.00098.wav,117.45383522727272,0.2131745368242263,0.1830084167150038,3633.050971818624,7532.282811140516,-26.8767032623291,46.74374771118164,8.67220687866211,8.57990550994873,6.091019153594971,12.443404197692873,6.974559307098389,2.497249126434326,1.1506491899490356,7.259016513824463,-3.1301374435424805,1.2660363912582395,3.836027383804321
gtzan_00799,pop_00099_wav,pop.00099.wav,GTZAN,pop,gtzan,pop.00099.wav,data\raw\gtzan\genres_original\pop\pop.00099.wav,78.30255681818181,0.1381710171699524,0.0959727559454756,2765.2497466766963,6871.514906739414,-119.32968139648438,85.9629135131836,33.87580490112305,9.98941707611084,17.69614028930664,0.5026870369911194,9.56997299194336,-5.315299034118652,4.177596092224121,8.121187210083008,-7.989834308624268,1.5657494068145752,-2.932182788848877
gtzan_00800,reggae_00000_wav,reggae.00000.wav,GTZAN,reggae,gtzan,reggae.00000.wav,data\raw\gtzan\genres_original\reggae\reggae.00000.wav,123.046875,0.0941543951630592,0.0977993734290409,2133.2003820783343,4801.329745051479,-159.45460510253906,104.85885620117188,-10.33489990234375,34.656593322753906,-4.978357315063477,26.81347846984864,-21.93643569946289,23.43637657165528,-14.019635200500488,19.581069946289062,-8.303445816040039,9.723003387451172,-10.0844144821167
gtzan_00801,reggae_00001_wav,reggae.00001.wav,GTZAN,reggae,gtzan,reggae.00001.wav,data\raw\gtzan\genres_original\reggae\reggae.00001.wav,151.99908088235293,0.0820204839110374,0.0639697529969064,1638.9074391417607,3574.786504404728,-190.90338134765625,127.4112548828125,-3.781716823577881,26.69951438903809,-12.817380905151367,23.91777992248535,-8.218689918518066,9.954493522644045,-12.225648880004885,13.444774627685549,-7.063593864440918,1.6362918615341189,-14.525697708129885
gtzan_00802,reggae_00002_wav,reggae.00002.wav,GTZAN,reggae,gtzan,reggae.00002.wav,data\raw\gtzan\genres_original\reggae\reggae.00002.wav,103.359375,0.0924808382987976,0.0751027920775328,1796.838298830363,3924.821794337297,-189.0654296875,110.85826110839844,3.0048868656158447,48.37060546875,-6.41466760635376,20.72089958190918,-12.555557250976562,15.879528999328612,-13.624746322631836,9.412741661071776,-8.037605285644531,8.087932586669922,-10.635764122009276
gtzan_00803,reggae_00003_wav,reggae.00003.wav,GTZAN,reggae,gtzan,reggae.00003.wav,data\raw\gtzan\genres_original\reggae\reggae.00003.wav,143.5546875,0.0942262783646583,0.0849073134184068,1923.341463537928,4153.301902824101,-201.1873016357422,104.14093780517578,-15.433324813842772,30.819801330566406,14.269035339355469,31.42963218688965,-7.858109951019287,17.971574783325195,-4.051702499389648,16.94432830810547,-11.206172943115234,12.127294540405272,-5.281906127929688
gtzan_00804,reggae_00004_wav,reggae.00004.wav,GTZAN,reggae,gtzan,reggae.00004.wav,data\raw\gtzan\genres_original\reggae\reggae.00004.wav,123.046875,0.101106621325016,0.0844530192623743,2009.585992171906,4304.667164388776,-175.55120849609375,104.88621520996094,-15.680850982666016,27.523685455322266,-8.10869026184082,24.019664764404297,-10.31991958618164,18.85812187194824,-8.37698745727539,11.853948593139648,-7.580989837646484,12.563684463500977,-6.03272819519043
gtzan_00805,reggae_00005_wav,reggae.00005.wav,GTZAN,reggae,gtzan,reggae.00005.wav,data\raw\gtzan\genres_original\reggae\reggae.00005.wav,161.4990234375,0.1003588587045669,0.0730159845079273,1798.3642545435855,3796.272068953016,-176.73992919921875,116.83321380615234,-21.3068962097168,38.74891662597656,-5.442436218261719,26.61165809631348,-8.168010711669922,15.77006721496582,-10.47975254058838,11.0341215133667,-10.042136192321776,9.911087989807127,-3.231557846069336
gtzan_00806,reggae_00006_wav,reggae.00006.wav,GTZAN,reggae,gtzan,reggae.00006.wav,data\raw\gtzan\genres_original\reggae\reggae.00006.wav,75.99954044117646,0.105104312300682,0.060821415192382,1417.8371180079043,2880.253271824246,-207.3699188232422,134.70654296875,-9.091635704040527,38.45231628417969,6.3151140213012695,22.59676551818848,-8.29947566986084,16.291505813598633,-8.469053268432617,4.136566162109375,-4.349609375,6.34520149230957,-6.907837390899658
gtzan_00807,reggae_00007_wav,reggae.00007.wav,GTZAN,reggae,gtzan,reggae.00007.wav,data\raw\gtzan\genres_original\reggae\reggae.00007.wav,151.99908088235293,0.0906154438853263,0.0738751027165506,1754.0530459738538,3768.876771860499,-192.2323760986328,116.5039291381836,-10.94451904296875,29.89570617675781,-0.6606048941612244,21.44661521911621,-11.871785163879396,18.64759826660156,-13.08375644683838,14.465288162231444,-7.3842082023620605,4.825855255126953,-2.8082737922668457
gtzan_00808,reggae_00008_wav,reggae.00008.wav,GTZAN,reggae,gtzan,reggae.00008.wav,data\raw\gtzan\genres_original\reggae\reggae.00008.wav,95.703125,0.1020125225186348,0.0694378987819025,1691.2049386238136,3655.798311521172,-194.51596069335932,118.6005401611328,-6.409203052520752,40.80430221557617,-3.2866315841674805,25.466773986816406,-9.305660247802734,11.397344589233398,-6.154967784881592,15.340880393981934,-5.159608840942383,5.7652974128723145,-6.277685165405273
gtzan_00809,reggae_00009_wav,reggae.00009.wav,GTZAN,reggae,gtzan,reggae.00009.wav,data\raw\gtzan\genres_original\reggae\reggae.00009.wav,161.4990234375,0.0867024362087249,0.0605706659657772,1609.7020525109226,3269.707812953161,-232.5360107421875,131.2326202392578,2.679419040679932,18.380754470825195,11.350811958312988,22.91464805603028,-10.442412376403809,16.76569366455078,-15.254583358764648,15.520480155944824,-8.388179779052734,8.027798652648926,-3.7743079662323
gtzan_00810,reggae_00010_wav,reggae.00010.wav,GTZAN,reggae,gtzan,reggae.00010.wav,data\raw\gtzan\genres_original\reggae\reggae.00010.wav,117.45383522727272,0.0616589970886707,0.1027531811919953,2149.049179492621,4426.180711644432,-233.639404296875,87.54104614257812,-22.23576545715332,52.07014846801758,-8.567037582397461,24.976640701293945,-18.23731231689453,1.8819949626922607,-9.134016036987305,-0.2320689260959625,-17.06080436706543,-3.026628017425537,-9.788323402404783
gtzan_00811,reggae_00011_wav,reggae.00011.wav,GTZAN,reggae,gtzan,reggae.00011.wav,data\raw\gtzan\genres_original\reggae\reggae.00011.wav,123.046875,0.0784080773591995,0.0702762470997679,1995.1642434287544,4557.786386582801,-198.7344207763672,102.4014892578125,-9.989947319030762,30.810209274291992,-3.2878284454345703,20.27796936035156,-5.638074398040772,28.10149955749512,-11.50224494934082,18.21519088745117,-7.350882053375244,12.282849311828612,-4.367700576782227
gtzan_00812,reggae_00012_wav,reggae.00012.wav,GTZAN,reggae,gtzan,reggae.00012.wav,data\raw\gtzan\genres_original\reggae\reggae.00012.wav,129.19921875,0.0755806416273117,0.1137476284561098,2300.043392499162,4920.811543829756,-191.1693420410156,96.3359832763672,-17.652023315429688,24.82991600036621,-0.8712047934532166,26.33356285095215,-12.921887397766112,19.629573822021484,-9.789676666259766,16.964962005615234,-8.585589408874512,11.415912628173828,-8.200767517089844
gtzan_00813,reggae_00013_wav,reggae.00013.wav,GTZAN,reggae,gtzan,reggae.00013.wav,data\raw\gtzan\genres_original\reggae\reggae.00013.wav,123.046875,0.1116645857691764,0.0706168733081979,1608.5610274912588,3436.6775689711426,-206.47740173339844,122.58879852294922,-0.5635730624198914,29.336164474487305,10.24735164642334,28.214599609375,-9.909892082214355,13.360518455505373,-8.442377090454102,11.280410766601562,-7.282620906829834,7.069557189941406,-10.3455228805542
gtzan_00814,reggae_00014_wav,reggae.00014.wav,GTZAN,reggae,gtzan,reggae.00014.wav,data\raw\gtzan\genres_original\reggae\reggae.00014.wav,129.19921875,0.1142461150884628,0.0640905959976798,1716.249593551714,3790.9012584287993,-209.5610198974609,105.2450942993164,2.581661939620972,34.8834342956543,15.329063415527344,25.211456298828125,-6.035754203796387,18.25502014160156,-5.070914268493652,8.931057929992676,-1.03109610080719,8.231605529785156,-4.037405967712402
gtzan_00815,reggae_00015_wav,reggae.00015.wav,GTZAN,reggae,gtzan,reggae.00015.wav,data\raw\gtzan\genres_original\reggae\reggae.00015.wav,129.19921875,0.1318986862897873,0.068186418455143,1923.059128288561,4491.971058856583,-157.78785705566406,109.85055541992188,8.465250015258789,41.79988479614258,5.120901107788086,25.75525665283203,-12.953895568847656,22.06124687194824,-15.509737014770508,14.36676788330078,-11.919334411621094,11.59664535522461,-10.623368263244627
gtzan_00816,reggae_00016_wav,reggae.00016.wav,GTZAN,reggae,gtzan,reggae.00016.wav,data\raw\gtzan\genres_original\reggae\reggae.00016.wav,143.5546875,0.1856429874897003,0.0792477070040603,2118.7683462374644,4853.314194823086,-76.06504821777344,101.08291625976562,-11.60736083984375,46.23532104492188,-11.189788818359377,31.384803771972656,-9.450621604919434,22.46199417114257,-16.79247283935547,15.963854789733888,-9.50441837310791,11.795687675476074,-7.843973636627197
gtzan_00817,reggae_00017_wav,reggae.00017.wav,GTZAN,reggae,gtzan,reggae.00017.wav,data\raw\gtzan\genres_original\reggae\reggae.00017.wav,129.19921875,0.1397986710071563,0.077952043455143,1803.774378044233,3777.969678980569,-154.82901000976562,110.01798248291016,-18.4261531829834,36.61725997924805,0.558371901512146,31.5721435546875,-10.411385536193848,18.81407356262207,-7.158778667449951,13.1475248336792,-5.24644660949707,8.898726463317871,-6.704806327819824
gtzan_00818,reggae_00018_wav,reggae.00018.wav,GTZAN,reggae,gtzan,reggae.00018.wav,data\raw\gtzan\genres_original\reggae\reggae.00018.wav,151.99908088235293,0.1064309999346733,0.0774044736078886,1907.5162410949945,4220.574427204177,-170.84278869628906,107.72284698486328,-1.7588564157485962,46.44407272338867,-0.1835708618164062,24.942398071289062,-10.66090202331543,18.09077835083008,-10.776376724243164,11.15783977508545,-7.251315116882324,6.206228256225586,-6.465580940246582
gtzan_00819,reggae_00019_wav,reggae.00019.wav,GTZAN,reggae,gtzan,reggae.00019.wav,data\raw\gtzan\genres_original\reggae\reggae.00019.wav,143.5546875,0.1386887729167938,0.0712822650812065,1753.9362398405503,3840.287734737529,-184.57798767089844,106.20770263671876,4.015714645385742,38.713035583496094,8.409506797790527,30.45572853088379,-3.3420121669769287,20.30758285522461,-1.5344260931015017,15.91746711730957,-6.514726161956787,13.190655708312988,-1.717490792274475
gtzan_00820,reggae_00020_wav,reggae.00020.wav,GTZAN,reggae,gtzan,reggae.00020.wav,data\raw\gtzan\genres_original\reggae\reggae.00020.wav,129.19921875,0.1393103897571563,0.0567558034851121,1637.740972001881,3594.9291255800463,-177.72802734375,113.60726928710938,2.3423805236816406,35.80998229980469,1.6219170093536377,34.692962646484375,-8.722159385681152,16.268508911132812,-9.320133209228516,14.183675765991213,-2.0610721111297607,13.126955032348633,-7.249081611633301
gtzan_00821,reggae_00021_wav,reggae.00021.wav,GTZAN,reggae,gtzan,reggae.00021.wav,data\raw\gtzan\genres_original\reggae\reggae.00021.wav,151.99908088235293,0.1551784127950668,0.0928244181409512,2006.893096207641,4323.510798832656,-88.04364776611328,109.44107818603516,-25.16423988342285,40.397403717041016,-8.785124778747559,24.709360122680664,-11.531088829040527,18.515857696533203,-8.289594650268555,17.03079605102539,-8.434975624084473,9.802064895629885,-12.901081085205078
gtzan_00822,reggae_00022_wav,reggae.00022.wav,GTZAN,reggae,gtzan,reggae.00022.wav,data\raw\gtzan\genres_original\reggae\reggae.00022.wav,151.99908088235293,0.1822372376918792,0.0723003673627223,2058.821621430556,4552.781956931554,-91.42102813720705,98.79695129394533,-23.19011116027832,46.87542724609375,-6.847119331359863,29.29524040222168,-9.956195831298828,25.66627311706543,-10.204957008361816,19.62711334228516,-8.20093059539795,13.41636562347412,-6.498540878295898
gtzan_00823,reggae_00023_wav,reggae.00023.wav,GTZAN,reggae,gtzan,reggae.00023.wav,data\raw\gtzan\genres_original\reggae\reggae.00023.wav,129.19921875,0.1078732535243034,0.1202474713602088,2354.78033338549,5050.143991988109,-161.74874877929688,78.68983459472656,-19.24324417114257,55.11702346801758,13.192306518554688,30.964311599731445,-7.014379024505615,24.292631149291992,-12.83388900756836,21.51627540588379,-13.52692985534668,12.77864933013916,-7.451719284057617
gtzan_00824,reggae_00024_wav,reggae.00024.wav,GTZAN,reggae,gtzan,reggae.00024.wav,data\raw\gtzan\genres_original\reggae\reggae.00024.wav,135.99917763157896,0.1237392947077751,0.072149691246133,1811.2349342438188,3854.0103637978536,-169.1750946044922,110.45037078857422,-8.545039176940918,43.88859939575195,0.3169725239276886,26.63677024841309,-14.361242294311523,13.035165786743164,-11.153995513916016,8.111966133117676,-7.67731761932373,10.930495262145996,-8.167287826538086
gtzan_00825,reggae_00025_wav,reggae.00025.wav,GTZAN,reggae,gtzan,reggae.00025.wav,data\raw\gtzan\genres_original\reggae\reggae.00025.wav,123.046875,0.1268408894538879,0.0737470846626063,1708.9236968335272,3582.721981039733,-177.26882934570312,110.9980697631836,-15.674948692321776,36.77691650390625,0.0595763549208641,24.46026611328125,-3.7647125720977774,18.41601753234864,-3.3584468364715576,13.794753074645996,-2.093020439147949,8.598161697387695,-5.945302486419678
gtzan_00826,reggae_00026_wav,reggae.00026.wav,GTZAN,reggae,gtzan,reggae.00026.wav,data\raw\gtzan\genres_original\reggae\reggae.00026.wav,135.99917763157896,0.1343516856431961,0.0745438931989559,1840.873487586597,4007.299124945621,-171.5933837890625,99.3521957397461,-8.279227256774902,49.614044189453125,1.0838335752487185,31.124662399291992,-7.142505645751953,15.892827033996582,-1.3666609525680542,12.74807834625244,-5.191973686218262,11.809107780456545,-5.328455924987793
gtzan_00827,reggae_00027_wav,reggae.00027.wav,GTZAN,reggae,gtzan,reggae.00027.wav,data\raw\gtzan\genres_original\reggae\reggae.00027.wav,135.99917763157896,0.1279077380895614,0.0873490973027842,2086.325810192421,4678.4422695221865,-177.49752807617188,89.9616470336914,4.610694885253906,40.15260314941406,0.1750781834125518,23.18216323852539,-9.900015830993652,12.783164978027344,-7.306883811950684,18.73992156982422,-5.734013080596924,6.129672050476074,-9.920187950134276
gtzan_00828,reggae_00028_wav,reggae.00028.wav,GTZAN,reggae,gtzan,reggae.00028.wav,data\raw\gtzan\genres_original\reggae\reggae.00028.wav,78.30255681818181,0.0728656351566314,0.0678076511745939,1640.7028906713726,3497.280296095563,-256.2096252441406,104.23046112060548,-7.273623466491699,56.28403472900391,11.040128707885742,27.327316284179688,5.82951021194458,17.790504455566406,-1.2712584733963013,14.677931785583496,-3.4765548706054688,10.853967666625977,-2.4665744304656982
gtzan_00829,reggae_00029_wav,reggae.00029.wav,GTZAN,reggae,gtzan,reggae.00029.wav,data\raw\gtzan\genres_original\reggae\reggae.00029.wav,151.99908088235293,0.1038744002580642,0.0436575551044083,1585.037771718658,3734.3037403929816,-202.05728149414065,111.10881042480467,8.918227195739746,51.8306999206543,1.296541690826416,30.051830291748047,-4.518409729003906,22.45174217224121,-7.145071983337402,11.49921989440918,-4.750568866729736,10.59732437133789,-2.6381235122680664
gtzan_00830,reggae_00030_wav,reggae.00030.wav,GTZAN,reggae,gtzan,reggae.00030.wav,data\raw\gtzan\genres_original\reggae\reggae.00030.wav,75.99954044117646,0.0804718360304832,0.070471106438515,1814.0413745530243,4068.834457928509,-239.2722320556641,98.959716796875,19.219697952270508,50.784427642822266,2.8328206539154053,32.241905212402344,-1.501238226890564,16.72732162475586,-7.452263832092285,16.716821670532227,1.5029031038284302,16.053071975708008,2.8125312328338623
gtzan_00831,reggae_00031_wav,reggae.00031.wav,GTZAN,reggae,gtzan,reggae.00031.wav,data\raw\gtzan\genres_original\reggae\reggae.00031.wav,161.4990234375,0.0920432731509208,0.0586583254785382,1579.8064471159307,3541.987089435905,-226.40240478515625,103.32617950439452,0.1236790344119072,43.96011734008789,10.618688583374023,35.18539810180664,8.425846099853516,21.138465881347656,-3.3031229972839355,15.532062530517578,-3.015424489974976,11.09907054901123,1.7818540334701538
gtzan_00832,reggae_00032_wav,reggae.00032.wav,GTZAN,reggae,gtzan,reggae.00032.wav,data\raw\gtzan\genres_original\reggae\reggae.00032.wav,151.99908088235293,0.063911072909832,0.0658314904775715,1510.6867183689144,3318.919425663428,-243.7949066162109,123.33629608154295,-15.565516471862791,38.89522171020508,6.50129508972168,25.51970291137696,3.0391790866851807,17.18639373779297,-0.2224476784467697,8.982391357421875,-2.492803812026977,6.767813205718994,-3.44831919670105
gtzan_00833,reggae_00033_wav,reggae.00033.wav,GTZAN,reggae,gtzan,reggae.00033.wav,data\raw\gtzan\genres_original\reggae\reggae.00033.wav,89.10290948275862,0.074233204126358,0.0591141301720804,1615.9375128457352,3560.7724360136312,-249.33311462402344,111.49542999267578,11.242323875427246,41.3370361328125,-2.885862112045288,34.54638671875,0.426889032125473,22.3227767944336,-9.972149848937988,10.224924087524414,-2.79734754562378,8.757150650024414,-1.4423593282699585
gtzan_00834,reggae_00034_wav,reggae.00034.wav,GTZAN,reggae,gtzan,reggae.00034.wav,data\raw\gtzan\genres_original\reggae\reggae.00034.wav,184.5703125,0.0824811458587646,0.044601263413573,1291.3256533234212,2826.819952236804,-238.9192047119141,132.33087158203125,-0.0754426643252372,41.219051361083984,2.4168174266815186,19.080686569213867,7.96886396408081,19.94156646728516,-0.6208752989768982,11.091235160827637,-1.7129136323928833,9.932830810546877,3.021451473236084
gtzan_00835,reggae_00035_wav,reggae.00035.wav,GTZAN,reggae,gtzan,reggae.00035.wav,data\raw\gtzan\genres_original\reggae\reggae.00035.wav,107.666015625,0.0732481852173805,0.061282506767208,1699.040890110194,3785.5471015806265,-223.3865966796875,114.25413513183594,-4.425038814544678,40.22114944458008,-5.081799030303955,24.668842315673828,0.7130127549171448,17.048095703125,-2.3570258617401123,11.149015426635742,-3.081618070602417,6.1222076416015625,-5.682186603546143
gtzan_00836,reggae_00036_wav,reggae.00036.wav,GTZAN,reggae,gtzan,reggae.00036.wav,data\raw\gtzan\genres_original\reggae\reggae.00036.wav,86.1328125,0.0799843668937683,0.0592051400570379,1810.9528625566488,4118.229261075261,-236.6470947265625,91.68791198730467,1.882286787033081,45.477638244628906,1.2787271738052368,32.26773452758789,9.049938201904297,19.61343765258789,-5.055936813354492,10.965200424194336,-4.000938892364502,7.524835586547852,-0.3369277119636535
gtzan_00837,reggae_00037_wav,reggae.00037.wav,GTZAN,reggae,gtzan,reggae.00037.wav,data\raw\gtzan\genres_original\reggae\reggae.00037.wav,151.99908088235293,0.0864923521876335,0.0632575345610982,1709.758011553598,3838.08944949971,-241.79405212402344,97.4948501586914,-3.085955142974853,45.345611572265625,3.8976528644561768,28.638872146606445,9.373339653015137,26.53800201416016,5.108644008636475,12.787714004516602,-0.3309957385063171,11.781582832336426,3.253504514694214
gtzan_00838,reggae_00038_wav,reggae.00038.wav,GTZAN,reggae,gtzan,reggae.00038.wav,data\raw\gtzan\genres_original\reggae\reggae.00038.wav,95.703125,0.0758205354213714,0.0655225855568445,1700.9060671086115,3693.568848789153,-239.9909820556641,108.75337982177734,-8.224170684814453,32.19755554199219,-8.807085037231445,18.650554656982425,-4.663145065307617,15.531353950500488,-3.712575674057007,14.520121574401855,-4.797307968139648,6.403838634490967,-2.942525863647461
gtzan_00839,reggae_00039_wav,reggae.00039.wav,GTZAN,reggae,gtzan,reggae.00039.wav,data\raw\gtzan\genres_original\reggae\reggae.00039.wav,151.99908088235293,0.1038218513131141,0.0259347961378576,1312.2553869249211,2646.835348390371,-300.4975280761719,99.23313903808594,53.05559921264648,43.241729736328125,18.891565322875977,24.828367233276367,-7.962604999542236,22.16018867492676,1.783496379852295,24.79671859741211,8.401264190673828,20.714305877685547,2.809018135070801
gtzan_00840,reggae_00040_wav,reggae.00040.wav,GTZAN,reggae,gtzan,reggae.00040.wav,data\raw\gtzan\genres_original\reggae\reggae.00040.wav,92.28515625,0.039069078862667,0.1010474067092034,2032.3811629087336,3838.9554406540014,-296.11846923828125,93.1721420288086,-31.41313743591309,29.504093170166016,-18.939682006835938,1.951013684272766,-19.488649368286133,-6.231461524963379,-24.00521850585937,-7.084201335906982,-14.191969871520996,3.2768218517303467,-10.590967178344728
gtzan_00841,reggae_00041_wav,reggae.00041.wav,GTZAN,reggae,gtzan,reggae.00041.wav,data\raw\gtzan\genres_original\reggae\reggae.00041.wav,143.5546875,0.1199925765395164,0.0590057491057617,1930.2323260584533,4120.144433820331,-177.37171936035156,89.6628189086914,9.64188003540039,65.4775390625,-0.9968253374099731,15.536905288696287,8.025097846984863,16.35252571105957,0.2706471979618072,2.6366820335388184,2.886760234832764,0.6451202034950256,2.5874526500701904
gtzan_00842,reggae_00042_wav,reggae.00042.wav,GTZAN,reggae,gtzan,reggae.00042.wav,data\raw\gtzan\genres_original\reggae\reggae.00042.wav,123.046875,0.0713108628988266,0.105634531491686,2479.6656661783977,5046.729988399072,-174.84597778320312,79.33829498291016,-24.309268951416016,17.974191665649414,24.497459411621094,15.721484184265137,7.467414855957031,4.228150367736816,3.925045967102051,4.810357570648193,2.769103765487671,1.730207443237305,-2.3367011547088623
gtzan_00843,reggae_00043_wav,reggae.00043.wav,GTZAN,reggae,gtzan,reggae.00043.wav,data\raw\gtzan\genres_original\reggae\reggae.00043.wav,151.99908088235293,0.1107073873281478,0.0760128909271075,1484.715975682295,2775.1352686339906,-164.59457397460938,142.7074432373047,-41.48922729492188,41.22618865966797,16.171186447143555,-5.588592052459717,7.633068561553955,5.620199680328369,0.8107262253761292,-10.478094100952148,-2.3444361686706543,-0.4963476955890655,-3.0657646656036377
gtzan_00844,reggae_00044_wav,reggae.00044.wav,GTZAN,reggae,gtzan,reggae.00044.wav,data\raw\gtzan\genres_original\reggae\reggae.00044.wav,172.265625,0.1525107771158218,0.0875722792198375,2455.3491789435293,5584.343958454177,-104.12181854248048,83.90624237060547,18.854331970214844,28.91478157043457,10.624934196472168,9.325368881225586,9.320548057556152,6.524583339691162,3.000000476837158,2.483412027359009,2.79581880569458,-0.197580337524414,3.1101412773132324
gtzan_00845,reggae_00045_wav,reggae.00045.wav,GTZAN,reggae,gtzan,reggae.00045.wav,data\raw\gtzan\genres_original\reggae\reggae.00045.wav,161.4990234375,0.0912401154637336,0.2237736701227765,4282.077748119587,7925.52606356946,-120.30243682861328,16.41148567199707,25.02509880065918,37.23810195922852,9.279241561889648,13.021598815917969,3.225802659988404,5.9734320640563965,4.084741115570068,1.7192082405090332,1.9048553705215447,2.676286458969116,2.0168795585632324
gtzan_00846,reggae_00046_wav,reggae.00046.wav,GTZAN,reggae,gtzan,reggae.00046.wav,data\raw\gtzan\genres_original\reggae\reggae.00046.wav,172.265625,0.0934906080365181,0.0809640552494199,2322.1698475078733,5227.513968695621,-169.01669311523438,79.51712036132812,15.224056243896484,42.74860382080078,7.674727439880371,17.031719207763672,-5.987884044647217,0.5360962152481079,0.0544261299073696,-0.9561834335327148,0.8301565051078796,-1.5881668329238892,-2.8959405422210693
gtzan_00847,reggae_00047_wav,reggae.00047.wav,GTZAN,reggae,gtzan,reggae.00047.wav,data\raw\gtzan\genres_original\reggae\reggae.00047.wav,143.5546875,0.1092993095517158,0.1149432188950116,2477.7986525615497,4759.479057152697,-140.29031372070312,69.66448974609375,-9.971290588378906,52.16463470458984,3.239513397216797,4.56358814239502,-3.490684032440185,2.923248052597046,-6.561513423919678,-2.6554346084594727,-1.73266339302063,-6.9407830238342285,-5.833224773406982
gtzan_00848,reggae_00048_wav,reggae.00048.wav,GTZAN,reggae,gtzan,reggae.00048.wav,data\raw\gtzan\genres_original\reggae\reggae.00048.wav,89.10290948275862,0.120221734046936,0.1111676303895978,2672.85191269513,5607.942217408643,-123.67019653320312,66.22944641113281,8.166251182556152,49.74261093139648,8.532979965209961,25.891525268554688,-5.3857011795043945,12.881202697753906,-2.562662124633789,6.796757221221924,-3.573768615722656,7.641900539398193,-2.051100015640259
gtzan_00849,reggae_00049_wav,reggae.00049.wav,GTZAN,reggae,gtzan,reggae.00049.wav,data\raw\gtzan\genres_original\reggae\reggae.00049.wav,95.703125,0.1329795122146606,0.0806895150570378,2322.0631709816244,5450.165290566995,-121.48995971679688,89.58580017089844,23.79033660888672,32.7855224609375,8.86947250366211,-2.601477861404419,6.639091968536377,1.7852182388305664,-2.936793088912964,-3.0949647426605225,-0.6959443092346191,-5.426028728485107,-6.5423078536987305
gtzan_00850,reggae_00050_wav,reggae.00050.wav,GTZAN,reggae,gtzan,reggae.00050.wav,data\raw\gtzan\genres_original\reggae\reggae.00050.wav,95.703125,0.1310304850339889,0.1270365821974091,2954.8185788567075,5869.113491969983,-104.93346405029295,66.42192077636719,-2.309299230575561,24.605058670043945,8.40530776977539,6.764181137084961,1.6801283359527588,5.182534217834473,1.0469639301300049,2.192683696746826,2.952220916748047,4.577895164489746,4.197661399841309
gtzan_00851,reggae_00051_wav,reggae.00051.wav,GTZAN,reggae,gtzan,reggae.00051.wav,data\raw\gtzan\genres_original\reggae\reggae.00051.wav,86.1328125,0.1175030395388603,0.2746308246326372,4273.650128634408,7673.056334741154,-154.97036743164062,-1.461542010307312,22.34605026245117,30.443342208862305,2.093683958053589,28.623193740844727,17.002700805664062,13.43954849243164,8.497658729553223,6.505256652832031,9.790149688720703,10.916586875915527,2.176444292068481
gtzan_00852,reggae_00052_wav,reggae.00052.wav,GTZAN,reggae,gtzan,reggae.00052.wav,data\raw\gtzan\genres_original\reggae\reggae.00052.wav,99.38401442307692,0.1899878978729248,0.1340670014017788,3289.023545845818,7286.557821110064,-85.2840347290039,60.93997573852539,34.796627044677734,19.79168701171875,16.711822509765625,7.951790332794189,9.296488761901855,11.353252410888672,1.3722409009933472,-0.0837808325886726,6.410582065582275,3.627413749694824,5.660082340240479
gtzan_00853,reggae_00053_wav,reggae.00053.wav,GTZAN,reggae,gtzan,reggae.00053.wav,data\raw\gtzan\genres_original\reggae\reggae.00053.wav,75.99954044117646,0.0630843862891197,0.0897534953837973,2003.67257472427,4157.357072940836,-251.3706970214844,105.89967346191406,2.134446620941162,32.51202392578125,16.53700828552246,8.280576705932617,10.363938331604004,5.490865230560303,0.871772825717926,8.341185569763184,-0.6393007040023804,9.879010200500488,-1.856200933456421
gtzan_00854,reggae_00054_wav,reggae.00054.wav,GTZAN,reggae,gtzan,reggae.00054.wav,data\raw\gtzan\genres_original\reggae\reggae.00054.wav,143.5546875,0.0969164967536926,0.1015772277407192,2542.615358340512,5477.87700750435,-182.2023468017578,83.47661590576172,4.896835803985596,12.707843780517578,30.082263946533203,17.21510887145996,6.104061126708984,7.693119049072266,7.143253326416016,8.879247665405273,-2.1418488025665283,5.727442264556885,1.4597898721694946
gtzan_00855,reggae_00055_wav,reggae.00055.wav,GTZAN,reggae,gtzan,reggae.00055.wav,data\raw\gtzan\genres_original\reggae\reggae.00055.wav,129.19921875,0.1129470691084861,0.0821962762229311,2525.3329292989506,5594.935696418213,-130.3404998779297,84.3085708618164,29.348583221435547,23.832704544067383,8.271378517150879,13.860326766967772,2.229601621627808,2.929391384124756,2.579444408416748,0.0968012586236,2.3335180282592773,2.743635654449463,3.750476598739624
gtzan_00856,reggae_00056_wav,reggae.00056.wav,GTZAN,reggae,gtzan,reggae.00056.wav,data\raw\gtzan\genres_original\reggae\reggae.00056.wav,161.4990234375,0.1005154848098754,0.0831569780790796,2173.790199981531,4658.666029219838,-162.47735595703125,98.5069351196289,-1.6438144445419312,20.82522392272949,12.042279243469238,11.75209617614746,6.091518402099609,4.969570159912109,1.686585545539856,3.0405068397521973,-0.870156466960907,4.116955757141113,3.4194495677948
gtzan_00857,reggae_00057_wav,reggae.00057.wav,GTZAN,reggae,gtzan,reggae.00057.wav,data\raw\gtzan\genres_original\reggae\reggae.00057.wav,95.703125,0.1033797860145568,0.0788428829514694,2169.0749851424653,4771.7111822070765,-177.52011108398438,98.31111145019533,14.755117416381836,21.15281105041504,14.985963821411133,10.22100067138672,4.95693302154541,0.8410159349441528,4.855819225311279,6.870386600494385,3.5444672107696533,-0.3519104421138763,0.5710389018058777
gtzan_00858,reggae_00058_wav,reggae.00058.wav,GTZAN,reggae,gtzan,reggae.00058.wav,data\raw\gtzan\genres_original\reggae\reggae.00058.wav,123.046875,0.0911910906434059,0.1119542427977571,2630.978528430863,5697.755492314385,-169.31365966796875,83.9498291015625,11.220505714416504,12.120054244995115,21.05946922302246,9.506829261779783,0.9362276792526244,2.209420680999756,0.8779247999191284,1.6496504545211792,-0.4117410778999328,0.7374359369277954,-4.779886245727539
gtzan_00859,reggae_00059_wav,reggae.00059.wav,GTZAN,reggae,gtzan,reggae.00059.wav,data\raw\gtzan\genres_original\reggae\reggae.00059.wav,151.99908088235293,0.1264568567276001,0.1173619670823665,2671.459793472698,5699.270976834397,-93.48224639892578,80.19273376464844,-0.3176517784595489,15.255078315734863,4.350633144378662,9.057692527770996,1.681820034980774,2.5508370399475098,-4.298759937286377,0.9954450726509094,-1.70424222946167,-3.009268045425415,2.2648425102233887
gtzan_00860,reggae_00060_wav,reggae.00060.wav,GTZAN,reggae,gtzan,reggae.00060.wav,data\raw\gtzan\genres_original\reggae\reggae.00060.wav,112.34714673913044,0.0258264616131782,0.118502045267788,2395.488968974987,4791.603998241734,-301.4594421386719,77.23085021972656,-13.612371444702148,39.30976867675781,1.6104997396469116,16.89317512512207,-7.259073257446289,-3.613347291946411,1.1474179029464722,-3.2763233184814453,-8.4340238571167,-3.6002206802368164,-2.61386775970459
gtzan_00861,reggae_00061_wav,reggae.00061.wav,GTZAN,reggae,gtzan,reggae.00061.wav,data\raw\gtzan\genres_original\reggae\reggae.00061.wav,92.28515625,0.1810396611690521,0.1335428448859242,3123.746872746035,6474.76605550319,-74.05513763427734,57.99191665649414,9.14074993133545,29.259008407592773,12.536972045898438,-0.1815690696239471,0.1638887822628021,1.3718830347061155,-5.086095809936523,1.3585658073425293,2.852821350097656,-1.555400013923645,0.8874059319496155
gtzan_00862,reggae_00062_wav,reggae.00062.wav,GTZAN,reggae,gtzan,reggae.00062.wav,data\raw\gtzan\genres_original\reggae\reggae.00062.wav,151.99908088235293,0.0573294609785079,0.060844073255027,2112.422850072568,4783.210545515516,-265.7503967285156,80.62992095947266,9.762895584106444,36.671836853027344,27.847427368164062,12.097126960754396,15.03073787689209,15.123104095458984,6.558442115783691,6.276876926422119,7.464998722076416,5.6444902420043945,4.353744983673096
gtzan_00863,reggae_00063_wav,reggae.00063.wav,GTZAN,reggae,gtzan,reggae.00063.wav,data\raw\gtzan\genres_original\reggae\reggae.00063.wav,184.5703125,0.0976017117500305,0.0833352215052204,1910.70451656415,3940.16815681192,-168.5483856201172,109.5338134765625,-20.658592224121094,38.94857025146485,7.959769248962402,0.3439537286758423,6.05551815032959,4.086731433868408,-1.3686217069625854,0.1131376549601554,0.2413017153739929,0.344363659620285,5.299927711486816
gtzan_00864,reggae_00064_wav,reggae.00064.wav,GTZAN,reggae,gtzan,reggae.00064.wav,data\raw\gtzan\genres_original\reggae\reggae.00064.wav,172.265625,0.2678528130054474,0.1008642540361562,3094.390952143788,6974.84263975493,-70.05814361572266,54.370975494384766,15.569381713867188,19.79017448425293,27.015214920043945,13.236806869506836,0.684860348701477,10.06589698791504,6.683064937591553,-0.3057619035243988,2.9682729244232178,6.0125837326049805,1.0904868841171265
gtzan_00865,reggae_00065_wav,reggae.00065.wav,GTZAN,reggae,gtzan,reggae.00065.wav,data\raw\gtzan\genres_original\reggae\reggae.00065.wav,89.10290948275862,0.2981976866722107,0.082821261117556,2081.122071364067,4365.852770174739,-66.06306457519531,97.88207244873048,-18.83213424682617,26.938533782958984,14.00700569152832,6.008999824523926,9.442322731018066,10.566964149475098,-0.1450650840997696,8.12406063079834,10.530970573425291,7.996667861938477,3.808011054992676
gtzan_00866,reggae_00066_wav,reggae.00066.wav,GTZAN,reggae,gtzan,reggae.00066.wav,data\raw\gtzan\genres_original\reggae\reggae.00066.wav,161.4990234375,0.1291678249835968,0.0670882576856148,1628.9791058659616,3258.1668154546114,-147.0555419921875,120.1332550048828,-21.609073638916016,39.656715393066406,6.932242393493652,15.089685440063477,-1.023989200592041,15.946126937866213,2.5368239879608154,4.493649482727051,0.0042412118054926,4.329550266265869,4.640449523925781
gtzan_00867,reggae_00067_wav,reggae.00067.wav,GTZAN,reggae,gtzan,reggae.00067.wav,data\raw\gtzan\genres_original\reggae\reggae.00067.wav,83.35433467741936,0.1401448249816894,0.0604683270494972,1728.2543051766754,3517.897547038138,-132.97755432128906,117.14356231689452,-2.8255319595336914,22.537389755249023,25.921838760375977,0.2784481942653656,13.53548526763916,3.40855360031128,4.533074855804443,0.5459194779396057,-0.0665639787912368,5.103180885314941,-0.1612462252378463
gtzan_00868,reggae_00068_wav,reggae.00068.wav,GTZAN,reggae,gtzan,reggae.00068.wav,data\raw\gtzan\genres_original\reggae\reggae.00068.wav,135.99917763157896,0.0953584238886833,0.0778312004543696,2104.4628968567395,4379.8585117278135,-194.7346343994141,83.06121826171875,-0.7627877593040466,32.32048034667969,2.7942261695861816,23.182392120361328,2.992729663848877,14.241739273071287,8.548836708068848,10.435962677001951,7.0649824142456055,8.808732986450195,1.4133789539337158
gtzan_00869,reggae_00069_wav,reggae.00069.wav,GTZAN,reggae,gtzan,reggae.00069.wav,data\raw\gtzan\genres_original\reggae\reggae.00069.wav,143.5546875,0.1258050352334976,0.0803745679862722,2460.2803864725665,5285.968371610354,-142.8254852294922,83.64070892333984,21.939529418945312,33.86860275268555,4.642505645751953,4.174900054931641,1.9529147148132324,21.813640594482425,-5.951154708862305,0.5032349228858948,17.421560287475586,-11.4276704788208,10.545052528381348
gtzan_00870,reggae_00070_wav,reggae.00070.wav,GTZAN,reggae,gtzan,reggae.00070.wav,data\raw\gtzan\genres_original\reggae\reggae.00070.wav,172.265625,0.1491104662418365,0.0609856861465583,2288.3676811914866,5005.278988725348,-136.73130798339844,75.61238098144531,-5.324862003326416,23.45649719238281,0.7731121778488159,12.286208152770996,4.475244522094727,5.175987243652344,-0.0523990131914615,9.04348850250244,4.887480735778809,2.333411693572998,5.49632453918457
gtzan_00871,reggae_00071_wav,reggae.00071.wav,GTZAN,reggae,gtzan,reggae.00071.wav,data\raw\gtzan\genres_original\reggae\reggae.00071.wav,143.5546875,0.1508352905511856,0.1215892063031709,3110.220722839697,6393.354560161688,-141.79127502441406,44.11574935913086,21.728647232055664,43.3231201171875,21.756078720092773,11.198305130004885,3.553715467453003,15.018742561340332,-1.7399637699127195,6.437886714935303,6.936145782470703,0.7321502566337585,3.9722158908844
gtzan_00872,reggae_00072_wav,reggae.00072.wav,GTZAN,reggae,gtzan,reggae.00072.wav,data\raw\gtzan\genres_original\reggae\reggae.00072.wav,112.34714673913044,0.1429285407066345,0.1361556971432714,3089.6371845235235,6574.771380147912,-94.20941162109376,68.13330078125,4.029281139373779,7.6293745040893555,12.797089576721191,-3.1930339336395264,-3.912582874298096,3.821844577789306,-6.113925457000732,-0.349774032831192,0.3320287466049194,-4.674929141998291,-3.0047824382781982
gtzan_00873,reggae_00073_wav,reggae.00073.wav,GTZAN,reggae,gtzan,reggae.00073.wav,data\raw\gtzan\genres_original\reggae\reggae.00073.wav,83.35433467741936,0.192260593175888,0.0510316215922273,2152.029696439789,5070.652994036398,-105.97007751464844,88.03434753417969,19.35321807861328,30.64814186096192,10.009821891784668,18.02314758300781,3.654972791671753,8.91861343383789,5.820529460906982,8.878715515136719,5.682770252227783,10.556986808776855,5.887747287750244
gtzan_00874,reggae_00074_wav,reggae.00074.wav,GTZAN,reggae,gtzan,reggae.00074.wav,data\raw\gtzan\genres_original\reggae\reggae.00074.wav,172.265625,0.1922519207000732,0.0509934805201082,2148.196262118475,5063.283742386891,-105.8979034423828,88.18376922607422,19.293041229248047,30.60364151000977,9.99776840209961,17.927749633789062,3.6731982231140137,8.91761302947998,5.857600688934326,8.85250473022461,5.619667053222656,10.515199661254885,5.9249420166015625
gtzan_00875,reggae_00075_wav,reggae.00075.wav,GTZAN,reggae,gtzan,reggae.00075.wav,data\raw\gtzan\genres_original\reggae\reggae.00075.wav,143.5546875,0.1709813177585601,0.1350122202484532,2481.3804941498192,4847.177315200841,-63.77373504638672,88.24711608886719,-27.58910369873047,18.60205841064453,-3.5912961959838867,5.200758934020996,0.9875677227973938,8.043935775756836,-4.399215221405029,2.272988557815552,4.151827812194824,-2.204693078994751,10.272971153259276
gtzan_00876,reggae_00076_wav,reggae.00076.wav,GTZAN,reggae,gtzan,reggae.00076.wav,data\raw\gtzan\genres_original\reggae\reggae.00076.wav,161.4990234375,0.2108802646398544,0.0882384262616009,2456.1378121301186,5054.224142618909,-105.65564727783205,76.06100463867188,19.503725051879883,36.74836349487305,3.76912784576416,11.68226718902588,0.0791786015033721,7.104075908660889,7.680829524993896,10.455650329589844,0.9845486283302308,-2.179980754852295,-1.5101479291915894
gtzan_00877,reggae_00077_wav,reggae.00077.wav,GTZAN,reggae,gtzan,reggae.00077.wav,data\raw\gtzan\genres_original\reggae\reggae.00077.wav,143.5546875,0.1165787652134895,0.0608882564771848,1777.8395856871614,3821.1776414769433,-151.79495239257812,105.1318130493164,-6.177225112915039,47.9588737487793,11.343700408935549,15.089310646057127,11.640216827392578,6.621384620666504,6.830204963684082,2.412713527679444,-1.0261002779006958,-0.214771032333374,-0.6404041051864624
gtzan_00878,reggae_00078_wav,reggae.00078.wav,GTZAN,reggae,gtzan,reggae.00078.wav,data\raw\gtzan\genres_original\reggae\reggae.00078.wav,161.4990234375,0.0943592116236686,0.0937492447312451,2316.624696854046,4679.324914352524,-175.49595642089844,78.047119140625,-2.531189680099488,52.855918884277344,15.8506498336792,24.75226402282715,5.301399230957031,8.66751480102539,6.656061172485352,9.806562423706056,-3.3486931324005127,4.114943027496338,2.3601951599121094
gtzan_00879,reggae_00079_wav,reggae.00079.wav,GTZAN,reggae,gtzan,reggae.00079.wav,data\raw\gtzan\genres_original\reggae\reggae.00079.wav,151.99908088235293,0.0806602835655212,0.1863670968677494,3002.494625958869,5292.746417760296,-155.58314514160156,57.0381088256836,-35.30974578857422,33.295894622802734,-14.18759059906006,25.26531982421875,2.526343584060669,4.252800941467285,8.49073600769043,4.574702262878418,2.832439422607422,2.5824124813079834,2.831862688064575
gtzan_00880,reggae_00080_wav,reggae.00080.wav,GTZAN,reggae,gtzan,reggae.00080.wav,data\raw\gtzan\genres_original\reggae\reggae.00080.wav,99.38401442307692,0.195714920759201,0.0942975698472544,2539.12100915184,5260.771359755656,-103.1366729736328,67.20503234863281,2.212646961212158,28.50449180603028,4.172196865081787,11.874951362609863,14.24476432800293,14.292826652526855,3.261751890182495,15.85426902770996,8.042966842651367,4.469096660614014,8.679430961608887
gtzan_00881,reggae_00081_wav,reggae.00081.wav,GTZAN,reggae,gtzan,reggae.00081.wav,data\raw\gtzan\genres_original\reggae\reggae.00081.wav,99.38401442307692,0.1795402020215988,0.0993816614704176,2566.692787337276,5313.538532301334,-115.7071762084961,67.07564544677734,1.8735255002975464,29.089330673217773,4.004096031188965,12.039477348327637,14.017004013061523,14.940317153930664,2.313584566116333,17.086957931518555,7.597496032714844,4.998959541320801,8.534348487854004
gtzan_00882,reggae_00082_wav,reggae.00082.wav,GTZAN,reggae,gtzan,reggae.00082.wav,data\raw\gtzan\genres_original\reggae\reggae.00082.wav,99.38401442307692,0.1795402020215988,0.0993816614704176,2566.692787337276,5313.538532301334,-115.7071762084961,67.07564544677734,1.8735255002975464,29.089330673217773,4.004096031188965,12.039477348327637,14.017004013061523,14.940317153930664,2.313584566116333,17.086957931518555,7.597496032714844,4.998959541320801,8.534348487854004
gtzan_00883,reggae_00083_wav,reggae.00083.wav,GTZAN,reggae,gtzan,reggae.00083.wav,data\raw\gtzan\genres_original\reggae\reggae.00083.wav,129.19921875,0.0568159483373165,0.0711814367024362,1366.30603509098,2562.7176306917054,-285.81231689453125,138.70361328125,19.84424018859864,35.23695373535156,-8.027189254760742,7.085637092590332,5.4034833908081055,-3.191104888916016,-1.1556780338287354,3.193620681762696,1.485872745513916,-4.054584980010986,-6.334854602813721
gtzan_00884,reggae_00084_wav,reggae.00084.wav,GTZAN,reggae,gtzan,reggae.00084.wav,data\raw\gtzan\genres_original\reggae\reggae.00084.wav,198.76802884615384,0.1142719164490699,0.0759743722206109,1787.7487857416345,3818.179979789008,-150.92636108398438,111.8030014038086,2.927329063415528,42.73322677612305,-3.589929819107056,15.156658172607422,3.4394965171813965,0.1929641813039779,-4.714603424072266,3.854654550552368,-0.8910943865776062,-5.358569622039795,0.6897556781768799
gtzan_00885,reggae_00085_wav,reggae.00085.wav,GTZAN,reggae,gtzan,reggae.00085.wav,data\raw\gtzan\genres_original\reggae\reggae.00085.wav,86.1328125,0.1195923686027526,0.0993631573859242,1796.8287818453114,3439.308849786108,-175.08767700195312,116.66506958007812,-55.1407470703125,59.92240524291992,1.9667683839797967,1.1043766736984253,14.590327262878418,-3.2197511196136475,2.7934749126434326,5.705889225006104,-1.83936619758606,7.8793864250183105,0.3937614560127258
gtzan_00886,reggae_00086_wav,reggae.00086.wav,GTZAN,reggae,gtzan,reggae.00086.wav,data\raw\gtzan\genres_original\reggae\reggae.00086.wav,129.19921875,0.3510546386241913,0.2601477909899458,4435.243900599968,7625.376860226943,42.039432525634766,37.37158203125,-7.946182727813721,4.528271198272705,8.987507820129395,3.5445332527160645,3.1124956607818604,1.6373554468154907,6.286243915557861,1.8392943143844604,-0.5618255138397217,-0.3939883112907409,1.625505447387695
gtzan_00887,reggae_00087_wav,reggae.00087.wav,GTZAN,reggae,gtzan,reggae.00087.wav,data\raw\gtzan\genres_original\reggae\reggae.00087.wav,83.35433467741936,0.2077828794717788,0.1218324028422273,3296.900340202879,6910.651045443011,-110.1904754638672,48.53022003173828,29.649078369140625,18.4288272857666,-0.4788638055324554,4.649607181549072,-2.266666889190674,-6.606980800628662,-2.1688482761383057,-0.1615824848413467,-0.6826528906822205,0.5430817008018494,1.909606575965881
gtzan_00888,reggae_00088_wav,reggae.00088.wav,GTZAN,reggae,gtzan,reggae.00088.wav,data\raw\gtzan\genres_original\reggae\reggae.00088.wav,107.666015625,0.1200908124446868,0.1891876480326759,3881.126022753153,8249.731501957656,-75.21106719970703,44.851070404052734,10.090386390686035,1.1554940938949585,1.1521581411361694,-3.128512382507324,0.1336050629615783,0.0578565374016761,-3.4586191177368164,0.1037728860974311,-1.927264928817749,-2.30917763710022,-0.0655672326683998
gtzan_00889,reggae_00089_wav,reggae.00089.wav,GTZAN,reggae,gtzan,reggae.00089.wav,data\raw\gtzan\genres_original\reggae\reggae.00089.wav,151.99908088235293,0.1514499187469482,0.0380353344934261,1052.2093289413267,2055.438331550899,-194.34181213378903,157.13377380371094,-14.162339210510254,44.09513854980469,3.4730849266052246,17.465660095214844,2.969146251678467,5.839356422424316,3.006433486938477,1.0791521072387695,2.576331615447998,0.7972477078437805,0.6443383693695068
gtzan_00890,reggae_00090_wav,reggae.00090.wav,GTZAN,reggae,gtzan,reggae.00090.wav,data\raw\gtzan\genres_original\reggae\reggae.00090.wav,151.99908088235293,0.144260972738266,0.1306569629737045,2868.2336817872942,5796.886498966793,-127.27717590332033,65.99644470214844,4.438226222991943,30.03727912902832,16.642423629760742,16.51815414428711,-6.402670860290527,15.292097091674805,4.607176303863525,5.082119464874268,5.581949710845947,-0.7858737707138062,6.057443618774414
gtzan_00891,reggae_00091_wav,reggae.00091.wav,GTZAN,reggae,gtzan,reggae.00091.wav,data\raw\gtzan\genres_original\reggae\reggae.00091.wav,143.5546875,0.0688775703310966,0.1238357532144238,2313.837204027342,4559.143661180395,-159.90151977539062,92.84687042236328,-28.74367332458496,31.4356689453125,-6.6241841316223145,12.659293174743652,0.8625210523605347,10.95517921447754,-2.0856833457946777,3.6677677631378174,3.563651323318481,0.3276448249816894,8.55552864074707
gtzan_00892,reggae_00092_wav,reggae.00092.wav,GTZAN,reggae,gtzan,reggae.00092.wav,data\raw\gtzan\genres_original\reggae\reggae.00092.wav,143.5546875,0.0922209918498992,0.1199929457898298,2170.5445047828625,4306.240936774942,-138.12205505371094,101.48216247558594,-35.343780517578125,36.1392936706543,-9.510808944702148,14.766629219055176,-0.2405993640422821,11.524782180786133,-2.1052606105804443,3.4101879596710205,4.2062859535217285,0.1425409764051437,9.014046669006348
gtzan_00893,reggae_00093_wav,reggae.00093.wav,GTZAN,reggae,gtzan,reggae.00093.wav,data\raw\gtzan\genres_original\reggae\reggae.00093.wav,89.10290948275862,0.1071291342377662,0.0892859840245553,2108.899077245422,4604.591543104699,-147.48876953125,113.32284545898438,-6.315885066986084,9.10517692565918,24.55863380432129,-9.785895347595217,13.15757179260254,-2.002988338470459,-2.6998777389526367,12.218942642211914,-4.130988121032715,-1.0219930410385132,1.962854027748108
gtzan_00894,reggae_00094_wav,reggae.00094.wav,GTZAN,reggae,gtzan,reggae.00094.wav,data\raw\gtzan\genres_original\reggae\reggae.00094.wav,129.19921875,0.1347530484199524,0.0956185348994586,2022.476850347564,3834.300738199681,-97.74687957763672,108.83124542236328,-24.916160583496094,21.304542541503903,12.560809135437012,7.772594451904297,-3.283714532852173,3.532455444335937,0.6926851868629456,4.193993091583252,-9.66618824005127,4.267922401428223,2.4615843296051025
gtzan_00895,reggae_00095_wav,reggae.00095.wav,GTZAN,reggae,gtzan,reggae.00095.wav,data\raw\gtzan\genres_original\reggae\reggae.00095.wav,123.046875,0.1623404175043106,0.1031685790071539,2617.024682539929,5718.972275594548,-69.00836181640625,79.14764404296875,13.090505599975586,29.389801025390625,0.2830182611942291,4.157033920288086,-0.4378511905670166,0.1840603500604629,2.808901786804199,0.6066122055053711,-2.800545692443848,-0.5115623474121094,-3.1768953800201416
gtzan_00896,reggae_00096_wav,reggae.00096.wav,GTZAN,reggae,gtzan,reggae.00096.wav,data\raw\gtzan\genres_original\reggae\reggae.00096.wav,89.10290948275862,0.1622295975685119,0.0796547968629157,1629.7999503085323,3183.466751558875,-166.97030639648438,116.66727447509766,-44.26408004760742,70.55626678466797,2.30706524848938,16.03057861328125,12.49992561340332,4.0868754386901855,5.316354751586914,4.511726379394531,7.302684307098389,7.587512969970703,2.911795139312744
gtzan_00897,reggae_00097_wav,reggae.00097.wav,GTZAN,reggae,gtzan,reggae.00097.wav,data\raw\gtzan\genres_original\reggae\reggae.00097.wav,161.4990234375,0.1107461676001548,0.0939863991202629,2006.892211471692,4136.972973462877,-142.7797088623047,103.12828826904295,-15.233027458190918,38.2757453918457,-13.001492500305176,2.755908489227295,-1.6653071641921997,-3.438277244567871,-4.456929683685303,-9.29419994354248,-10.123964309692385,-2.115065097808838,-4.457651138305664
gtzan_00898,reggae_00098_wav,reggae.00098.wav,GTZAN,reggae,gtzan,reggae.00098.wav,data\raw\gtzan\genres_original\reggae\reggae.00098.wav,123.046875,0.1392030864953994,0.0648337804524362,2026.298986070191,4462.743857399217,-134.5703582763672,93.52682495117188,8.514836311340332,34.874969482421875,3.286093473434448,15.51530933380127,4.977233409881592,8.551085472106934,-1.3025381565093994,2.722769498825073,5.070638179779053,11.864219665527344,4.42165994644165
gtzan_00899,reggae_00099_wav,reggae.00099.wav,GTZAN,reggae,gtzan,reggae.00099.wav,data\raw\gtzan\genres_original\reggae\reggae.00099.wav,117.45383522727272,0.1801769435405731,0.1395963239559164,2467.092359992306,4723.482136383411,-67.0628662109375,80.68953704833984,-43.871212005615234,57.72737121582031,-12.792741775512695,33.587459564208984,-7.736653804779053,14.120294570922852,-1.234118938446045,7.419507026672363,-2.040987014770508,6.1009521484375,-6.632662773132324
gtzan_00900,rock_00000_wav,rock.00000.wav,GTZAN,rock,gtzan,rock.00000.wav,data\raw\gtzan\genres_original\rock\rock.00000.wav,123.046875,0.1291273534297943,0.0902202514742846,1996.327664393569,4227.935352015661,-116.60436248779295,109.25070190429688,-23.16513442993164,40.68873977661133,-11.88844871520996,23.158090591430664,-15.411177635192873,15.128495216369627,-13.530739784240724,12.694693565368652,-10.873740196228027,8.501457214355469,-11.58152198791504
gtzan_00901,rock_00001_wav,rock.00001.wav,GTZAN,rock,gtzan,rock.00001.wav,data\raw\gtzan\genres_original\rock\rock.00001.wav,151.99908088235293,0.180469661951065,0.0549597743861175,1529.474960625274,3271.9227518670245,-111.223876953125,134.12847900390625,-24.652063369750977,41.5244026184082,-3.0621228218078613,28.465314865112305,-10.584465980529783,14.914134979248049,-14.39198112487793,8.840387344360352,-4.534185409545898,9.93485164642334,-4.67330265045166
gtzan_00902,rock_00002_wav,rock.00002.wav,GTZAN,rock,gtzan,rock.00002.wav,data\raw\gtzan\genres_original\rock\rock.00002.wav,107.666015625,0.1486621499061584,0.0768044125821732,1875.3156310172185,3929.526457819751,-120.40322875976562,117.56332397460938,-27.613574981689453,42.83025360107422,-6.729612350463867,21.624242782592773,-12.094098091125488,17.932443618774414,-10.451456069946287,12.271442413330078,-6.544394016265869,13.512890815734863,-2.4091858863830566
gtzan_00903,rock_00003_wav,rock.00003.wav,GTZAN,rock,gtzan,rock.00003.wav,data\raw\gtzan\genres_original\rock\rock.00003.wav,95.703125,0.1512994766235351,0.0430986562258314,1421.445979717574,3042.493383845708,-156.5401153564453,130.71360778808594,-1.4661556482315063,36.21728515625,0.3673636615276336,31.95513153076172,-0.6156162023544312,20.145870208740234,-11.344087600708008,13.852133750915527,-3.7818548679351807,11.536493301391602,-3.2097268104553223
gtzan_00904,rock_00004_wav,rock.00004.wav,GTZAN,rock,gtzan,rock.00004.wav,data\raw\gtzan\genres_original\rock\rock.00004.wav,103.359375,0.2087391763925552,0.0410794452097834,1345.6930613276418,2938.9907872317285,-127.94886779785156,134.445068359375,1.018327713012695,54.44925308227539,-0.454010546207428,35.81970977783203,-10.859722137451172,16.391263961791992,-10.03281021118164,6.5908708572387695,-6.69504976272583,11.037278175354004,-8.381531715393066
gtzan_00905,rock_00005_wav,rock.00005.wav,GTZAN,rock,gtzan,rock.00005.wav,data\raw\gtzan\genres_original\rock\rock.00005.wav,99.38401442307692,0.2038401514291763,0.0770211747148105,1542.1318211375356,2869.736475402407,-62.32036590576172,153.77755737304688,-55.12044525146485,28.00035285949707,-6.835791110992432,17.45644187927246,-22.60428237915039,18.13093948364257,-12.575697898864746,4.4935407638549805,-8.381609916687012,7.209059715270996,-2.519583225250244
gtzan_00906,rock_00006_wav,rock.00006.wav,GTZAN,rock,gtzan,rock.00006.wav,data\raw\gtzan\genres_original\rock\rock.00006.wav,112.34714673913044,0.1800919771194458,0.0873052917150038,1676.1187569165345,3255.085885386456,-98.35863494873048,136.56776428222656,-46.69626235961914,46.458587646484375,-17.120962142944336,10.5321626663208,-14.55508518218994,16.543954849243164,-12.294144630432127,3.701237678527832,-12.640328407287598,2.9430160522460938,-12.501708030700684
gtzan_00907,rock_00007_wav,rock.00007.wav,GTZAN,rock,gtzan,rock.00007.wav,data\raw\gtzan\genres_original\rock\rock.00007.wav,89.10290948275862,0.1570971459150314,0.0471797509425754,1282.1659089735392,2675.7877641930104,-140.43687438964844,149.2936553955078,-10.06617546081543,38.77675628662109,1.553337812423706,20.10894775390625,-11.329270362854004,16.2784366607666,-13.238433837890623,10.17703628540039,-9.24842357635498,4.6952338218688965,-8.369309425354004
gtzan_00908,rock_00008_wav,rock.00008.wav,GTZAN,rock,gtzan,rock.00008.wav,data\raw\gtzan\genres_original\rock\rock.00008.wav,172.265625,0.2609431445598602,0.0849507413718097,1717.1319766865513,3362.185676025957,-14.908175468444824,138.4268341064453,-41.8852653503418,22.062822341918945,-18.65780067443848,31.99559593200684,-20.35655975341797,15.694174766540527,-17.338973999023438,14.860864639282228,-8.89830493927002,12.252060890197754,-5.819881439208984
gtzan_00909,rock_00009_wav,rock.00009.wav,GTZAN,rock,gtzan,rock.00009.wav,data\raw\gtzan\genres_original\rock\rock.00009.wav,75.99954044117646,0.1282487213611602,0.0425329599284609,1181.2313375423405,2367.1951470961426,-178.57798767089844,154.01588439941406,-4.962449550628662,21.93408203125,-2.054386138916016,23.676729202270508,-1.2855753898620603,11.557677268981934,-6.028604507446289,4.9412617683410645,-2.938059568405152,5.409701824188232,-4.121319770812988
gtzan_00910,rock_00010_wav,rock.00010.wav,GTZAN,rock,gtzan,rock.00010.wav,data\raw\gtzan\genres_original\rock\rock.00010.wav,161.4990234375,0.1535139679908752,0.0717082366589327,1857.9488683792245,4191.638665077581,-108.9138641357422,114.95105743408205,-5.211310386657715,46.18878555297852,-9.133746147155762,20.5158634185791,-17.023136138916016,24.219799041748047,-8.048905372619629,13.437288284301758,-18.37591552734375,8.582782745361328,-11.399687767028809
gtzan_00911,rock_00011_wav,rock.00011.wav,GTZAN,rock,gtzan,rock.00011.wav,data\raw\gtzan\genres_original\rock\rock.00011.wav,117.45383522727272,0.123415820300579,0.0543302578789636,1537.5906799015593,3416.7514455843966,-169.6363983154297,119.08700561523438,7.178452491760254,53.41262435913086,4.13223934173584,23.1241455078125,-5.710700511932373,24.97997093200684,-9.31857967376709,13.471597671508787,-14.267766952514648,5.952583312988281,-13.591863632202148
gtzan_00912,rock_00012_wav,rock.00012.wav,GTZAN,rock,gtzan,rock.00012.wav,data\raw\gtzan\genres_original\rock\rock.00012.wav,112.34714673913044,0.0759164616465568,0.0682249371616396,1863.6767997588177,3986.115649017546,-204.57351684570312,106.97721099853516,-10.207574844360352,45.58831405639648,3.0321736335754395,24.00311851501465,-7.503674507141113,20.072660446166992,-5.162975788116455,8.743988990783691,-10.10770320892334,4.366062164306641,-6.955887794494629
gtzan_00913,rock_00013_wav,rock.00013.wav,GTZAN,rock,gtzan,rock.00013.wav,data\raw\gtzan\genres_original\rock\rock.00013.wav,123.046875,0.133714959025383,0.0461099127513534,1597.531261046634,3825.590865628625,-211.27947998046875,95.7034912109375,40.66031646728516,68.32311248779297,5.322772979736328,30.9410343170166,-5.283857822418213,22.81182861328125,-1.5985389947891235,17.492416381835938,-11.49882698059082,8.72770881652832,-10.444212913513184
gtzan_00914,rock_00014_wav,rock.00014.wav,GTZAN,rock,gtzan,rock.00014.wav,data\raw\gtzan\genres_original\rock\rock.00014.wav,117.45383522727272,0.0536599047482013,0.0835791733130317,1937.0466391538591,3986.1489563696346,-256.3488464355469,103.12139892578124,-8.430392265319824,48.59879684448242,-4.187839031219482,17.345722198486328,-6.686840534210205,17.043678283691406,-4.618223667144775,5.320813179016113,-10.026877403259276,8.226201057434082,-6.2075514793396
gtzan_00915,rock_00015_wav,rock.00015.wav,GTZAN,rock,gtzan,rock.00015.wav,data\raw\gtzan\genres_original\rock\rock.00015.wav,135.99917763157896,0.082304835319519,0.114160005196249,2335.5626669025687,4500.098052766096,-174.91249084472656,90.92642974853516,-18.71810913085937,41.620025634765625,-8.878430366516113,9.088252067565918,-12.459863662719728,13.13078498840332,-9.689802169799805,4.343286991119385,-13.479687690734863,6.744278907775879,-10.387733459472656
gtzan_00916,rock_00016_wav,rock.00016.wav,GTZAN,rock,gtzan,rock.00016.wav,data\raw\gtzan\genres_original\rock\rock.00016.wav,143.5546875,0.1845526844263076,0.1428334058391338,2459.4994227321545,5024.264179415603,-15.52408218383789,99.9170913696289,-37.429176330566406,45.791595458984375,-20.603975296020508,25.47589874267578,-18.47053337097168,26.34449958801269,-20.00874328613281,20.96514320373535,-13.49651336669922,10.81645679473877,-15.384136199951172
gtzan_00917,rock_00017_wav,rock.00017.wav,GTZAN,rock,gtzan,rock.00017.wav,data\raw\gtzan\genres_original\rock\rock.00017.wav,123.046875,0.1660961508750915,0.1405475849526295,2312.16028506826,4528.650780343677,-41.370513916015625,105.39511108398438,-43.92924499511719,54.10838317871094,-18.41267204284668,23.522890090942383,-17.610891342163086,20.660818099975582,-18.45555877685547,17.474151611328125,-15.171713829040527,11.30751132965088,-14.155024528503418
gtzan_00918,rock_00018_wav,rock.00018.wav,GTZAN,rock,gtzan,rock.00018.wav,data\raw\gtzan\genres_original\rock\rock.00018.wav,117.45383522727272,0.1407261490821838,0.1157800566753673,2209.043075640221,4593.583463239559,-67.56018829345703,109.12596893310548,-32.71223831176758,45.65410614013672,-11.67725658416748,27.48949813842773,-16.32882308959961,22.079599380493164,-15.444430351257324,19.390316009521484,-11.603704452514648,11.57481575012207,-10.506813049316406
gtzan_00919,rock_00019_wav,rock.00019.wav,GTZAN,rock,gtzan,rock.00019.wav,data\raw\gtzan\genres_original\rock\rock.00019.wav,117.45383522727272,0.1122645884752273,0.128190632854795,2321.18947931781,4701.482630329177,-84.14443969726562,102.3315200805664,-41.33968353271485,47.0258903503418,-16.9348201751709,26.223608016967773,-18.940040588378903,18.7878360748291,-21.684877395629883,11.04576301574707,-19.22894096374512,5.224471092224121,-16.749980926513672
gtzan_00920,rock_00020_wav,rock.00020.wav,GTZAN,rock,gtzan,rock.00020.wav,data\raw\gtzan\genres_original\rock\rock.00020.wav,99.38401442307692,0.1525495648384094,0.1175330354553364,2188.143059972821,4432.584050083382,-56.91801834106445,115.20155334472656,-30.428829193115234,37.18560791015625,-21.979665756225582,21.86198806762696,-19.756681442260746,14.988837242126465,-24.08341407775879,17.775676727294922,-17.280603408813477,6.736527442932129,-10.735279083251951
gtzan_00921,rock_00021_wav,rock.00021.wav,GTZAN,rock,gtzan,rock.00021.wav,data\raw\gtzan\genres_original\rock\rock.00021.wav,184.5703125,0.1615190356969833,0.121568436412413,2158.2060420913685,4245.91299530525,-55.294132232666016,114.41451263427734,-34.02534484863281,37.98604965209961,-22.318174362182617,18.52752113342285,-18.148193359375,13.806435585021973,-27.795074462890625,18.157400131225582,-14.619770050048828,6.5450592041015625,-8.257500648498535
gtzan_00922,rock_00022_wav,rock.00022.wav,GTZAN,rock,gtzan,rock.00022.wav,data\raw\gtzan\genres_original\rock\rock.00022.wav,198.76802884615384,0.1739187240600586,0.1384430285672853,2342.440835994473,4595.3987139283645,-34.60441589355469,106.49451446533205,-41.06208801269531,33.66541290283203,-27.230453491210938,21.40528678894043,-21.311342239379883,14.014236450195312,-27.774105072021484,16.053916931152344,-18.816858291625977,5.643858432769775,-14.295787811279297
gtzan_00923,rock_00023_wav,rock.00023.wav,GTZAN,rock,gtzan,rock.00023.wav,data\raw\gtzan\genres_original\rock\rock.00023.wav,73.828125,0.1357575953006744,0.1155670708865042,2294.785906674184,4847.943384298869,-88.32022094726562,105.42356872558594,-24.49975204467773,41.8431396484375,-22.350811004638672,23.7182846069336,-19.77800750732422,15.135782241821287,-27.095399856567383,13.849635124206545,-15.200919151306152,8.92723560333252,-12.789690971374512
gtzan_00924,rock_00024_wav,rock.00024.wav,GTZAN,rock,gtzan,rock.00024.wav,data\raw\gtzan\genres_original\rock\rock.00024.wav,73.828125,0.1566424816846847,0.1434304457898298,2320.3026430769382,4466.382685614849,-52.450714111328125,99.70700073242188,-47.378662109375,47.02061080932617,-21.01216506958008,22.886743545532227,-18.27377319335937,13.884709358215332,-23.441789627075195,13.50979709625244,-18.65899085998535,5.705026626586914,-12.884092330932615
gtzan_00925,rock_00025_wav,rock.00025.wav,GTZAN,rock,gtzan,rock.00025.wav,data\raw\gtzan\genres_original\rock\rock.00025.wav,103.359375,0.1491993367671966,0.157828134063225,2510.2309899138795,4735.3645342408645,-47.01443099975586,95.7666015625,-43.919960021972656,52.06837463378906,-22.54633140563965,20.865589141845703,-18.6646728515625,19.256175994873047,-21.24274253845215,21.88429069519043,-19.212247848510746,9.447266578674316,-12.588509559631348
gtzan_00926,rock_00026_wav,rock.00026.wav,GTZAN,rock,gtzan,rock.00026.wav,data\raw\gtzan\genres_original\rock\rock.00026.wav,112.34714673913044,0.1527195870876312,0.1229060173772235,2263.155432001181,4602.92617550029,-58.95429611206055,106.57882690429688,-31.80813217163086,47.91427993774414,-17.42659568786621,27.7563419342041,-14.011198043823242,22.417743682861328,-20.547344207763672,19.562061309814453,-14.579082489013672,10.17251968383789,-10.945103645324709
gtzan_00927,rock_00027_wav,rock.00027.wav,GTZAN,rock,gtzan,rock.00027.wav,data\raw\gtzan\genres_original\rock\rock.00027.wav,151.99908088235293,0.0792047902941703,0.1334220957091718,2669.22560161555,5445.858736303938,-123.32942962646484,74.8833236694336,-17.064664840698242,31.6123104095459,2.5440168380737305,17.3306884765625,-3.8126938343048096,9.729454040527344,-7.234512329101562,11.266803741455078,0.3798722922801971,3.47336745262146,1.6683629751205444
gtzan_00928,rock_00028_wav,rock.00028.wav,GTZAN,rock,gtzan,rock.00028.wav,data\raw\gtzan\genres_original\rock\rock.00028.wav,135.99917763157896,0.1388558596372604,0.101971100396365,2046.7124171448247,4095.247188134426,-92.61327362060548,101.84728240966795,-33.5036735534668,48.7354736328125,12.396886825561523,20.828033447265625,8.695999145507812,9.283453941345217,2.771542549133301,5.24054479598999,-9.33555793762207,-3.486278295516968,-4.364505767822266
gtzan_00929,rock_00029_wav,rock.00029.wav,GTZAN,rock,gtzan,rock.00029.wav,data\raw\gtzan\genres_original\rock\rock.00029.wav,123.046875,0.180164098739624,0.1115014591792343,2445.028012751342,5173.47278993257,-42.36763000488281,85.04695892333984,-7.381762504577637,40.717872619628906,-1.0101426839828491,18.92351722717285,-3.5419209003448486,5.873317241668701,-5.019628047943115,4.245726108551025,-3.176356315612793,-0.5796385407447815,-0.5282158851623535
gtzan_00930,rock_00030_wav,rock.00030.wav,GTZAN,rock,gtzan,rock.00030.wav,data\raw\gtzan\genres_original\rock\rock.00030.wav,117.45383522727272,0.0965365618467331,0.1149171621229698,2944.36059987096,6333.376345888921,-131.39100646972656,67.75204467773438,32.891807556152344,34.58958053588867,-3.290926218032837,21.88511085510254,-5.811896324157715,10.232670783996582,-7.052405834197998,2.29460883140564,-4.372934818267822,-3.315171718597412,-6.280130863189697
gtzan_00931,rock_00031_wav,rock.00031.wav,GTZAN,rock,gtzan,rock.00031.wav,data\raw\gtzan\genres_original\rock\rock.00031.wav,117.45383522727272,0.1262174397706985,0.1324454393851508,2639.202418488209,5302.980101689385,-89.06488037109375,81.37017822265625,-12.575956344604492,22.780818939208984,-7.058200836181641,-0.4909481108188629,2.752371311187744,-3.44333815574646,-7.706244468688965,-0.8401429057121277,-4.882662773132324,-2.685866355895996,-5.2950639724731445
gtzan_00932,rock_00032_wav,rock.00032.wav,GTZAN,rock,gtzan,rock.00032.wav,data\raw\gtzan\genres_original\rock\rock.00032.wav,92.28515625,0.221942201256752,0.1158970956583969,2344.557639711626,4728.699625029819,-26.373275756835938,85.87699890136719,-17.215627670288086,35.31352615356445,9.981064796447754,10.664372444152832,1.3970550298690796,4.579900741577148,-0.1146337836980819,2.105009794235229,0.3250819146633148,5.394778728485107,-1.0094698667526243
gtzan_00933,rock_00033_wav,rock.00033.wav,GTZAN,rock,gtzan,rock.00033.wav,data\raw\gtzan\genres_original\rock\rock.00033.wav,117.45383522727272,0.1279601603746414,0.0748739456448182,1673.877573607038,3431.423334179234,-119.02601623535156,128.91758728027344,-17.843860626220703,29.18918228149414,2.7047343254089355,8.01036548614502,-7.065365314483643,3.882958650588989,-1.5174132585525513,-3.984910488128662,-7.044123649597168,-2.8645408153533936,-4.177641868591309
gtzan_00934,rock_00034_wav,rock.00034.wav,GTZAN,rock,gtzan,rock.00034.wav,data\raw\gtzan\genres_original\rock\rock.00034.wav,135.99917763157896,0.1911093294620514,0.134925398987003,2788.250576344444,5831.991493155103,-28.01414680480957,65.66490173339844,-7.318475723266602,33.75423049926758,11.125958442687988,14.607216835021973,2.095346212387085,10.01047134399414,-0.2259956896305084,10.134689331054688,-2.854555368423462,3.0994691848754883,-1.6647874116897583
gtzan_00935,rock_00035_wav,rock.00035.wav,GTZAN,rock,gtzan,rock.00035.wav,data\raw\gtzan\genres_original\rock\rock.00035.wav,129.19921875,0.1241581365466117,0.0569804959396751,1867.0823938993344,4270.518801660382,-123.99871826171876,109.50567626953124,5.87239408493042,32.9123420715332,10.975379943847656,11.695225715637209,12.67606258392334,12.977776527404783,1.643832802772522,4.497047424316406,9.672362327575684,3.0577666759490967,3.534780979156494
gtzan_00936,rock_00036_wav,rock.00036.wav,GTZAN,rock,gtzan,rock.00036.wav,data\raw\gtzan\genres_original\rock\rock.00036.wav,135.99917763157896,0.2163953930139541,0.1470474886254789,2850.226846254986,5897.606074892241,-0.4043724536895752,72.34305572509766,-13.06217098236084,23.926008224487305,10.236516952514648,10.320724487304688,-5.020275592803955,14.341696739196776,-0.6971623301506042,9.891172409057615,0.7274040579795837,5.227027893066406,-4.09642505645752
gtzan_00937,rock_00037_wav,rock.00037.wav,GTZAN,rock,gtzan,rock.00037.wav,data\raw\gtzan\genres_original\rock\rock.00037.wav,129.19921875,0.1134131997823715,0.1462710115767594,2626.720259282235,5047.113022948086,-71.10186004638672,79.46031188964844,-20.802478790283203,30.64980697631836,5.531778812408447,3.704883337020874,4.704846858978272,7.271781921386719,-5.485699653625488,2.504566431045532,0.8454153537750244,-0.5800407528877258,-1.8925811052322388
gtzan_00938,rock_00038_wav,rock.00038.wav,GTZAN,rock,gtzan,rock.00038.wav,data\raw\gtzan\genres_original\rock\rock.00038.wav,135.99917763157896,0.2193866372108459,0.1405501705205108,2794.957193727644,5862.41455078125,-15.90069580078125,67.15052032470703,-20.123926162719727,15.575631141662598,4.801239490509033,10.826369285583496,5.956949710845947,11.79601001739502,-0.3981261253356933,5.653122901916504,0.1135878637433052,1.0963842868804932,-1.7399611473083496
gtzan_00939,rock_00039_wav,rock.00039.wav,GTZAN,rock,gtzan,rock.00039.wav,data\raw\gtzan\genres_original\rock\rock.00039.wav,143.5546875,0.1443831771612167,0.1227594952387857,2559.136373910091,5446.934477414443,-50.8197135925293,86.39903259277344,-14.426873207092283,12.827898025512695,21.69257354736328,4.236032485961914,1.7399673461914062,3.7044191360473633,4.68683385848999,-1.8586655855178835,-1.1932458877563477,-0.0173017904162406,-4.127179145812988
gtzan_00940,rock_00040_wav,rock.00040.wav,GTZAN,rock,gtzan,rock.00040.wav,data\raw\gtzan\genres_original\rock\rock.00040.wav,112.34714673913044,0.142934963107109,0.1447517884764114,3009.95870728667,6131.200718713747,-65.87250518798828,61.28521347045898,-1.9332399368286133,35.3099365234375,9.310933113098145,7.553760051727295,3.409196376800537,2.9783859252929688,4.60882568359375,2.912954807281494,1.775707125663757,-0.3910350501537323,-5.758023738861084
gtzan_00941,rock_00041_wav,rock.00041.wav,GTZAN,rock,gtzan,rock.00041.wav,data\raw\gtzan\genres_original\rock\rock.00041.wav,117.45383522727272,0.1607728749513626,0.1483555533401005,2806.851354542389,5677.17987556192,-35.36510467529297,73.69174194335938,-20.223358154296875,17.1733341217041,14.942774772644045,10.210004806518556,7.599674224853516,1.5906624794006348,4.178072929382324,0.7501526474952698,-0.3836773335933685,-1.309778332710266,-2.0369949340820312
gtzan_00942,rock_00042_wav,rock.00042.wav,GTZAN,rock,gtzan,rock.00042.wav,data\raw\gtzan\genres_original\rock\rock.00042.wav,161.4990234375,0.1189985871315002,0.1376552832559938,2794.815528556197,5878.322974822361,-74.15764617919922,76.73171997070312,-3.8050575256347656,28.03116798400879,8.135432243347168,6.0169548988342285,4.302546501159668,0.5089253187179565,2.8486580848693848,-0.9421545267105104,-2.350881099700928,-0.2819550037384033,-1.455036997795105
gtzan_00943,rock_00043_wav,rock.00043.wav,GTZAN,rock,gtzan,rock.00043.wav,data\raw\gtzan\genres_original\rock\rock.00043.wav,89.10290948275862,0.1398583352565765,0.1439568681119489,2739.3914429411548,5326.586687481874,-62.10362243652344,75.87460327148438,-26.72690773010254,18.281869888305664,2.455672025680542,5.829482555389404,11.57897663116455,0.0129803791642189,8.694456100463867,5.511981010437012,-0.2489003688097,2.3993895053863525,-1.743302822113037
gtzan_00944,rock_00044_wav,rock.00044.wav,GTZAN,rock,gtzan,rock.00044.wav,data\raw\gtzan\genres_original\rock\rock.00044.wav,92.28515625,0.1443563103675842,0.068902035600348,1651.4210859526786,3455.029919971723,-118.38877868652344,130.28025817871094,-3.0986406803131104,15.732690811157228,3.9477150440216064,10.670721054077148,6.839071750640869,3.391140937805176,0.7649097442626953,-2.5392608642578125,-3.1020348072052,-2.8652262687683105,-1.6170181035995483
gtzan_00945,rock_00045_wav,rock.00045.wav,GTZAN,rock,gtzan,rock.00045.wav,data\raw\gtzan\genres_original\rock\rock.00045.wav,151.99908088235293,0.0969948023557663,0.0789546627271848,1560.999791662259,3242.912048198231,-172.66830444335938,142.81161499023438,-55.8074836730957,79.35563659667969,-1.8818436861038208,4.808469295501709,0.2397537380456924,-11.508140563964844,-0.2646993100643158,-9.361109733581545,-7.662811756134033,-11.26601791381836,-5.677097797393799
gtzan_00946,rock_00046_wav,rock.00046.wav,GTZAN,rock,gtzan,rock.00046.wav,data\raw\gtzan\genres_original\rock\rock.00046.wav,103.359375,0.1206800043582916,0.1181844547563805,2429.031040621528,5035.530391259425,-83.02229309082031,91.50739288330078,-13.68645477294922,16.1351318359375,10.327317237854004,5.532702922821045,-9.45170783996582,-6.61823034286499,-3.031459093093872,4.936924457550049,2.641906261444092,1.050652265548706,-3.672375440597534
gtzan_00947,rock_00047_wav,rock.00047.wav,GTZAN,rock,gtzan,rock.00047.wav,data\raw\gtzan\genres_original\rock\rock.00047.wav,107.666015625,0.1389689147472381,0.1562231879592034,2997.724318055008,5962.032677457946,-58.28053665161133,62.51570892333984,-12.653743743896484,31.94628524780273,8.123329162597656,2.2665762901306152,3.909531593322754,1.4517309665679932,-2.718959093093872,1.1025569438934326,-0.4594710171222687,-2.3829941749572754,1.2368342876434326
gtzan_00948,rock_00048_wav,rock.00048.wav,GTZAN,rock,gtzan,rock.00048.wav,data\raw\gtzan\genres_original\rock\rock.00048.wav,129.19921875,0.1456114202737808,0.0852528488737432,1646.2120742875447,3183.8414592698664,-93.35513305664062,137.51014709472656,-45.12419509887695,37.83511734008789,-9.430243492126465,12.60779857635498,-7.477382183074951,5.538480758666992,-3.740675449371338,-2.010738134384156,-2.4532086849212646,-9.576945304870604,-3.1661534309387207
gtzan_00949,rock_00049_wav,rock.00049.wav,GTZAN,rock,gtzan,rock.00049.wav,data\raw\gtzan\genres_original\rock\rock.00049.wav,112.34714673913044,0.1010172516107559,0.0913335176189095,2077.9426068946104,4495.809731184745,-142.38595581054688,116.14379119873048,2.241934537887573,31.06363677978516,6.186803817749023,0.1189987286925315,0.3188835680484772,7.794077396392822,3.243815898895264,-3.017302989959717,1.7079137563705444,0.7348631024360657,0.1448868364095688
gtzan_00950,rock_00050_wav,rock.00050.wav,GTZAN,rock,gtzan,rock.00050.wav,data\raw\gtzan\genres_original\rock\rock.00050.wav,123.046875,0.1413021236658096,0.0533034700067672,1721.0884600743702,3811.160455336427,-144.92921447753906,118.45985412597656,20.52532196044922,28.566482543945312,2.356901168823242,10.068705558776855,11.915093421936035,4.848368644714356,-0.0870610550045967,3.29427433013916,3.415107727050781,3.6551239490509033,5.368890762329102
gtzan_00951,rock_00051_wav,rock.00051.wav,GTZAN,rock,gtzan,rock.00051.wav,data\raw\gtzan\genres_original\rock\rock.00051.wav,172.265625,0.1617597937583923,0.1208581061484918,3031.033547083498,6732.67320955989,-66.25296020507812,66.77490997314453,25.188461303710938,26.302621841430664,5.29506254196167,10.453682899475098,2.4647645950317383,0.7481764554977417,-0.3729010224342346,1.727807879447937,3.217984914779663,5.040107250213623,-1.9380593299865725
gtzan_00952,rock_00052_wav,rock.00052.wav,GTZAN,rock,gtzan,rock.00052.wav,data\raw\gtzan\genres_original\rock\rock.00052.wav,129.19921875,0.1133979707956314,0.0885665905355761,2186.622282256858,4462.710550047129,-181.19644165039065,103.43150329589844,9.393625259399414,19.079553604125977,13.766514778137209,-0.5169499516487122,4.39187479019165,-7.613846302032471,-8.117013931274414,-0.1367350071668625,-5.177655220031738,-6.308765411376953,-5.4577507972717285
gtzan_00953,rock_00053_wav,rock.00053.wav,GTZAN,rock,gtzan,rock.00053.wav,data\raw\gtzan\genres_original\rock\rock.00053.wav,117.45383522727272,0.1902275085449218,0.1875475819315545,3361.7232515596666,6920.301850710557,4.113659381866455,52.607852935791016,-11.054241180419922,19.703702926635746,11.282636642456056,7.059860229492188,5.063941955566406,4.562584400177002,0.0280866753309965,5.1574907302856445,3.4070849418640137,1.1723326444625854,0.5823383331298828
gtzan_00954,rock_00054_wav,rock.00054.wav,GTZAN,rock,gtzan,rock.00054.wav,data\raw\gtzan\genres_original\rock\rock.00054.wav,107.666015625,0.0654837861657142,0.1324031443348801,2632.220428269073,5309.858069895592,-156.25491333007812,75.62688446044922,-16.519718170166016,16.34125328063965,5.802772521972656,6.013739585876465,-4.144252777099609,-3.765200138092041,-6.1695075035095215,-8.927266120910645,-4.09503698348999,-2.1989924907684326,-4.644524574279785
gtzan_00955,rock_00055_wav,rock.00055.wav,GTZAN,rock,gtzan,rock.00055.wav,data\raw\gtzan\genres_original\rock\rock.00055.wav,129.19921875,0.147184818983078,0.0665780736417246,1712.3913159202511,3618.6606139428654,-91.87751007080078,129.96360778808594,1.839926481246948,11.62120246887207,3.2252414226531982,-1.9737918376922607,-2.2213590145111084,-0.8553539514541626,-4.343144416809082,-3.542452096939087,-1.552298665046692,-0.5443572998046875,0.4022160172462463
gtzan_00956,rock_00056_wav,rock.00056.wav,GTZAN,rock,gtzan,rock.00056.wav,data\raw\gtzan\genres_original\rock\rock.00056.wav,135.99917763157896,0.1757503598928451,0.1775334735112142,3303.16230950434,6717.201944514936,-7.846319198608398,59.52973937988281,3.6470229625701904,28.992725372314453,4.147531986236572,10.272941589355469,2.5541841983795166,7.595524787902832,-1.4041885137557983,2.967205286026001,4.057470798492432,-0.7476743459701538,1.0662554502487185
gtzan_00957,rock_00057_wav,rock.00057.wav,GTZAN,rock,gtzan,rock.00057.wav,data\raw\gtzan\genres_original\rock\rock.00057.wav,123.046875,0.1226449310779571,0.175070164467324,3488.554942688446,7660.024833236659,-58.55695343017578,64.9080581665039,15.93084716796875,5.427918434143066,7.524633884429932,9.887823104858398,1.5966020822525024,5.354762554168701,-1.238444447517395,-2.0374081134796143,2.4421565532684326,-0.7227545380592346,-0.3107388317584991
gtzan_00958,rock_00058_wav,rock.00058.wav,GTZAN,rock,gtzan,rock.00058.wav,data\raw\gtzan\genres_original\rock\rock.00058.wav,135.99917763157896,0.0874931141734123,0.0989549346239365,2438.007049398,5499.143751812645,-141.97598266601562,96.97872924804688,23.25932502746582,10.460341453552246,6.295157909393311,4.960869312286377,1.064563870429993,1.097262263298035,-4.850176334381104,0.8708907961845398,-3.4576871395111084,-2.00984001159668,-5.899570941925049
gtzan_00959,rock_00059_wav,rock.00059.wav,GTZAN,rock,gtzan,rock.00059.wav,data\raw\gtzan\genres_original\rock\rock.00059.wav,117.45383522727272,0.0512103624641895,0.0865368057569605,2424.136647569096,5643.69765987529,-219.1385040283203,94.37486267089844,42.79938888549805,16.122365951538086,9.510043144226074,12.903564453125,7.734829902648926,2.399282217025757,-1.0276505947113037,-1.96179473400116,-1.9812370538711548,3.1592109203338623,-0.8843564391136169
gtzan_00960,rock_00060_wav,rock.00060.wav,GTZAN,rock,gtzan,rock.00060.wav,data\raw\gtzan\genres_original\rock\rock.00060.wav,89.10290948275862,0.1033264994621276,0.1346440267304717,2796.5121705291363,6203.044677167924,-82.66226959228516,83.51814270019531,-0.5964781045913696,10.499346733093262,10.424860000610352,7.068727016448975,5.0751471519470215,0.0744273215532302,-0.2045397907495498,-0.9293241500854492,-0.0954785048961639,-1.7032337188720703,-1.0227441787719729
gtzan_00961,rock_00061_wav,rock.00061.wav,GTZAN,rock,gtzan,rock.00061.wav,data\raw\gtzan\genres_original\rock\rock.00061.wav,80.74951171875,0.0883533507585525,0.0690549775232018,2071.3773180976523,4685.844828523782,-193.723876953125,98.46675872802734,44.08891677856445,23.78950500488281,12.586642265319824,8.464341163635254,2.172657489776612,-0.3584236800670624,-8.178156852722168,-9.113446235656738,-5.2323899269104,-4.84825611114502,-1.3783491849899292
gtzan_00962,rock_00062_wav,rock.00062.wav,GTZAN,rock,gtzan,rock.00062.wav,data\raw\gtzan\genres_original\rock\rock.00062.wav,123.046875,0.0604832842946052,0.1085215463070378,2947.0945067509,6984.035468931264,-212.3183441162109,65.7469482421875,45.2390022277832,19.75804328918457,11.82595920562744,8.064455032348633,4.427166938781738,4.21471643447876,-2.3213493824005127,-2.2002146244049072,-1.6368215084075928,-4.667688846588135,-3.7233998775482178
gtzan_00963,rock_00063_wav,rock.00063.wav,GTZAN,rock,gtzan,rock.00063.wav,data\raw\gtzan\genres_original\rock\rock.00063.wav,75.99954044117646,0.0530930683016777,0.0558494809793116,1711.0402197518183,3491.6763341067285,-302.8009948730469,116.2570343017578,44.67257308959961,25.954822540283203,18.71371459960937,7.56436014175415,7.338470458984375,4.035091876983643,-4.181307315826416,0.8766515851020813,0.9490008354187012,2.8155667781829834,1.3997374773025513
gtzan_00964,rock_00064_wav,rock.00064.wav,GTZAN,rock,gtzan,rock.00064.wav,data\raw\gtzan\genres_original\rock\rock.00064.wav,151.99908088235293,0.1071058213710784,0.1063697856245166,2181.21508104674,4689.616886147767,-118.77013397216795,104.4413070678711,-29.19000816345215,42.11074447631836,-13.301787376403809,29.06765365600586,-20.87104034423828,21.60806465148925,-24.33490943908692,10.731157302856444,-15.10288429260254,5.9365973472595215,-11.795083999633787
gtzan_00965,rock_00065_wav,rock.00065.wav,GTZAN,rock,gtzan,rock.00065.wav,data\raw\gtzan\genres_original\rock\rock.00065.wav,123.046875,0.1147321537137031,0.1290931790168213,2294.1799286661003,4730.135279963022,-95.21841430664062,103.80914306640624,-37.00714111328125,52.68180084228516,-20.745136260986328,27.57062149047852,-17.52161979675293,24.80140686035156,-11.290413856506348,16.639890670776367,-9.241016387939451,10.179926872253418,-8.779462814331055
gtzan_00966,rock_00066_wav,rock.00066.wav,GTZAN,rock,gtzan,rock.00066.wav,data\raw\gtzan\genres_original\rock\rock.00066.wav,75.99954044117646,0.043010476976633,0.1071465795388631,2209.483104262664,4575.11453650667,-245.0742645263672,95.08673858642578,-21.253005981445312,45.65330123901367,-3.5506207942962646,14.96925926208496,-20.6699447631836,19.526763916015625,-21.70514678955078,7.3207573890686035,-9.284710884094238,0.8070130944252014,-13.011667251586914
gtzan_00967,rock_00067_wav,rock.00067.wav,GTZAN,rock,gtzan,rock.00067.wav,data\raw\gtzan\genres_original\rock\rock.00067.wav,103.359375,0.100266695022583,0.1198856976266434,2414.1524666266187,5213.025270537268,-123.63532257080078,94.74609375,-9.547330856323242,53.261260986328125,-13.755654335021973,17.744606018066406,-19.210248947143555,25.292116165161133,-18.701066970825195,15.393392562866213,-12.507926940917969,9.37904930114746,-11.604130744934082
gtzan_00968,rock_00068_wav,rock.00068.wav,GTZAN,rock,gtzan,rock.00068.wav,data\raw\gtzan\genres_original\rock\rock.00068.wav,123.046875,0.0912129431962966,0.1182750870069605,2467.2846541733365,5402.860523763776,-121.09469604492188,91.7310791015625,-14.718757629394531,52.959842681884766,-11.41107940673828,31.013080596923828,-17.487844467163086,24.189876556396484,-24.77872085571289,17.113906860351562,-15.878265380859377,10.37985610961914,-8.625669479370117
gtzan_00969,rock_00069_wav,rock.00069.wav,GTZAN,rock,gtzan,rock.00069.wav,data\raw\gtzan\genres_original\rock\rock.00069.wav,172.265625,0.0470169559121131,0.137633758096481,2568.419537198972,5364.440493130075,-203.3212432861328,85.39739227294922,-11.569628715515137,54.75181198120117,-11.601974487304688,20.566944122314453,-27.755733489990234,18.865310668945312,-31.64057350158692,10.687629699707031,-11.921196937561035,4.130110740661621,-3.9905505180358887
gtzan_00970,rock_00070_wav,rock.00070.wav,GTZAN,rock,gtzan,rock.00070.wav,data\raw\gtzan\genres_original\rock\rock.00070.wav,172.265625,0.0541379004716873,0.1391189941028615,2511.6038995554068,5129.515412014212,-202.1905059814453,75.24043273925781,-14.231189727783203,66.31370544433594,-8.296059608459473,24.382715225219727,-16.237529754638672,17.131715774536133,-21.28347969055176,3.971213579177856,-19.755735397338867,0.484813392162323,-4.507318019866943
gtzan_00971,rock_00071_wav,rock.00071.wav,GTZAN,rock,gtzan,rock.00071.wav,data\raw\gtzan\genres_original\rock\rock.00071.wav,112.34714673913044,0.1610425561666488,0.0908036965873936,2025.1566621224267,4571.101000580046,-79.77385711669922,109.91620635986328,-17.1200008392334,47.1941032409668,-11.917439460754396,33.3115348815918,-11.698196411132812,23.62798118591309,-13.662324905395508,18.43842506408692,-6.940276145935059,13.03133487701416,-11.585789680480955
gtzan_00972,rock_00072_wav,rock.00072.wav,GTZAN,rock,gtzan,rock.00072.wav,data\raw\gtzan\genres_original\rock\rock.00072.wav,103.359375,0.1654650568962097,0.081701575188515,1933.3485732197407,4359.69923687645,-95.34222412109376,112.45150756835938,-2.0791537761688232,47.04607009887695,-10.372159004211426,29.7873592376709,-15.109572410583496,20.19378471374512,-12.66992473602295,16.498878479003906,-7.8627028465271,11.873173713684082,-11.193713188171388
gtzan_00973,rock_00073_wav,rock.00073.wav,GTZAN,rock,gtzan,rock.00073.wav,data\raw\gtzan\genres_original\rock\rock.00073.wav,95.703125,0.169360265135765,0.1100203771510054,2223.937480185976,4917.43917443083,-61.66534805297852,103.5705108642578,-16.919374465942383,49.25115585327149,-14.82153034210205,31.695236206054688,-17.21596908569336,24.62058448791504,-14.488048553466797,18.022090911865234,-11.675249099731444,11.473424911499023,-9.82712459564209
gtzan_00974,rock_00074_wav,rock.00074.wav,GTZAN,rock,gtzan,rock.00074.wav,data\raw\gtzan\genres_original\rock\rock.00074.wav,112.34714673913044,0.1538782268762588,0.0911409240864269,2140.28934341281,4831.439591339182,-83.33853149414062,103.88961029052734,-13.957626342773438,56.89555358886719,-14.430039405822754,32.19624328613281,-14.127815246582031,19.16275787353516,-9.334484100341797,13.170979499816896,-11.711215019226074,8.413893699645996,-9.387063026428224
gtzan_00975,rock_00075_wav,rock.00075.wav,GTZAN,rock,gtzan,rock.00075.wav,data\raw\gtzan\genres_original\rock\rock.00075.wav,117.45383522727272,0.1269348263740539,0.1115173198230858,2301.799132172464,5092.402694949971,-113.62223052978516,94.92951202392578,-4.112512588500977,51.76709365844727,-13.76554012298584,34.333858489990234,-17.59123992919922,22.53288078308105,-12.39316749572754,17.19369125366211,-9.221487998962402,9.966312408447266,-13.465614318847656
gtzan_00976,rock_00076_wav,rock.00076.wav,GTZAN,rock,gtzan,rock.00076.wav,data\raw\gtzan\genres_original\rock\rock.00076.wav,95.703125,0.1458403617143631,0.0711806814336813,1659.5793609914592,3580.1906222810326,-132.35986328125,124.67930603027344,-9.692184448242188,46.44977188110352,-6.306234836578369,30.53589630126953,-11.143628120422363,20.407442092895508,-11.21702480316162,9.374005317687988,-5.829392433166504,7.81775426864624,-8.729966163635254
gtzan_00977,rock_00077_wav,rock.00077.wav,GTZAN,rock,gtzan,rock.00077.wav,data\raw\gtzan\genres_original\rock\rock.00077.wav,107.666015625,0.128745749592781,0.1062376135924207,2187.9774769670653,4993.946162177349,-103.92620086669922,101.8970184326172,-10.333826065063477,43.66537857055664,-11.502655029296877,26.93930053710937,-9.989594459533691,25.012075424194336,-14.20889949798584,19.70700454711914,-10.527982711791992,12.671107292175291,-12.68239402770996
gtzan_00978,rock_00078_wav,rock.00078.wav,GTZAN,rock,gtzan,rock.00078.wav,data\raw\gtzan\genres_original\rock\rock.00078.wav,99.38401442307692,0.1444203704595565,0.0717101248308198,1878.5499522328,4287.030921458092,-131.03684997558594,110.95928955078124,-2.090045690536499,41.79463958740234,-3.181393623352051,34.660194396972656,-17.58405876159668,19.866209030151367,-9.130135536193848,14.881084442138672,-6.831485748291016,9.200371742248535,-6.958526134490967
gtzan_00979,rock_00079_wav,rock.00079.wav,GTZAN,rock,gtzan,rock.00079.wav,data\raw\gtzan\genres_original\rock\rock.00079.wav,123.046875,0.1167237982153892,0.1091057466889017,2148.4104634928817,4479.264304034948,-91.36003112792967,112.10653686523438,-27.33547782897949,47.97821807861328,-19.59246253967285,27.710073471069336,-18.5474853515625,17.426401138305664,-13.1589994430542,14.412482261657717,-15.208943367004396,11.531826972961426,-12.57955837249756
gtzan_00980,rock_00080_wav,rock.00080.wav,GTZAN,rock,gtzan,rock.00080.wav,data\raw\gtzan\genres_original\rock\rock.00080.wav,117.45383522727272,0.1043839454650878,0.1496727420485305,2606.182823508925,5339.410018035818,-87.93524169921875,93.54093933105467,-23.228315353393555,48.12937545776367,-21.44428825378418,27.764522552490234,-20.34132194519043,18.75678253173828,-15.220048904418944,16.141910552978516,-21.414989471435547,10.870141983032228,-12.02743434906006
gtzan_00981,rock_00081_wav,rock.00081.wav,GTZAN,rock,gtzan,rock.00081.wav,data\raw\gtzan\genres_original\rock\rock.00081.wav,117.45383522727272,0.0936679393053054,0.1361319061774942,2553.5270513645432,5123.411839744054,-121.42923736572266,89.53305053710938,-33.49178695678711,41.95674514770508,-25.946231842041016,23.03827667236328,-20.25088119506836,14.371906280517578,-16.334674835205078,17.049949645996094,-16.959684371948242,9.146635055541992,-10.105939865112305
gtzan_00982,rock_00082_wav,rock.00082.wav,GTZAN,rock,gtzan,rock.00082.wav,data\raw\gtzan\genres_original\rock\rock.00082.wav,99.38401442307692,0.0933402702212333,0.1837123271945089,2975.8049828513485,5926.577001160093,-95.40745544433594,78.32220458984375,-26.20814514160156,44.2337532043457,-22.456995010375977,29.73849296569824,-21.565364837646484,23.943618774414062,-16.56526756286621,20.46426010131836,-19.62213516235352,13.875713348388672,-12.617700576782228
gtzan_00983,rock_00083_wav,rock.00083.wav,GTZAN,rock,gtzan,rock.00083.wav,data\raw\gtzan\genres_original\rock\rock.00083.wav,123.046875,0.1017275154590606,0.092788920509474,2116.2405499597658,4690.041554886891,-119.11598205566406,107.41968536376952,-10.9631986618042,58.54691696166992,-12.912313461303713,26.82684326171875,-17.630456924438477,19.362966537475582,-15.589882850646973,13.559530258178713,-16.665264129638672,11.856938362121582,-12.183960914611816
gtzan_00984,rock_00084_wav,rock.00084.wav,GTZAN,rock,gtzan,rock.00084.wav,data\raw\gtzan\genres_original\rock\rock.00084.wav,129.19921875,0.1068864613771438,0.1392005631283836,2581.4688400794225,5390.270344674449,-94.23828887939452,91.88724517822266,-17.597841262817383,45.52843475341797,-15.696354866027832,32.63811111450195,-18.00921058654785,21.57048416137696,-15.722556114196776,16.80390739440918,-18.28955078125,13.33776569366455,-15.457866668701172
gtzan_00985,rock_00085_wav,rock.00085.wav,GTZAN,rock,gtzan,rock.00085.wav,data\raw\gtzan\genres_original\rock\rock.00085.wav,184.5703125,0.0630061626434326,0.1209770609773781,2255.709363679899,4508.474851816271,-185.48324584960932,98.93487548828124,-36.44368743896485,44.42976379394531,-17.749235153198242,21.29684257507324,-20.288938522338867,13.789443016052246,-15.501606941223145,11.03582000732422,-16.785043716430664,2.335472583770752,-12.62674617767334
gtzan_00986,rock_00086_wav,rock.00086.wav,GTZAN,rock,gtzan,rock.00086.wav,data\raw\gtzan\genres_original\rock\rock.00086.wav,129.19921875,0.0762890949845314,0.1462815853393271,2521.2287252293986,4830.457024452581,-160.12548828125,88.7306900024414,-35.470550537109375,47.49136734008789,-12.599652290344238,17.294118881225586,-19.13730812072754,14.594136238098145,-20.37380027770996,11.09491729736328,-11.138630867004396,7.6935648918151855,-9.857305526733398
gtzan_00987,rock_00087_wav,rock.00087.wav,GTZAN,rock,gtzan,rock.00087.wav,data\raw\gtzan\genres_original\rock\rock.00087.wav,129.19921875,0.1658434718847274,0.1285531618571152,2334.498686202529,4818.974314820186,-42.63793182373047,102.98484802246094,-36.87581634521485,44.521514892578125,-11.997718811035156,25.57494163513184,-22.66596794128418,28.34271049499512,-19.27147674560547,21.48001480102539,-15.25805377960205,11.749435424804688,-11.577686309814451
gtzan_00988,rock_00088_wav,rock.00088.wav,GTZAN,rock,gtzan,rock.00088.wav,data\raw\gtzan\genres_original\rock\rock.00088.wav,92.28515625,0.0895827263593673,0.1617226773975251,2590.730305970991,4889.402710810615,-117.9446029663086,84.05170440673828,-50.2632064819336,46.04820251464844,-17.69472312927246,20.85264778137207,-21.63174819946289,16.669790267944336,-12.948232650756836,12.83205223083496,-13.078577041625977,11.30333137512207,-12.595672607421877
gtzan_00989,rock_00089_wav,rock.00089.wav,GTZAN,rock,gtzan,rock.00089.wav,data\raw\gtzan\genres_original\rock\rock.00089.wav,107.666015625,0.1052309349179267,0.0732565376063418,1609.7388932606375,3380.229934019721,-156.28372192382812,130.7914276123047,-25.243066787719727,43.490840911865234,-12.144820213317873,25.385927200317383,-7.945211410522461,17.611833572387695,-8.625636100769043,9.563426971435549,-8.361637115478516,5.762592315673828,-7.044095516204834
gtzan_00990,rock_00090_wav,rock.00090.wav,GTZAN,rock,gtzan,rock.00090.wav,data\raw\gtzan\genres_original\rock\rock.00090.wav,123.046875,0.1547237634658813,0.1206360571345707,2495.723201525459,5213.208460973753,-88.98157501220703,86.208251953125,-24.397998809814453,47.08424758911133,-33.65226745605469,29.4502182006836,-19.74358367919922,21.62602424621582,-16.73943519592285,6.527689456939697,-13.38411808013916,7.481564044952393,-12.840420722961426
gtzan_00991,rock_00091_wav,rock.00091.wav,GTZAN,rock,gtzan,rock.00091.wav,data\raw\gtzan\genres_original\rock\rock.00091.wav,143.5546875,0.1082835793495178,0.1501345888921113,2474.2574228047565,4754.174861332656,-74.27574157714844,100.12572479248048,-47.36396789550781,49.61734771728516,-18.41378402709961,24.61634826660156,-15.919292449951172,23.89603805541992,-22.83534240722656,23.332420349121094,-16.944992065429688,14.93431568145752,-11.496363639831545
gtzan_00992,rock_00092_wav,rock.00092.wav,GTZAN,rock,gtzan,rock.00092.wav,data\raw\gtzan\genres_original\rock\rock.00092.wav,129.19921875,0.1069129779934883,0.1509385724816318,2471.353262989943,4687.127161579177,-70.07804870605469,94.17369842529295,-50.334228515625,46.96176528930664,-16.11083984375,19.991676330566406,-23.95548820495605,16.349712371826172,-22.18329429626465,14.42868709564209,-20.08934783935547,12.140612602233888,-14.777017593383787
gtzan_00993,rock_00093_wav,rock.00093.wav,GTZAN,rock,gtzan,rock.00093.wav,data\raw\gtzan\genres_original\rock\rock.00093.wav,103.359375,0.1057792454957962,0.0983208865042536,1939.7208381111168,3748.509326058585,-114.75440979003906,119.28787231445312,-50.736270904541016,42.61271286010742,-6.700479507446289,19.69576644897461,-16.883298873901367,19.38483047485352,-17.40547752380371,17.29852294921875,-10.864877700805664,6.6548943519592285,-15.763324737548828
gtzan_00994,rock_00094_wav,rock.00094.wav,GTZAN,rock,gtzan,rock.00094.wav,data\raw\gtzan\genres_original\rock\rock.00094.wav,112.34714673913044,0.101960077881813,0.1466494012229311,2628.8637875540994,5085.87445394069,-90.20984649658205,80.06608581542969,-46.36023712158203,56.05372619628906,-8.083481788635254,27.47997093200684,-17.327835083007812,22.96086883544922,-17.59361457824707,18.40865135192871,-17.42961883544922,7.6587958335876465,-19.29119873046875
gtzan_00995,rock_00095_wav,rock.00095.wav,GTZAN,rock,gtzan,rock.00095.wav,data\raw\gtzan\genres_original\rock\rock.00095.wav,103.359375,0.0794857963919639,0.0892274506960556,2008.149458480015,4253.557032609484,-153.64096069335938,109.8646469116211,-23.06569480895996,59.05012512207031,-7.4758734703063965,19.726795196533203,-16.484838485717773,18.06643867492676,-22.20200538635254,15.409106254577637,-12.372051239013672,12.348828315734863,-12.297895431518556
gtzan_00996,rock_00096_wav,rock.00096.wav,GTZAN,rock,gtzan,rock.00096.wav,data\raw\gtzan\genres_original\rock\rock.00096.wav,117.45383522727272,0.0764582008123397,0.0976641803219257,2006.8433535794888,4149.338327925609,-142.39202880859375,116.18962860107422,-32.14716720581055,49.11783981323242,-8.37337589263916,22.882061004638672,-18.31598472595215,20.09814643859864,-22.093318939208984,10.798820495605469,-12.979385375976562,14.080058097839355,-16.392993927001953
gtzan_00997,rock_00097_wav,rock.00097.wav,GTZAN,rock,gtzan,rock.00097.wav,data\raw\gtzan\genres_original\rock\rock.00097.wav,129.19921875,0.0816509798169136,0.1218225843484145,2077.526598273495,4031.405321019432,-124.9522705078125,115.17715454101562,-47.97515106201172,52.814674377441406,-13.48480987548828,21.742351531982425,-12.40749168395996,20.122041702270508,-18.36375617980957,10.12038230895996,-16.03761100769043,10.474113464355469,-17.947059631347656
gtzan_00998,rock_00098_wav,rock.00098.wav,GTZAN,rock,gtzan,rock.00098.wav,data\raw\gtzan\genres_original\rock\rock.00098.wav,73.828125,0.0838599354028701,0.0487242755462103,1398.6993438688792,3015.631004386601,-225.0077514648437,123.6467514038086,-9.72417449951172,56.60516357421875,10.43649959564209,20.62228012084961,-10.25369644165039,15.561656951904297,-8.227290153503418,12.800151824951172,-9.001975059509277,7.682844638824463,-10.07073211669922
gtzan_00999,rock_00099_wav,rock.00099.wav,GTZAN,rock,gtzan,rock.00099.wav,data\raw\gtzan\genres_original\rock\rock.00099.wav,123.046875,0.0544540286064147,0.0763048023008507,1609.7950823242534,3246.9089304488107,-235.16197204589844,123.87010955810548,-22.53839492797852,52.93974304199219,-1.444669246673584,24.641056060791016,-7.073816776275635,14.880081176757812,-12.769978523254396,16.712587356567383,-2.93696665763855,10.076435089111328,-15.024691581726074
